time,open,high,low,close,volume,spread
2026-03-23 00:00:00,3125.0,3125.31,3124.82,3125.11,30,25.5
2026-03-23 00:01:00,3125.11,3125.56,3124.34,3124.95,73,27.7
2026-03-23 00:02:00,3124.95,3124.96,3124.8,3124.86,107,26.4
2026-03-23 00:03:00,3124.86,3125.03,3124.81,3124.99,59,26.3
2026-03-23 00:04:00,3124.99,3125.2,3124.71,3124.79,29,26.4
2026-03-23 00:05:00,3124.79,3124.81,3124.7,3124.72,116,24.0
2026-03-23 00:06:00,3124.72,3124.76,3124.43,3124.47,96,26.6
2026-03-23 00:07:00,3124.47,3124.79,3124.43,3124.69,42,27.5
2026-03-23 00:08:00,3124.69,3124.92,3124.63,3124.77,33,20.9
2026-03-23 00:09:00,3124.77,3124.84,3124.73,3124.81,1160,26.0
2026-03-23 00:10:00,3124.81,3125.11,3124.74,3125.01,45,21.1
2026-03-23 00:11:00,3125.01,3125.09,3124.67,3124.86,47,29.5
2026-03-23 00:12:00,3124.86,3124.89,3124.6,3124.67,45,21.1
2026-03-23 00:13:00,3124.67,3124.67,3124.42,3124.48,27,27.8
2026-03-23 00:14:00,3124.48,3124.8,3124.42,3124.77,35,23.6
2026-03-23 00:15:00,3124.77,3124.78,3124.74,3124.76,41,24.9
2026-03-23 00:16:00,3124.76,3125.04,3124.63,3124.86,121,29.5
2026-03-23 00:17:00,3124.86,3125.16,3124.8,3125.04,81,22.0
2026-03-23 00:18:00,3125.04,3125.06,3125.03,3125.05,25,24.5
2026-03-23 00:19:00,3125.05,3125.18,3125.01,3125.12,34,26.3
2026-03-23 00:20:00,3125.12,3125.29,3124.8,3124.95,56,22.8
2026-03-23 00:21:00,3124.95,3124.98,3124.93,3124.98,79,28.1
2026-03-23 00:22:00,3124.98,3125.22,3124.85,3125.2,127,28.6
2026-03-23 00:23:00,3125.2,3125.32,3125.18,3125.29,60,22.5
2026-03-23 00:24:00,3125.29,3125.58,3125.1,3125.54,94,28.7
2026-03-23 00:25:00,3125.54,3126.06,3125.49,3125.68,87,29.7
2026-03-23 00:26:00,3125.68,3125.79,3125.66,3125.77,125,28.6
2026-03-23 00:27:00,3125.77,3126.14,3125.46,3125.73,116,24.2
2026-03-23 00:28:00,3125.73,3125.77,3125.68,3125.76,31,21.9
2026-03-23 00:29:00,3125.76,3125.87,3125.53,3125.82,35,25.0
2026-03-23 00:30:00,3125.82,3126.29,3125.74,3126.11,99,20.7
2026-03-23 00:31:00,3126.11,3126.33,3126.06,3126.25,144,26.2
2026-03-23 00:32:00,3126.25,3126.26,3126.2,3126.22,143,26.7
2026-03-23 00:33:00,3126.22,3126.48,3126.11,3126.34,34,20.7
2026-03-23 00:34:00,3126.34,3126.46,3126.33,3126.45,81,25.1
2026-03-23 00:35:00,3126.45,3126.75,3126.35,3126.56,26,27.0
2026-03-23 00:36:00,3126.56,3126.73,3126.33,3126.64,120,25.5
2026-03-23 00:37:00,3126.64,3126.72,3126.6,3126.63,106,22.7
2026-03-23 00:38:00,3126.63,3126.65,3126.62,3126.64,120,25.1
2026-03-23 00:39:00,3126.64,3127.12,3126.56,3126.98,79,26.4
2026-03-23 00:40:00,3126.98,3127.22,3126.95,3127.21,95,21.1
2026-03-23 00:41:00,3127.21,3127.27,3127.08,3127.15,135,21.3
2026-03-23 00:42:00,3127.15,3127.19,3126.99,3127.07,149,23.6
2026-03-23 00:43:00,3127.07,3127.38,3126.42,3126.88,128,21.5
2026-03-23 00:44:00,3126.88,3127.16,3126.74,3127.04,119,24.1
2026-03-23 00:45:00,3127.04,3127.41,3126.81,3127.37,134,22.7
2026-03-23 00:46:00,3127.37,3127.77,3127.31,3127.5,109,22.0
2026-03-23 00:47:00,3127.5,3127.73,3127.36,3127.45,107,23.3
2026-03-23 00:48:00,3127.45,3127.57,3127.44,3127.54,99,26.8
2026-03-23 00:49:00,3127.54,3127.56,3127.4,3127.44,65,22.7
2026-03-23 00:50:00,3127.44,3127.7,3127.4,3127.69,91,29.8
2026-03-23 00:51:00,3127.69,3128.13,3127.55,3127.92,71,25.4
2026-03-23 00:52:00,3127.92,3128.15,3127.76,3128.12,89,29.5
2026-03-23 00:53:00,3128.12,3128.15,3128.02,3128.03,78,24.1
2026-03-23 00:54:00,3128.03,3128.1,3127.95,3128.05,63,23.8
2026-03-23 00:55:00,3128.05,3128.13,3127.89,3127.97,81,24.3
2026-03-23 00:56:00,3127.97,3128.25,3127.92,3128.09,109,25.1
2026-03-23 00:57:00,3128.09,3128.31,3127.47,3127.74,53,23.4
2026-03-23 00:58:00,3127.74,3128.4,3127.63,3128.16,138,21.5
2026-03-23 00:59:00,3128.16,3128.42,3128.12,3128.3,108,21.9
2026-03-23 01:00:00,3128.3,3128.58,3128.11,3128.52,114,28.9
2026-03-23 01:01:00,3128.52,3128.6,3128.23,3128.29,127,20.5
2026-03-23 01:02:00,3128.29,3128.37,3127.97,3128.18,139,25.3
2026-03-23 01:03:00,3128.18,3128.27,3128.05,3128.15,85,28.3
2026-03-23 01:04:00,3128.15,3128.35,3128.1,3128.23,81,27.5
2026-03-23 01:05:00,3128.23,3128.25,3128.1,3128.14,42,22.9
2026-03-23 01:06:00,3128.14,3128.25,3128.1,3128.21,32,23.8
2026-03-23 01:07:00,3128.21,3128.54,3128.01,3128.31,134,24.2
2026-03-23 01:08:00,3128.31,3128.37,3127.8,3127.97,131,25.8
2026-03-23 01:09:00,3127.97,3128.13,3127.95,3128.04,53,27.5
2026-03-23 01:10:00,3128.04,3128.2,3127.63,3127.88,142,24.9
2026-03-23 01:11:00,3127.88,3128.07,3127.85,3128.04,28,26.2
2026-03-23 01:12:00,3128.04,3128.14,3128.01,3128.12,68,24.3
2026-03-23 01:13:00,3128.12,3128.26,3128.0,3128.06,35,23.8
2026-03-23 01:14:00,3128.06,3128.44,3127.93,3128.43,30,27.5
2026-03-23 01:15:00,3128.43,3128.56,3128.42,3128.56,41,29.5
2026-03-23 01:16:00,3128.56,3128.77,3128.51,3128.73,148,21.1
2026-03-23 01:17:00,3128.73,3128.93,3128.66,3128.69,28,21.1
2026-03-23 01:18:00,3128.69,3128.92,3128.48,3128.83,131,25.8
2026-03-23 01:19:00,3128.83,3128.99,3128.62,3128.76,40,21.0
2026-03-23 01:20:00,3128.76,3128.97,3128.65,3128.96,26,25.7
2026-03-23 01:21:00,3128.96,3129.06,3128.94,3129.02,131,28.2
2026-03-23 01:22:00,3129.02,3129.24,3128.88,3129.11,124,21.5
2026-03-23 01:23:00,3129.11,3129.36,3128.94,3129.29,131,24.4
2026-03-23 01:24:00,3129.29,3129.4,3129.0,3129.07,88,22.8
2026-03-23 01:25:00,3129.07,3129.22,3129.05,3129.16,137,21.8
2026-03-23 01:26:00,3129.16,3129.18,3128.97,3129.0,96,28.8
2026-03-23 01:27:00,3129.0,3129.07,3128.82,3128.96,36,26.9
2026-03-23 01:28:00,3128.96,3129.02,3128.94,3128.98,120,24.0
2026-03-23 01:29:00,3128.98,3129.27,3128.95,3129.22,117,23.5
2026-03-23 01:30:00,3129.22,3129.24,3128.92,3128.98,117,21.2
2026-03-23 01:31:00,3128.98,3129.09,3128.81,3128.94,62,27.6
2026-03-23 01:32:00,3128.94,3129.26,3128.89,3129.14,114,21.8
2026-03-23 01:33:00,3129.14,3129.19,3129.14,3129.17,61,26.4
2026-03-23 01:34:00,3129.17,3129.41,3128.9,3129.2,76,24.4
2026-03-23 01:35:00,3129.2,3129.29,3129.08,3129.26,146,25.8
2026-03-23 01:36:00,3129.26,3129.64,3129.22,3129.46,91,29.9
2026-03-23 01:37:00,3129.46,3129.73,3129.42,3129.65,97,29.1
2026-03-23 01:38:00,3129.65,3129.66,3129.62,3129.64,45,26.1
2026-03-23 01:39:00,3129.64,3129.69,3129.18,3129.29,85,25.5
2026-03-23 01:40:00,3129.29,3129.35,3129.14,3129.25,125,22.3
2026-03-23 01:41:00,3129.25,3129.29,3129.0,3129.03,53,25.9
2026-03-23 01:42:00,3129.03,3129.09,3129.01,3129.08,97,29.1
2026-03-23 01:43:00,3129.08,3129.1,3128.99,3129.04,59,24.4
2026-03-23 01:44:00,3129.04,3129.12,3129.02,3129.09,36,24.9
2026-03-23 01:45:00,3129.09,3129.31,3129.09,3129.13,122,26.7
2026-03-23 01:46:00,3129.13,3129.51,3128.99,3129.38,48,22.7
2026-03-23 01:47:00,3129.38,3129.74,3129.28,3129.46,77,24.4
2026-03-23 01:48:00,3129.46,3129.62,3129.31,3129.56,129,26.7
2026-03-23 01:49:00,3129.56,3129.57,3129.46,3129.47,123,20.4
2026-03-23 01:50:00,3129.47,3129.79,3129.44,3129.7,71,25.1
2026-03-23 01:51:00,3129.7,3129.79,3129.68,3129.79,41,25.0
2026-03-23 01:52:00,3129.79,3130.21,3129.68,3129.86,45,24.4
2026-03-23 01:53:00,3129.86,3129.91,3129.8,3129.89,39,20.1
2026-03-23 01:54:00,3129.89,3130.21,3129.83,3130.07,131,21.2
2026-03-23 01:55:00,3130.07,3130.08,3130.0,3130.02,101,24.7
2026-03-23 01:56:00,3130.02,3130.32,3129.8,3130.2,89,28.8
2026-03-23 01:57:00,3130.2,3130.37,3130.11,3130.2,109,20.0
2026-03-23 01:58:00,3130.2,3130.26,3130.11,3130.17,66,21.5
2026-03-23 01:59:00,3130.17,3130.26,3130.12,3130.23,77,29.8
2026-03-23 02:00:00,3130.23,3130.31,3130.18,3130.26,44,27.4
2026-03-23 02:01:00,3130.26,3130.33,3129.94,3130.09,136,20.4
2026-03-23 02:02:00,3130.09,3130.28,3130.04,3130.21,34,21.0
2026-03-23 02:03:00,3130.21,3130.36,3130.17,3130.3,134,29.7
2026-03-23 02:04:00,3130.3,3130.47,3129.91,3130.03,94,26.7
2026-03-23 02:05:00,3130.03,3130.2,3129.91,3130.05,120,20.7
2026-03-23 02:06:00,3130.05,3130.18,3130.04,3130.17,28,29.8
2026-03-23 02:07:00,3130.17,3130.2,3130.02,3130.03,92,28.0
2026-03-23 02:08:00,3130.03,3130.25,3129.93,3130.17,88,26.8
2026-03-23 02:09:00,3130.17,3130.4,3130.14,3130.35,26,21.4
2026-03-23 02:10:00,3130.35,3130.44,3130.33,3130.41,63,24.7
2026-03-23 02:11:00,3130.41,3130.82,3130.38,3130.69,74,24.2
2026-03-23 02:12:00,3130.69,3130.72,3130.68,3130.69,131,21.1
2026-03-23 02:13:00,3130.69,3131.02,3130.57,3130.88,31,22.7
2026-03-23 02:14:00,3130.88,3131.22,3130.68,3131.14,53,27.5
2026-03-23 02:15:00,3131.14,3131.27,3130.8,3130.96,132,26.2
2026-03-23 02:16:00,3130.96,3131.04,3130.89,3131.03,41,21.0
2026-03-23 02:17:00,3131.03,3131.14,3131.0,3131.09,94,23.0
2026-03-23 02:18:00,3131.09,3131.12,3131.04,3131.07,148,23.7
2026-03-23 02:19:00,3131.07,3131.18,3131.0,3131.17,43,27.5
2026-03-23 02:20:00,3131.17,3131.22,3131.13,3131.17,36,22.3
2026-03-23 02:21:00,3131.17,3131.22,3130.96,3131.07,111,20.1
2026-03-23 02:22:00,3131.07,3131.15,3130.99,3131.07,145,23.8
2026-03-23 02:23:00,3131.07,3131.07,3131.03,3131.06,141,29.2
2026-03-23 02:24:00,3131.06,3131.25,3131.06,3131.19,55,26.5
2026-03-23 02:25:00,3131.19,3131.42,3131.11,3131.32,146,21.4
2026-03-23 02:26:00,3131.32,3131.53,3131.24,3131.38,145,25.9
2026-03-23 02:27:00,3131.38,3131.43,3131.02,3131.17,134,20.3
2026-03-23 02:28:00,3131.17,3131.18,3130.99,3131.05,148,29.8
2026-03-23 02:29:00,3131.05,3131.54,3130.94,3131.39,101,28.5
2026-03-23 02:30:00,3131.39,3131.43,3131.02,3131.26,95,20.5
2026-03-23 02:31:00,3131.26,3131.91,3131.2,3131.75,140,22.2
2026-03-23 02:32:00,3131.75,3132.55,3131.72,3132.29,135,22.8
2026-03-23 02:33:00,3132.29,3132.4,3132.23,3132.34,47,20.1
2026-03-23 02:34:00,3132.34,3132.39,3132.34,3132.38,100,21.3
2026-03-23 02:35:00,3132.38,3132.39,3132.01,3132.36,135,25.0
2026-03-23 02:36:00,3132.36,3133.0,3131.84,3132.28,38,23.0
2026-03-23 02:37:00,3132.28,3132.28,3132.17,3132.19,33,29.1
2026-03-23 02:38:00,3132.19,3132.27,3131.88,3131.93,89,26.2
2026-03-23 02:39:00,3131.93,3132.1,3131.6,3131.76,123,21.0
2026-03-23 02:40:00,3131.76,3131.89,3131.33,3131.42,118,28.7
2026-03-23 02:41:00,3131.42,3131.57,3131.4,3131.5,143,24.3
2026-03-23 02:42:00,3131.5,3131.67,3131.48,3131.58,32,20.9
2026-03-23 02:43:00,3131.58,3131.62,3131.56,3131.61,110,25.6
2026-03-23 02:44:00,3131.61,3131.62,3131.59,3131.59,89,24.2
2026-03-23 02:45:00,3131.59,3131.6,3131.46,3131.52,72,26.6
2026-03-23 02:46:00,3131.52,3131.59,3131.4,3131.48,111,22.8
2026-03-23 02:47:00,3131.48,3131.95,3131.4,3131.59,48,20.3
2026-03-23 02:48:00,3131.59,3131.66,3131.56,3131.65,33,27.6
2026-03-23 02:49:00,3131.65,3131.68,3131.52,3131.53,78,26.3
2026-03-23 02:50:00,3131.53,3131.74,3131.01,3131.43,44,21.6
2026-03-23 02:51:00,3131.43,3131.55,3131.33,3131.5,87,26.2
2026-03-23 02:52:00,3131.5,3131.5,3131.43,3131.48,100,24.1
2026-03-23 02:53:00,3131.48,3131.62,3131.45,3131.6,25,26.7
2026-03-23 02:54:00,3131.6,3131.61,3131.54,3131.57,80,29.5
2026-03-23 02:55:00,3131.57,3131.69,3131.01,3131.26,128,23.8
2026-03-23 02:56:00,3131.26,3131.27,3131.17,3131.2,79,24.0
2026-03-23 02:57:00,3131.2,3131.22,3130.98,3130.99,66,27.1
2026-03-23 02:58:00,3130.99,3131.05,3130.69,3130.71,80,29.5
2026-03-23 02:59:00,3130.71,3130.74,3130.69,3130.71,67,25.2
2026-03-23 03:00:00,3130.71,3130.77,3130.5,3130.53,147,20.8
2026-03-23 03:01:00,3130.53,3130.55,3130.32,3130.34,102,28.2
2026-03-23 03:02:00,3130.34,3130.73,3130.23,3130.61,99,27.6
2026-03-23 03:03:00,3130.61,3130.84,3130.53,3130.73,135,29.2
2026-03-23 03:04:00,3130.73,3130.87,3130.38,3130.52,70,23.2
2026-03-23 03:05:00,3130.52,3130.53,3130.46,3130.52,34,23.1
2026-03-23 03:06:00,3130.52,3130.71,3130.44,3130.64,119,29.8
2026-03-23 03:07:00,3130.64,3130.87,3130.57,3130.69,85,24.5
2026-03-23 03:08:00,3130.69,3130.97,3130.39,3130.43,107,29.6
2026-03-23 03:09:00,3130.43,3130.56,3130.38,3130.5,45,22.5
2026-03-23 03:10:00,3130.5,3130.51,3130.14,3130.3,67,29.2
2026-03-23 03:11:00,3130.3,3130.53,3130.17,3130.46,109,20.9
2026-03-23 03:12:00,3130.46,3130.66,3130.42,3130.49,108,26.0
2026-03-23 03:13:00,3130.49,3130.68,3130.46,3130.54,73,23.9
2026-03-23 03:14:00,3130.54,3131.2,3130.19,3130.7,36,23.3
2026-03-23 03:15:00,3130.7,3130.91,3130.68,3130.86,52,24.2
2026-03-23 03:16:00,3130.86,3131.13,3130.79,3131.1,89,27.7
2026-03-23 03:17:00,3131.1,3131.76,3130.95,3131.74,123,28.4
2026-03-23 03:18:00,3131.74,3131.91,3131.61,3131.79,117,26.0
2026-03-23 03:19:00,3131.79,3131.91,3131.72,3131.86,61,24.1
2026-03-23 03:20:00,3131.86,3132.26,3131.52,3131.87,49,27.8
2026-03-23 03:21:00,3131.87,3132.28,3131.73,3131.97,73,29.5
2026-03-23 03:22:00,3131.97,3132.16,3131.96,3132.02,86,24.2
2026-03-23 03:23:00,3132.02,3132.14,3131.99,3132.1,61,25.5
2026-03-23 03:24:00,3132.1,3132.12,3131.61,3131.92,129,21.6
2026-03-23 03:25:00,3131.92,3131.97,3131.91,3131.97,55,23.5
2026-03-23 03:26:00,3131.97,3132.0,3131.97,3131.99,43,20.8
2026-03-23 03:27:00,3131.99,3132.33,3131.95,3132.11,115,22.9
2026-03-23 03:28:00,3132.11,3132.14,3132.08,3132.13,102,26.2
2026-03-23 03:29:00,3132.13,3132.14,3132.1,3132.11,78,21.1
2026-03-23 03:30:00,3132.11,3132.48,3132.01,3132.37,98,26.2
2026-03-23 03:31:00,3132.37,3132.55,3132.34,3132.47,78,21.4
2026-03-23 03:32:00,3132.47,3132.68,3131.92,3132.32,89,26.7
2026-03-23 03:33:00,3132.32,3132.37,3132.19,3132.3,57,23.9
2026-03-23 03:34:00,3132.3,3132.41,3132.21,3132.39,121,23.6
2026-03-23 03:35:00,3132.39,3132.54,3132.38,3132.43,124,20.4
2026-03-23 03:36:00,3132.43,3132.47,3132.27,3132.33,29,29.8
2026-03-23 03:37:00,3132.33,3132.34,3132.31,3132.34,90,20.4
2026-03-23 03:38:00,3132.34,3132.38,3132.14,3132.29,31,28.2
2026-03-23 03:39:00,3132.29,3132.3,3132.28,3132.3,120,23.3
2026-03-23 03:40:00,3132.3,3132.35,3132.08,3132.24,59,29.6
2026-03-23 03:41:00,3132.24,3132.34,3132.21,3132.31,94,27.3
2026-03-23 03:42:00,3132.31,3132.38,3132.23,3132.25,81,21.0
2026-03-23 03:43:00,3132.25,3132.48,3131.99,3132.35,60,20.4
2026-03-23 03:44:00,3132.35,3132.64,3132.27,3132.56,45,27.9
2026-03-23 03:45:00,3132.56,3132.76,3132.55,3132.63,33,21.4
2026-03-23 03:46:00,3132.63,3132.64,3132.34,3132.39,72,26.5
2026-03-23 03:47:00,3132.39,3132.79,3132.32,3132.66,108,27.6
2026-03-23 03:48:00,3132.66,3132.88,3132.65,3132.75,124,29.6
2026-03-23 03:49:00,3132.75,3133.0,3132.17,3132.76,87,24.5
2026-03-23 03:50:00,3132.76,3133.06,3132.63,3132.84,148,21.4
2026-03-23 03:51:00,3132.84,3132.88,3132.81,3132.87,139,23.2
2026-03-23 03:52:00,3132.87,3132.89,3132.8,3132.81,50,21.6
2026-03-23 03:53:00,3132.81,3132.86,3132.47,3132.58,84,22.4
2026-03-23 03:54:00,3132.58,3132.64,3132.47,3132.52,92,25.5
2026-03-23 03:55:00,3132.52,3132.54,3132.43,3132.48,34,24.1
2026-03-23 03:56:00,3132.48,3132.62,3132.25,3132.3,148,26.8
2026-03-23 03:57:00,3132.3,3132.89,3132.14,3132.55,63,25.0
2026-03-23 03:58:00,3132.55,3132.85,3132.14,3132.51,57,23.2
2026-03-23 03:59:00,3132.51,3132.56,3132.31,3132.37,36,29.6
2026-03-23 04:00:00,3132.37,3132.58,3132.28,3132.44,132,21.7
2026-03-23 04:01:00,3132.44,3132.46,3132.11,3132.41,123,20.4
2026-03-23 04:02:00,3132.41,3132.5,3132.33,3132.42,62,26.5
2026-03-23 04:03:00,3132.42,3132.48,3132.22,3132.26,83,23.0
2026-03-23 04:04:00,3132.26,3132.3,3132.06,3132.09,116,20.6
2026-03-23 04:05:00,3132.09,3132.19,3132.04,3132.15,90,29.9
2026-03-23 04:06:00,3132.15,3132.16,3132.0,3132.03,74,23.2
2026-03-23 04:07:00,3132.03,3132.5,3131.72,3132.05,144,24.2
2026-03-23 04:08:00,3132.05,3132.11,3132.02,3132.06,27,23.1
2026-03-23 04:09:00,3132.06,3132.09,3131.78,3131.88,31,23.9
2026-03-23 04:10:00,3131.88,3132.12,3131.78,3132.03,80,24.9
2026-03-23 04:11:00,3132.03,3132.07,3131.87,3131.88,31,22.6
2026-03-23 04:12:00,3131.88,3131.95,3131.78,3131.82,104,21.9
2026-03-23 04:13:00,3131.82,3131.99,3131.26,3131.73,68,21.2
2026-03-23 04:14:00,3131.73,3131.78,3131.72,3131.78,116,23.7
2026-03-23 04:15:00,3131.78,3131.94,3131.73,3131.87,66,24.7
2026-03-23 04:16:00,3131.87,3132.03,3131.44,3131.63,90,23.2
2026-03-23 04:17:00,3131.63,3131.75,3131.61,3131.69,111,27.1
2026-03-23 04:18:00,3131.69,3131.87,3131.28,3131.5,58,24.2
2026-03-23 04:19:00,3131.5,3131.91,3131.33,3131.73,99,27.8
2026-03-23 04:20:00,3131.73,3131.81,3131.58,3131.61,98,25.2
2026-03-23 04:21:00,3131.61,3131.64,3131.27,3131.29,113,21.1
2026-03-23 04:22:00,3131.29,3131.49,3130.83,3131.08,91,25.0
2026-03-23 04:23:00,3131.08,3131.18,3130.83,3130.9,47,23.3
2026-03-23 04:24:00,3130.9,3131.12,3130.28,3130.62,58,25.3
2026-03-23 04:25:00,3130.62,3130.66,3130.46,3130.48,149,21.9
2026-03-23 04:26:00,3130.48,3130.53,3130.26,3130.34,144,27.7
2026-03-23 04:27:00,3130.34,3130.41,3130.0,3130.05,150,22.7
2026-03-23 04:28:00,3130.05,3130.07,3129.99,3129.99,143,23.5
2026-03-23 04:29:00,3129.99,3130.01,3129.75,3129.83,144,22.6
2026-03-23 04:30:00,3129.83,3129.96,3129.77,3129.95,53,22.7
2026-03-23 04:31:00,3129.95,3130.12,3129.94,3130.04,123,20.5
2026-03-23 04:32:00,3130.04,3130.2,3129.98,3130.05,108,29.6
2026-03-23 04:33:00,3130.05,3130.1,3129.88,3129.97,36,29.6
2026-03-23 04:34:00,3129.97,3130.0,3129.86,3129.87,132,22.3
2026-03-23 04:35:00,3129.87,3130.18,3129.0,3129.51,144,29.2
2026-03-23 04:36:00,3129.51,3129.55,3129.35,3129.43,67,28.7
2026-03-23 04:37:00,3129.43,3129.48,3129.27,3129.4,133,29.9
2026-03-23 04:38:00,3129.4,3129.5,3129.22,3129.37,26,22.7
2026-03-23 04:39:00,3129.37,3129.49,3129.14,3129.17,134,27.9
2026-03-23 04:40:00,3129.17,3129.19,3128.83,3128.98,86,24.1
2026-03-23 04:41:00,3128.98,3128.99,3128.93,3128.97,147,22.5
2026-03-23 04:42:00,3128.97,3128.99,3128.7,3128.79,84,25.8
2026-03-23 04:43:00,3128.79,3128.9,3128.56,3128.67,64,24.1
2026-03-23 04:44:00,3128.67,3128.79,3128.65,3128.73,83,26.4
2026-03-23 04:45:00,3128.73,3128.78,3128.54,3128.61,93,26.1
2026-03-23 04:46:00,3128.61,3128.7,3128.47,3128.55,92,28.3
2026-03-23 04:47:00,3128.55,3128.56,3128.12,3128.25,89,20.8
2026-03-23 04:48:00,3128.25,3128.41,3128.19,3128.33,87,25.4
2026-03-23 04:49:00,3128.33,3128.66,3128.21,3128.51,83,25.1
2026-03-23 04:50:00,3128.51,3128.52,3128.38,3128.38,52,25.6
2026-03-23 04:51:00,3128.38,3128.39,3128.06,3128.19,144,20.5
2026-03-23 04:52:00,3128.19,3128.2,3127.93,3128.0,118,29.9
2026-03-23 04:53:00,3128.0,3128.22,3127.29,3127.95,141,24.2
2026-03-23 04:54:00,3127.95,3128.27,3127.94,3128.17,93,20.8
2026-03-23 04:55:00,3128.17,3128.57,3127.55,3128.03,150,21.3
2026-03-23 04:56:00,3128.03,3128.1,3127.66,3127.78,60,26.7
2026-03-23 04:57:00,3127.78,3127.79,3127.48,3127.66,103,28.8
2026-03-23 04:58:00,3127.66,3127.69,3127.65,3127.69,115,28.8
2026-03-23 04:59:00,3127.69,3127.7,3127.61,3127.63,121,22.4
2026-03-23 05:00:00,3127.63,3127.81,3127.33,3127.43,101,20.6
2026-03-23 05:01:00,3127.43,3127.48,3127.29,3127.36,91,28.2
2026-03-23 05:02:00,3127.36,3128.01,3127.16,3127.62,79,23.0
2026-03-23 05:03:00,3127.62,3127.74,3127.6,3127.69,92,20.5
2026-03-23 05:04:00,3127.69,3127.8,3127.55,3127.7,63,24.2
2026-03-23 05:05:00,3127.7,3127.75,3127.67,3127.75,78,21.4
2026-03-23 05:06:00,3127.75,3127.87,3127.52,3127.68,36,21.3
2026-03-23 05:07:00,3127.68,3127.72,3127.67,3127.71,30,28.3
2026-03-23 05:08:00,3127.71,3127.76,3127.53,3127.65,67,21.9
2026-03-23 05:09:00,3127.65,3127.68,3127.22,3127.34,120,29.1
2026-03-23 05:10:00,3127.34,3127.38,3127.25,3127.28,124,24.8
2026-03-23 05:11:00,3127.28,3127.47,3127.22,3127.41,137,24.7
2026-03-23 05:12:00,3127.41,3127.79,3127.32,3127.51,77,21.0
2026-03-23 05:13:00,3127.51,3127.51,3127.28,3127.41,99,28.6
2026-03-23 05:14:00,3127.41,3127.51,3127.38,3127.44,108,24.2
2026-03-23 05:15:00,3127.44,3127.63,3127.31,3127.51,119,23.4
2026-03-23 05:16:00,3127.51,3127.58,3127.3,3127.49,94,21.7
2026-03-23 05:17:00,3127.49,3127.59,3127.34,3127.35,129,29.6
2026-03-23 05:18:00,3127.35,3127.44,3127.06,3127.06,89,27.6
2026-03-23 05:19:00,3127.06,3127.35,3126.93,3127.17,109,20.6
2026-03-23 05:20:00,3127.17,3127.19,3126.96,3127.1,27,20.1
2026-03-23 05:21:00,3127.1,3127.17,3127.02,3127.04,142,27.0
2026-03-23 05:22:00,3127.04,3127.13,3126.97,3127.06,72,21.5
2026-03-23 05:23:00,3127.06,3127.25,3127.04,3127.19,130,24.6
2026-03-23 05:24:00,3127.19,3127.32,3127.16,3127.3,32,26.5
2026-03-23 05:25:00,3127.3,3127.37,3126.99,3127.06,67,27.0
2026-03-23 05:26:00,3127.06,3127.17,3127.03,3127.16,138,28.6
2026-03-23 05:27:00,3127.16,3127.5,3127.08,3127.22,94,22.7
2026-03-23 05:28:00,3127.22,3127.6,3126.93,3127.29,116,20.3
2026-03-23 05:29:00,3127.29,3127.33,3127.14,3127.19,133,29.3
2026-03-23 05:30:00,3127.19,3127.26,3126.95,3127.02,89,29.0
2026-03-23 05:31:00,3127.02,3127.21,3127.01,3127.19,102,23.5
2026-03-23 05:32:00,3127.19,3127.21,3126.84,3126.94,87,29.5
2026-03-23 05:33:00,3126.94,3127.07,3126.89,3127.05,73,25.5
2026-03-23 05:34:00,3127.05,3127.08,3127.04,3127.07,106,26.2
2026-03-23 05:35:00,3127.07,3127.09,3126.64,3126.8,81,23.9
2026-03-23 05:36:00,3126.8,3126.87,3126.77,3126.82,28,22.7
2026-03-23 05:37:00,3126.82,3126.96,3126.73,3126.85,26,25.5
2026-03-23 05:38:00,3126.85,3127.51,3126.65,3127.08,46,23.9
2026-03-23 05:39:00,3127.08,3127.22,3127.07,3127.19,46,21.7
2026-03-23 05:40:00,3127.19,3127.21,3127.04,3127.09,101,24.2
2026-03-23 05:41:00,3127.09,3127.09,3127.03,3127.05,132,24.6
2026-03-23 05:42:00,3127.05,3127.24,3126.65,3126.94,42,28.0
2026-03-23 05:43:00,3126.94,3127.11,3126.91,3127.01,75,26.0
2026-03-23 05:44:00,3127.01,3127.04,3126.84,3126.9,129,22.9
2026-03-23 05:45:00,3126.9,3126.98,3126.21,3126.69,48,23.7
2026-03-23 05:46:00,3126.69,3126.91,3126.64,3126.81,113,25.5
2026-03-23 05:47:00,3126.81,3126.95,3126.67,3126.71,63,28.5
2026-03-23 05:48:00,3126.71,3126.75,3126.58,3126.61,76,26.6
2026-03-23 05:49:00,3126.61,3126.74,3126.29,3126.3,148,29.2
2026-03-23 05:50:00,3126.3,3126.37,3125.97,3126.05,70,29.0
2026-03-23 05:51:00,3126.05,3126.13,3125.85,3125.95,148,26.1
2026-03-23 05:52:00,3125.95,3125.98,3125.85,3125.89,99,29.7
2026-03-23 05:53:00,3125.89,3125.92,3125.79,3125.85,113,22.2
2026-03-23 05:54:00,3125.85,3125.96,3125.84,3125.87,145,23.4
2026-03-23 05:55:00,3125.87,3125.92,3125.8,3125.84,69,23.5
2026-03-23 05:56:00,3125.84,3125.89,3125.74,3125.75,133,24.4
2026-03-23 05:57:00,3125.75,3125.97,3125.35,3125.58,91,21.1
2026-03-23 05:58:00,3125.58,3125.64,3125.14,3125.18,106,21.6
2026-03-23 05:59:00,3125.18,3125.36,3124.87,3125.0,79,24.0
2026-03-23 06:00:00,3125.0,3125.03,3124.98,3125.02,136,27.0
2026-03-23 06:01:00,3125.02,3125.23,3124.96,3125.21,87,23.7
2026-03-23 06:02:00,3125.21,3125.27,3124.81,3125.0,104,26.4
2026-03-23 06:03:00,3125.0,3125.21,3124.65,3124.83,111,26.7
2026-03-23 06:04:00,3124.83,3124.91,3124.67,3124.75,42,21.2
2026-03-23 06:05:00,3124.75,3124.86,3124.67,3124.8,144,24.2
2026-03-23 06:06:00,3124.8,3124.83,3124.66,3124.67,70,25.5
2026-03-23 06:07:00,3124.67,3124.68,3124.6,3124.63,108,24.8
2026-03-23 06:08:00,3124.63,3124.64,3124.33,3124.33,122,26.8
2026-03-23 06:09:00,3124.33,3124.46,3124.29,3124.43,97,20.3
2026-03-23 06:10:00,3124.43,3124.47,3124.26,3124.32,71,27.7
2026-03-23 06:11:00,3124.32,3124.4,3124.2,3124.25,79,27.6
2026-03-23 06:12:00,3124.25,3124.88,3123.95,3124.37,129,28.3
2026-03-23 06:13:00,3124.37,3124.38,3124.36,3124.36,119,28.7
2026-03-23 06:14:00,3124.36,3124.44,3124.36,3124.43,51,23.5
2026-03-23 06:15:00,3124.43,3124.5,3124.32,3124.35,150,25.7
2026-03-23 06:16:00,3124.35,3124.89,3124.3,3124.43,148,22.9
2026-03-23 06:17:00,3124.43,3124.9,3124.35,3124.85,114,24.1
2026-03-23 06:18:00,3124.85,3125.06,3124.76,3124.9,98,22.5
2026-03-23 06:19:00,3124.9,3124.91,3124.64,3124.75,123,26.3
2026-03-23 06:20:00,3124.75,3124.89,3124.73,3124.81,25,25.2
2026-03-23 06:21:00,3124.81,3125.47,3124.71,3125.27,114,28.5
2026-03-23 06:22:00,3125.27,3125.31,3125.25,3125.29,131,20.6
2026-03-23 06:23:00,3125.29,3125.44,3125.26,3125.39,139,25.5
2026-03-23 06:24:00,3125.39,3125.75,3125.24,3125.72,81,20.5
2026-03-23 06:25:00,3125.72,3126.19,3125.59,3126.0,137,29.9
2026-03-23 06:26:00,3126.0,3126.29,3125.93,3126.22,140,21.6
2026-03-23 06:27:00,3126.22,3126.42,3126.13,3126.3,79,20.5
2026-03-23 06:28:00,3126.3,3126.62,3126.23,3126.59,130,27.0
2026-03-23 06:29:00,3126.59,3127.01,3126.52,3126.71,34,28.2
2026-03-23 06:30:00,3126.71,3126.89,3126.67,3126.85,129,20.9
2026-03-23 06:31:00,3126.85,3127.02,3126.55,3126.91,26,21.3
2026-03-23 06:32:00,3126.91,3127.18,3126.8,3126.97,81,21.6
2026-03-23 06:33:00,3126.97,3127.24,3126.92,3127.17,74,20.9
2026-03-23 06:34:00,3127.17,3127.37,3127.07,3127.32,117,24.3
2026-03-23 06:35:00,3127.32,3127.48,3127.23,3127.33,63,27.8
2026-03-23 06:36:00,3127.33,3127.68,3127.19,3127.51,55,26.1
2026-03-23 06:37:00,3127.51,3127.89,3127.42,3127.76,750,21.1
2026-03-23 06:38:00,3127.76,3128.18,3127.63,3128.09,122,29.3
2026-03-23 06:39:00,3128.09,3128.51,3128.08,3128.43,52,29.9
2026-03-23 06:40:00,3128.43,3128.7,3128.36,3128.59,114,20.6
2026-03-23 06:41:00,3128.59,3128.6,3128.52,3128.54,35,26.4
2026-03-23 06:42:00,3128.54,3128.82,3128.44,3128.72,112,22.0
2026-03-23 06:43:00,3128.72,3128.8,3128.64,3128.67,56,23.1
2026-03-23 06:44:00,3128.67,3128.72,3128.53,3128.59,160,24.3
2026-03-23 06:45:00,3128.59,3128.87,3128.55,3128.77,125,27.0
2026-03-23 06:46:00,3128.77,3128.95,3128.68,3128.72,140,22.6
2026-03-23 06:47:00,3128.72,3129.03,3128.63,3129.02,98,28.1
2026-03-23 06:48:00,3129.02,3129.14,3128.98,3129.09,123,25.0
2026-03-23 06:49:00,3129.09,3129.26,3129.0,3129.21,30,25.7
2026-03-23 06:50:00,3129.21,3129.55,3128.86,3129.46,29,20.1
2026-03-23 06:51:00,3129.46,3129.74,3129.4,3129.62,78,29.1
2026-03-23 06:52:00,3129.62,3129.9,3129.62,3129.83,53,23.2
2026-03-23 06:53:00,3129.83,3129.86,3129.56,3129.78,61,29.8
2026-03-23 06:54:00,3129.78,3130.09,3129.68,3130.04,119,23.1
2026-03-23 06:55:00,3130.04,3130.36,3129.92,3130.25,50,24.6
2026-03-23 06:56:00,3130.25,3130.4,3130.06,3130.39,106,25.5
2026-03-23 06:57:00,3130.39,3130.43,3130.16,3130.43,133,28.8
2026-03-23 06:58:00,3130.43,3130.84,3130.3,3130.67,43,23.1
2026-03-23 06:59:00,3130.67,3131.59,3130.46,3131.09,114,20.9
2026-03-23 07:00:00,3131.09,3131.17,3131.06,3131.1,100,24.6
2026-03-23 07:01:00,3131.1,3131.2,3130.76,3130.91,65,24.3
2026-03-23 07:02:00,3130.91,3131.02,3130.83,3130.99,42,23.9
2026-03-23 07:03:00,3130.99,3131.0,3130.85,3130.88,77,25.8
2026-03-23 07:04:00,3130.88,3131.0,3130.88,3130.91,128,23.6
2026-03-23 07:05:00,3130.91,3130.92,3130.56,3130.76,66,28.3
2026-03-23 07:06:00,3130.76,3130.94,3130.72,3130.92,47,27.1
2026-03-23 07:07:00,3130.92,3130.97,3130.88,3130.9,84,24.0
2026-03-23 07:08:00,3130.9,3131.0,3130.86,3130.95,76,27.9
2026-03-23 07:09:00,3130.95,3131.1,3130.91,3131.0,129,26.3
2026-03-23 07:10:00,3131.0,3131.1,3130.82,3131.08,128,30.0
2026-03-23 07:11:00,3131.08,3131.32,3131.0,3131.29,130,20.4
2026-03-23 07:12:00,3131.29,3131.36,3131.15,3131.18,82,25.0
2026-03-23 07:13:00,3131.18,3131.35,3131.14,3131.3,77,20.3
2026-03-23 07:14:00,3131.3,3131.52,3131.22,3131.44,56,24.8
2026-03-23 07:15:00,3131.44,3131.79,3131.28,3131.52,70,28.0
2026-03-23 07:16:00,3131.52,3131.54,3131.42,3131.43,101,27.8
2026-03-23 07:17:00,3131.43,3131.61,3131.21,3131.6,92,29.0
2026-03-23 07:18:00,3131.6,3131.63,3131.58,3131.62,126,25.8
2026-03-23 07:19:00,3131.62,3131.91,3131.06,3131.72,127,20.6
2026-03-23 07:20:00,3131.72,3131.84,3131.67,3131.82,70,29.4
2026-03-23 07:21:00,3131.82,3132.0,3131.74,3131.82,97,20.3
2026-03-23 07:22:00,3131.82,3132.01,3131.82,3131.98,32,28.4
2026-03-23 07:23:00,3131.98,3131.98,3131.39,3131.62,50,22.2
2026-03-23 07:24:00,3131.62,3131.77,3131.58,3131.75,115,23.4
2026-03-23 07:25:00,3131.75,3132.33,3131.48,3132.0,72,27.7
2026-03-23 07:26:00,3132.0,3132.08,3131.82,3131.9,80,26.6
2026-03-23 07:27:00,3131.9,3131.92,3131.66,3131.84,113,29.6
2026-03-23 07:28:00,3131.84,3131.92,3131.49,3131.71,62,26.1
2026-03-23 07:29:00,3131.71,3132.39,3131.56,3131.89,123,27.3
2026-03-23 07:30:00,3131.89,3132.0,3131.29,3131.63,144,20.3
2026-03-23 07:31:00,3131.63,3131.66,3131.41,3131.44,106,23.3
2026-03-23 07:32:00,3131.44,3131.56,3131.31,3131.4,56,20.9
2026-03-23 07:33:00,3131.4,3131.57,3131.19,3131.2,81,23.5
2026-03-23 07:34:00,3131.2,3131.41,3131.19,3131.34,86,29.7
2026-03-23 07:35:00,3131.34,3131.39,3131.12,3131.24,127,25.8
2026-03-23 07:36:00,3131.24,3131.25,3131.07,3131.09,118,22.9
2026-03-23 07:37:00,3131.09,3131.68,3130.57,3131.44,139,29.4
2026-03-23 07:38:00,3131.44,3131.59,3131.41,3131.53,51,20.3
2026-03-23 07:39:00,3131.53,3131.62,3131.44,3131.51,109,24.1
2026-03-23 07:40:00,3131.51,3131.76,3131.42,3131.71,79,22.4
2026-03-23 07:41:00,3131.71,3131.86,3131.69,3131.78,51,28.2
2026-03-23 07:42:00,3131.78,3132.08,3131.72,3132.02,109,22.9
2026-03-23 07:43:00,3132.02,3132.21,3131.99,3132.16,48,26.4
2026-03-23 07:44:00,3132.16,3132.16,3131.98,3132.05,110,22.6
2026-03-23 07:45:00,3132.05,3132.17,3131.91,3132.07,54,26.7
2026-03-23 07:46:00,3132.07,3132.25,3132.02,3132.13,137,28.4
2026-03-23 07:47:00,3132.13,3132.21,3131.97,3131.98,98,23.0
2026-03-23 07:48:00,3131.98,3132.01,3131.87,3131.88,46,28.0
2026-03-23 07:49:00,3131.88,3131.91,3131.59,3131.69,80,28.1
2026-03-23 07:50:00,3131.69,3131.88,3131.63,3131.8,36,28.2
2026-03-23 07:51:00,3131.8,3131.99,3131.76,3131.96,1088,24.0
2026-03-23 07:52:00,3131.96,3131.98,3131.71,3131.8,122,26.2
2026-03-23 07:53:00,3131.8,3131.82,3131.75,3131.77,136,21.0
2026-03-23 07:54:00,3131.77,3131.84,3131.64,3131.64,60,23.4
2026-03-23 07:55:00,3131.64,3131.79,3131.58,3131.71,137,26.2
2026-03-23 07:56:00,3131.71,3131.72,3131.42,3131.7,63,22.4
2026-03-23 07:57:00,3131.7,3131.92,3130.94,3131.36,54,28.4
2026-03-23 07:58:00,3131.36,3131.4,3130.99,3131.09,49,29.7
2026-03-23 07:59:00,3131.09,3131.24,3131.04,3131.18,72,29.1
2026-03-23 08:00:00,3131.18,3131.35,3131.01,3131.31,275,18.6
2026-03-23 08:01:00,3131.31,3131.67,3131.28,3131.53,58,16.2
2026-03-23 08:02:00,3131.53,3131.73,3131.1,3131.45,81,21.4
2026-03-23 08:03:00,3131.45,3131.55,3130.93,3131.22,171,16.7
2026-03-23 08:04:00,3131.22,3131.92,3131.1,3131.54,148,17.4
2026-03-23 08:05:00,3131.54,3132.22,3131.43,3132.08,107,21.0
2026-03-23 08:06:00,3132.08,3132.35,3132.02,3132.02,283,16.9
2026-03-23 08:07:00,3132.02,3132.16,3131.8,3132.05,291,16.2
2026-03-23 08:08:00,3132.05,3132.11,3131.79,3131.85,169,21.8
2026-03-23 08:09:00,3131.85,3132.02,3131.59,3131.6,219,18.6
2026-03-23 08:10:00,3131.6,3131.72,3131.1,3131.22,136,20.9
2026-03-23 08:11:00,3131.22,3131.35,3130.59,3131.06,278,19.5
2026-03-23 08:12:00,3131.06,3131.13,3130.75,3130.83,153,16.3
2026-03-23 08:13:00,3130.83,3131.03,3130.41,3130.8,116,19.8
2026-03-23 08:14:00,3130.8,3131.78,3130.22,3130.76,232,17.8
2026-03-23 08:15:00,3130.76,3131.19,3129.95,3130.36,179,18.7
2026-03-23 08:16:00,3130.36,3130.43,3130.01,3130.15,235,16.2
2026-03-23 08:17:00,3130.15,3130.25,3129.76,3129.82,72,20.3
2026-03-23 08:18:00,3129.82,3130.31,3129.5,3130.03,168,16.6
2026-03-23 08:19:00,3130.03,3130.34,3129.14,3129.8,68,18.3
2026-03-23 08:20:00,3129.8,3130.27,3129.57,3130.13,88,16.4
2026-03-23 08:21:00,3130.13,3130.59,3129.94,3130.43,167,16.4
2026-03-23 08:22:00,3130.43,3130.61,3130.4,3130.48,320,21.0
2026-03-23 08:23:00,3130.48,3130.86,3130.42,3130.58,251,16.5
2026-03-23 08:24:00,3130.58,3130.79,3130.15,3130.26,59,15.6
2026-03-23 08:25:00,3130.26,3130.93,3129.2,3129.97,185,20.1
2026-03-23 08:26:00,3129.97,3130.08,3129.75,3129.81,148,19.7
2026-03-23 08:27:00,3129.81,3129.81,3129.56,3129.64,166,17.1
2026-03-23 08:28:00,3129.64,3130.09,3127.72,3129.3,141,19.2
2026-03-23 08:29:00,3129.3,3130.58,3129.29,3129.83,107,16.2
2026-03-23 08:30:00,3129.83,3129.85,3129.74,3129.79,59,15.9
2026-03-23 08:31:00,3129.79,3130.07,3129.02,3129.38,62,19.5
2026-03-23 08:32:00,3129.38,3129.96,3129.24,3129.83,171,19.6
2026-03-23 08:33:00,3129.83,3129.89,3129.72,3129.88,75,16.4
2026-03-23 08:34:00,3129.88,3129.93,3129.33,3129.75,80,16.9
2026-03-23 08:35:00,3129.75,3129.86,3129.45,3129.64,262,20.5
2026-03-23 08:36:00,3129.64,3129.66,3129.56,3129.57,288,16.4
2026-03-23 08:37:00,3129.57,3129.57,3129.31,3129.32,196,16.6
2026-03-23 08:38:00,3129.32,3129.67,3129.22,3129.62,109,16.0
2026-03-23 08:39:00,3129.62,3129.81,3129.52,3129.8,273,21.8
2026-03-23 08:40:00,3129.8,3129.92,3129.56,3129.88,244,17.0
2026-03-23 08:41:00,3129.88,3129.92,3129.56,3129.63,209,19.6
2026-03-23 08:42:00,3129.63,3129.66,3129.38,3129.43,263,20.1
2026-03-23 08:43:00,3129.43,3129.99,3129.1,3129.62,78,21.0
2026-03-23 08:44:00,3129.62,3130.43,3129.53,3130.19,195,20.1
2026-03-23 08:45:00,3130.19,3130.24,3130.12,3130.12,225,16.3
2026-03-23 08:46:00,3130.12,3130.65,3130.02,3130.38,66,20.1
2026-03-23 08:47:00,3130.38,3130.61,3129.81,3130.16,197,17.2
2026-03-23 08:48:00,3130.16,3131.05,3129.95,3130.74,160,16.6
2026-03-23 08:49:00,3130.74,3130.84,3130.49,3130.57,264,16.7
2026-03-23 08:50:00,3130.57,3130.88,3130.14,3130.53,176,21.2
2026-03-23 08:51:00,3130.53,3130.57,3130.28,3130.49,62,15.5
2026-03-23 08:52:00,3130.49,3130.55,3129.98,3130.09,72,18.9
2026-03-23 08:53:00,3130.09,3130.56,3129.99,3130.46,76,18.1
2026-03-23 08:54:00,3130.46,3130.96,3129.49,3129.92,277,15.3
2026-03-23 08:55:00,3129.92,3130.21,3129.6,3129.75,63,16.4
2026-03-23 08:56:00,3129.75,3129.95,3129.35,3129.49,165,20.9
2026-03-23 08:57:00,3129.49,3130.02,3129.33,3129.93,296,20.3
2026-03-23 08:58:00,3129.93,3130.2,3129.23,3129.82,240,18.8
2026-03-23 08:59:00,3129.82,3129.98,3129.6,3129.92,150,15.7
2026-03-23 09:00:00,3129.92,3130.03,3129.7,3130.01,222,20.8
2026-03-23 09:01:00,3130.01,3130.44,3129.81,3130.26,84,20.4
2026-03-23 09:02:00,3130.26,3130.34,3130.05,3130.22,249,15.0
2026-03-23 09:03:00,3130.22,3130.45,3129.78,3129.84,149,16.2
2026-03-23 09:04:00,3129.84,3129.96,3129.37,3129.56,113,19.2
2026-03-23 09:05:00,3129.56,3130.69,3129.43,3130.11,155,21.7
2026-03-23 09:06:00,3130.11,3130.22,3129.19,3129.53,191,21.2
2026-03-23 09:07:00,3129.53,3129.6,3129.37,3129.48,222,16.4
2026-03-23 09:08:00,3129.48,3129.86,3129.32,3129.66,244,20.0
2026-03-23 09:09:00,3129.66,3129.8,3129.52,3129.63,241,18.4
2026-03-23 09:10:00,3129.63,3129.86,3129.6,3129.85,63,18.7
2026-03-23 09:11:00,3129.85,3129.91,3129.48,3129.62,114,16.4
2026-03-23 09:12:00,3129.62,3129.75,3129.54,3129.66,207,15.4
2026-03-23 09:13:00,3129.66,3130.04,3129.07,3129.46,110,20.2
2026-03-23 09:14:00,3129.46,3129.48,3129.27,3129.3,251,20.6
2026-03-23 09:15:00,3129.3,3129.3,3128.75,3128.86,208,17.2
2026-03-23 09:16:00,3128.86,3129.06,3128.51,3128.65,200,21.0
2026-03-23 09:17:00,3128.65,3129.18,3128.55,3128.72,95,19.2
2026-03-23 09:18:00,3128.72,3129.2,3128.67,3129.19,117,15.5
2026-03-23 09:19:00,3129.19,3129.22,3128.97,3129.07,89,19.1
2026-03-23 09:20:00,3129.07,3129.37,3128.5,3128.64,252,21.5
2026-03-23 09:21:00,3128.64,3128.78,3128.21,3128.34,97,17.5
2026-03-23 09:22:00,3128.34,3128.62,3128.18,3128.54,219,20.5
2026-03-23 09:23:00,3128.54,3129.0,3128.46,3128.85,193,17.5
2026-03-23 09:24:00,3128.85,3129.61,3128.68,3129.29,209,21.9
2026-03-23 09:25:00,3129.29,3129.56,3128.89,3129.31,79,15.3
2026-03-23 09:26:00,3129.31,3129.47,3128.7,3129.16,164,18.8
2026-03-23 09:27:00,3129.16,3129.99,3129.13,3129.81,74,17.1
2026-03-23 09:28:00,3129.81,3129.82,3129.74,3129.76,271,21.7
2026-03-23 09:29:00,3129.76,3129.81,3129.68,3129.75,239,20.8
2026-03-23 09:30:00,3129.75,3130.31,3129.69,3130.21,72,19.5
2026-03-23 09:31:00,3130.21,3130.22,3129.88,3130.02,283,16.2
2026-03-23 09:32:00,3130.02,3130.07,3129.74,3129.79,214,17.7
2026-03-23 09:33:00,3129.79,3129.81,3129.12,3129.55,141,15.4
2026-03-23 09:34:00,3129.55,3129.64,3129.54,3129.61,151,15.7
2026-03-23 09:35:00,3129.61,3129.63,3129.24,3129.35,253,15.2
2026-03-23 09:36:00,3129.35,3129.88,3129.11,3129.51,236,18.8
2026-03-23 09:37:00,3129.51,3129.53,3129.46,3129.46,420,21.7
2026-03-23 09:38:00,3129.46,3129.53,3129.23,3129.32,104,17.8
2026-03-23 09:39:00,3129.32,3129.35,3129.2,3129.26,263,19.5
2026-03-23 09:40:00,3129.26,3129.31,3128.95,3129.05,190,15.8
2026-03-23 09:41:00,3129.05,3129.06,3128.66,3128.68,235,18.8
2026-03-23 09:42:00,3128.68,3128.73,3128.37,3128.38,99,21.7
2026-03-23 09:43:00,3128.38,3128.83,3128.2,3128.71,194,18.2
2026-03-23 09:44:00,3128.71,3128.99,3128.61,3128.86,214,20.7
2026-03-23 09:45:00,3128.86,3128.9,3128.72,3128.79,168,20.9
2026-03-23 09:46:00,3128.79,3128.81,3128.51,3128.62,261,20.4
2026-03-23 09:47:00,3128.62,3128.68,3128.6,3128.61,69,18.8
2026-03-23 09:48:00,3128.61,3128.85,3128.12,3128.21,59,20.9
2026-03-23 09:49:00,3128.21,3128.98,3126.1,3127.78,143,18.8
2026-03-23 09:50:00,3127.78,3127.88,3127.24,3127.26,143,21.2
2026-03-23 09:51:00,3127.26,3127.68,3126.49,3126.92,92,19.6
2026-03-23 09:52:00,3126.92,3127.39,3126.88,3127.11,237,16.0
2026-03-23 09:53:00,3127.11,3127.5,3127.1,3127.41,144,17.5
2026-03-23 09:54:00,3127.41,3127.66,3126.53,3126.86,60,19.7
2026-03-23 09:55:00,3126.86,3127.01,3126.44,3126.77,263,17.3
2026-03-23 09:56:00,3126.77,3126.89,3126.25,3126.48,69,19.1
2026-03-23 09:57:00,3126.48,3126.78,3126.06,3126.34,272,17.6
2026-03-23 09:58:00,3126.34,3126.62,3126.23,3126.34,181,20.5
2026-03-23 09:59:00,3126.34,3126.36,3126.23,3126.29,80,16.5
2026-03-23 10:00:00,3126.29,3126.43,3125.98,3126.2,215,17.9
2026-03-23 10:01:00,3126.2,3126.33,3126.19,3126.3,211,15.2
2026-03-23 10:02:00,3126.3,3126.8,3126.06,3126.39,298,21.2
2026-03-23 10:03:00,3126.39,3126.79,3126.3,3126.51,71,15.1
2026-03-23 10:04:00,3126.51,3126.58,3126.11,3126.15,199,19.2
2026-03-23 10:05:00,3126.15,3126.27,3125.96,3126.18,137,16.3
2026-03-23 10:06:00,3126.18,3126.43,3126.13,3126.42,282,19.2
2026-03-23 10:07:00,3126.42,3126.53,3126.39,3126.52,207,17.9
2026-03-23 10:08:00,3126.52,3126.64,3125.8,3126.01,188,21.1
2026-03-23 10:09:00,3126.01,3126.25,3125.63,3125.89,144,21.3
2026-03-23 10:10:00,3125.89,3126.15,3125.06,3125.22,255,19.9
2026-03-23 10:11:00,3125.22,3125.55,3125.18,3125.5,172,20.3
2026-03-23 10:12:00,3125.5,3125.92,3125.5,3125.83,240,21.4
2026-03-23 10:13:00,3125.83,3126.01,3125.78,3126.01,226,19.0
2026-03-23 10:14:00,3126.01,3126.33,3125.87,3126.23,194,17.9
2026-03-23 10:15:00,3126.23,3126.72,3126.11,3126.41,250,16.9
2026-03-23 10:16:00,3126.41,3127.05,3124.92,3126.06,151,16.3
2026-03-23 10:17:00,3126.06,3126.28,3125.74,3125.91,229,21.0
2026-03-23 10:18:00,3125.91,3126.24,3124.88,3125.36,63,15.7
2026-03-23 10:19:00,3125.36,3125.36,3125.31,3125.31,287,21.8
2026-03-23 10:20:00,3125.31,3125.47,3124.98,3125.26,152,15.6
2026-03-23 10:21:00,3125.26,3125.81,3124.92,3125.53,259,18.6
2026-03-23 10:22:00,3125.53,3126.62,3125.38,3126.09,250,18.5
2026-03-23 10:23:00,3126.09,3126.12,3126.08,3126.1,111,18.6
2026-03-23 10:24:00,3126.1,3126.43,3126.03,3126.28,101,21.8
2026-03-23 10:25:00,3126.28,3126.39,3126.27,3126.38,262,20.2
2026-03-23 10:26:00,3126.38,3126.54,3125.95,3126.04,153,19.1
2026-03-23 10:27:00,3126.04,3126.51,3126.03,3126.47,125,16.8
2026-03-23 10:28:00,3126.47,3126.67,3126.13,3126.22,163,15.8
2026-03-23 10:29:00,3126.22,3126.48,3125.73,3126.17,167,18.9
2026-03-23 10:30:00,3126.17,3126.44,3126.07,3126.37,106,21.3
2026-03-23 10:31:00,3126.37,3126.54,3125.97,3126.09,52,16.6
2026-03-23 10:32:00,3126.09,3126.2,3125.74,3125.99,95,16.8
2026-03-23 10:33:00,3125.99,3126.47,3125.44,3126.26,224,17.5
2026-03-23 10:34:00,3126.26,3126.28,3126.2,3126.22,263,16.3
2026-03-23 10:35:00,3126.22,3126.23,3125.84,3125.98,223,19.3
2026-03-23 10:36:00,3125.98,3127.54,3125.65,3126.54,130,18.4
2026-03-23 10:37:00,3126.54,3127.14,3126.29,3126.55,245,21.9
2026-03-23 10:38:00,3126.55,3126.62,3126.53,3126.59,188,17.0
2026-03-23 10:39:00,3126.59,3127.52,3126.34,3126.95,80,17.4
2026-03-23 10:40:00,3126.95,3126.99,3126.88,3126.91,206,18.2
2026-03-23 10:41:00,3126.91,3126.94,3126.73,3126.85,137,16.3
2026-03-23 10:42:00,3126.85,3127.09,3126.81,3126.94,96,18.5
2026-03-23 10:43:00,3126.94,3127.79,3126.66,3127.36,255,21.9
2026-03-23 10:44:00,3127.36,3127.48,3126.4,3127.22,95,18.0
2026-03-23 10:45:00,3127.22,3127.75,3126.93,3127.31,130,15.9
2026-03-23 10:46:00,3127.31,3127.47,3126.91,3126.92,258,17.1
2026-03-23 10:47:00,3126.92,3126.98,3126.73,3126.75,142,20.9
2026-03-23 10:48:00,3126.75,3126.78,3126.68,3126.72,100,21.5
2026-03-23 10:49:00,3126.72,3127.0,3126.67,3126.76,133,19.5
2026-03-23 10:50:00,3126.76,3126.8,3126.57,3126.68,87,18.4
2026-03-23 10:51:00,3126.68,3127.02,3125.39,3126.03,153,19.5
2026-03-23 10:52:00,3126.03,3126.17,3126.0,3126.12,215,15.5
2026-03-23 10:53:00,3126.12,3126.77,3125.83,3126.28,183,21.2
2026-03-23 10:54:00,3126.28,3126.54,3126.01,3126.28,229,17.9
2026-03-23 10:55:00,3126.28,3126.34,3126.17,3126.32,171,16.5
2026-03-23 10:56:00,3126.32,3126.36,3125.86,3125.89,217,15.2
2026-03-23 10:57:00,3125.89,3126.31,3125.82,3126.17,82,17.7
2026-03-23 10:58:00,3126.17,3126.83,3125.9,3126.58,299,20.9
2026-03-23 10:59:00,3126.58,3126.67,3126.4,3126.64,188,21.5
2026-03-23 11:00:00,3126.64,3126.79,3126.09,3126.32,129,19.2
2026-03-23 11:01:00,3126.32,3126.34,3125.92,3125.99,155,18.4
2026-03-23 11:02:00,3125.99,3126.78,3125.71,3126.52,52,17.1
2026-03-23 11:03:00,3126.52,3126.61,3126.16,3126.49,254,18.4
2026-03-23 11:04:00,3126.49,3126.91,3126.41,3126.76,91,16.6
2026-03-23 11:05:00,3126.76,3126.85,3126.7,3126.75,210,19.5
2026-03-23 11:06:00,3126.75,3127.33,3126.46,3127.18,257,20.4
2026-03-23 11:07:00,3127.18,3127.2,3126.85,3126.87,166,16.3
2026-03-23 11:08:00,3126.87,3126.87,3126.67,3126.7,97,16.9
2026-03-23 11:09:00,3126.7,3126.74,3126.54,3126.55,73,17.0
2026-03-23 11:10:00,3126.55,3126.96,3126.13,3126.38,252,18.5
2026-03-23 11:11:00,3126.38,3126.65,3126.28,3126.57,150,15.6
2026-03-23 11:12:00,3126.57,3127.24,3126.52,3126.75,246,18.3
2026-03-23 11:13:00,3126.75,3127.59,3125.78,3127.27,100,17.7
2026-03-23 11:14:00,3127.27,3127.54,3126.23,3126.4,132,20.4
2026-03-23 11:15:00,3126.4,3126.59,3126.21,3126.26,173,20.1
2026-03-23 11:16:00,3126.26,3126.72,3126.15,3126.7,665,16.4
2026-03-23 11:17:00,3126.7,3126.74,3126.16,3126.41,198,19.1
2026-03-23 11:18:00,3126.41,3126.42,3126.28,3126.29,208,18.3
2026-03-23 11:19:00,3126.29,3126.31,3126.07,3126.23,89,21.8
2026-03-23 11:20:00,3126.23,3127.52,3125.49,3126.49,256,20.5
2026-03-23 11:21:00,3126.49,3126.8,3126.43,3126.75,114,20.1
2026-03-23 11:22:00,3126.75,3126.81,3126.55,3126.63,139,18.4
2026-03-23 11:23:00,3126.63,3127.25,3126.19,3126.84,91,18.3
2026-03-23 11:24:00,3126.84,3126.88,3126.76,3126.88,147,16.1
2026-03-23 11:25:00,3126.88,3127.36,3126.68,3127.21,132,21.2
2026-03-23 11:26:00,3127.21,3127.32,3126.87,3127.03,206,19.6
2026-03-23 11:27:00,3127.03,3127.08,3126.97,3127.07,61,17.9
2026-03-23 11:28:00,3127.07,3127.35,3126.94,3127.32,264,15.9
2026-03-23 11:29:00,3127.32,3127.45,3127.26,3127.28,106,18.4
2026-03-23 11:30:00,3127.28,3127.86,3127.26,3127.57,255,15.5
2026-03-23 11:31:00,3127.57,3127.97,3127.32,3127.6,253,17.5
2026-03-23 11:32:00,3127.6,3127.71,3127.55,3127.69,295,20.8
2026-03-23 11:33:00,3127.69,3127.95,3127.67,3127.89,218,15.7
2026-03-23 11:34:00,3127.89,3128.24,3127.75,3128.21,141,19.4
2026-03-23 11:35:00,3128.21,3128.81,3127.98,3128.77,190,19.9
2026-03-23 11:36:00,3128.77,3129.63,3128.66,3129.47,133,17.4
2026-03-23 11:37:00,3129.47,3131.06,3129.3,3130.48,111,17.9
2026-03-23 11:38:00,3130.48,3130.81,3130.43,3130.65,453,16.5
2026-03-23 11:39:00,3130.65,3130.85,3129.58,3130.08,508,21.9
2026-03-23 11:40:00,3130.08,3130.64,3129.16,3129.99,180,16.5
2026-03-23 11:41:00,3129.99,3130.58,3129.91,3130.57,85,21.5
2026-03-23 11:42:00,3130.57,3130.76,3130.5,3130.68,105,21.2
2026-03-23 11:43:00,3130.68,3131.12,3130.3,3131.01,226,20.1
2026-03-23 11:44:00,3131.01,3131.64,3130.96,3131.48,249,20.7
2026-03-23 11:45:00,3131.48,3132.05,3131.39,3131.83,272,20.4
2026-03-23 11:46:00,3131.83,3132.46,3131.43,3131.93,63,20.4
2026-03-23 11:47:00,3131.93,3131.98,3131.24,3131.45,106,15.3
2026-03-23 11:48:00,3131.45,3132.81,3131.4,3132.36,160,19.7
2026-03-23 11:49:00,3132.36,3132.46,3132.32,3132.45,62,17.8
2026-03-23 11:50:00,3132.45,3132.69,3132.1,3132.3,100,16.8
2026-03-23 11:51:00,3132.3,3132.72,3132.2,3132.6,113,19.6
2026-03-23 11:52:00,3132.6,3132.64,3132.14,3132.3,143,16.9
2026-03-23 11:53:00,3132.3,3132.61,3132.21,3132.6,139,17.2
2026-03-23 11:54:00,3132.6,3132.62,3132.55,3132.55,145,21.9
2026-03-23 11:55:00,3132.55,3132.79,3132.53,3132.72,208,20.1
2026-03-23 11:56:00,3132.72,3132.89,3132.58,3132.85,55,21.1
2026-03-23 11:57:00,3132.85,3132.97,3132.8,3132.91,190,20.2
2026-03-23 11:58:00,3132.91,3133.35,3132.84,3133.27,61,20.1
2026-03-23 11:59:00,3133.27,3133.85,3133.22,3133.69,169,15.4
2026-03-23 12:00:00,3133.69,3134.0,3133.03,3133.57,54,15.1
2026-03-23 12:01:00,3133.57,3134.01,3133.48,3133.78,231,21.2
2026-03-23 12:02:00,3133.78,3134.19,3133.72,3134.09,287,17.2
2026-03-23 12:03:00,3134.09,3134.29,3133.46,3133.88,240,15.3
2026-03-23 12:04:00,3133.88,3133.99,3133.61,3133.69,257,17.4
2026-03-23 12:05:00,3133.69,3134.4,3133.46,3134.09,291,16.8
2026-03-23 12:06:00,3134.09,3134.56,3133.95,3134.52,295,17.0
2026-03-23 12:07:00,3134.52,3135.35,3134.27,3135.1,159,21.1
2026-03-23 12:08:00,3135.1,3135.12,3134.92,3134.99,254,21.4
2026-03-23 12:09:00,3134.99,3135.83,3134.64,3135.38,160,16.0
2026-03-23 12:10:00,3135.38,3136.17,3134.98,3135.87,292,21.8
2026-03-23 12:11:00,3135.87,3136.59,3135.85,3136.48,131,16.3
2026-03-23 12:12:00,3136.48,3137.08,3135.43,3136.27,120,17.9
2026-03-23 12:13:00,3136.27,3136.5,3136.17,3136.5,207,16.3
2026-03-23 12:14:00,3136.5,3136.72,3136.3,3136.59,172,19.0
2026-03-23 12:15:00,3136.59,3137.06,3136.54,3136.86,149,20.9
2026-03-23 12:16:00,3136.86,3136.96,3136.77,3136.95,155,16.0
2026-03-23 12:17:00,3136.95,3137.11,3136.94,3137.09,294,19.7
2026-03-23 12:18:00,3137.09,3137.14,3136.78,3136.88,60,21.1
2026-03-23 12:19:00,3136.88,3137.12,3136.59,3136.96,196,20.8
2026-03-23 12:20:00,3136.96,3137.58,3136.72,3137.4,60,18.7
2026-03-23 12:21:00,3137.4,3137.66,3137.07,3137.09,149,16.7
2026-03-23 12:22:00,3137.09,3137.47,3136.92,3137.39,168,19.4
2026-03-23 12:23:00,3137.39,3138.08,3136.84,3137.52,168,17.1
2026-03-23 12:24:00,3137.52,3138.0,3137.28,3137.56,84,18.2
2026-03-23 12:25:00,3137.56,3137.57,3137.44,3137.48,279,17.3
2026-03-23 12:26:00,3137.48,3138.13,3137.08,3137.54,81,18.2
2026-03-23 12:27:00,3137.54,3138.1,3137.27,3138.06,236,19.9
2026-03-23 12:28:00,3138.06,3138.61,3137.87,3138.4,194,18.6
2026-03-23 12:29:00,3138.4,3138.41,3138.32,3138.37,63,21.0
2026-03-23 12:30:00,3138.37,3138.51,3138.34,3138.47,505,17.2
2026-03-23 12:31:00,3138.47,3138.59,3137.96,3138.21,205,15.1
2026-03-23 12:32:00,3138.21,3138.22,3137.83,3137.98,112,16.7
2026-03-23 12:33:00,3137.98,3138.19,3137.79,3137.86,97,16.9
2026-03-23 12:34:00,3137.86,3138.98,3137.73,3138.5,285,19.6
2026-03-23 12:35:00,3138.5,3138.95,3138.15,3138.69,219,15.8
2026-03-23 12:36:00,3138.69,3138.93,3138.53,3138.8,73,19.2
2026-03-23 12:37:00,3138.8,3139.25,3138.12,3138.68,265,17.3
2026-03-23 12:38:00,3138.68,3139.17,3138.58,3139.04,228,17.0
2026-03-23 12:39:00,3139.04,3139.86,3138.88,3139.45,72,15.4
2026-03-23 12:40:00,3139.45,3140.59,3139.34,3140.32,184,19.8
2026-03-23 12:41:00,3140.32,3140.73,3139.58,3140.02,236,19.4
2026-03-23 12:42:00,3140.02,3140.72,3140.02,3140.26,56,18.4
2026-03-23 12:43:00,3140.26,3140.81,3140.0,3140.69,156,20.6
2026-03-23 12:44:00,3140.69,3140.72,3140.32,3140.36,252,17.3
2026-03-23 12:45:00,3140.36,3140.52,3140.23,3140.26,135,17.1
2026-03-23 12:46:00,3140.26,3140.29,3140.25,3140.27,222,20.1
2026-03-23 12:47:00,3140.27,3140.28,3140.27,3140.28,167,18.3
2026-03-23 12:48:00,3140.28,3140.42,3139.87,3140.08,126,18.8
2026-03-23 12:49:00,3140.08,3140.6,3139.88,3140.59,134,19.7
2026-03-23 12:50:00,3140.59,3140.6,3139.91,3140.17,210,21.2
2026-03-23 12:51:00,3140.17,3140.97,3140.12,3140.86,250,16.2
2026-03-23 12:52:00,3140.86,3140.98,3140.83,3140.89,165,19.9
2026-03-23 12:53:00,3140.89,3141.07,3140.82,3141.03,59,17.1
2026-03-23 12:54:00,3141.03,3141.1,3140.99,3141.02,286,21.4
2026-03-23 12:55:00,3141.02,3141.16,3140.94,3141.11,75,21.1
2026-03-23 12:56:00,3141.11,3141.24,3140.82,3141.1,183,21.6
2026-03-23 12:57:00,3141.1,3141.13,3140.98,3141.02,135,17.2
2026-03-23 12:58:00,3141.02,3141.13,3140.56,3140.64,278,15.3
2026-03-23 12:59:00,3140.64,3140.7,3140.58,3140.65,221,16.4
2026-03-23 13:00:00,3140.65,3140.93,3140.58,3140.7,208,16.0
2026-03-23 13:01:00,3140.7,3141.92,3140.12,3140.84,139,16.9
2026-03-23 13:02:00,3140.84,3140.89,3140.55,3140.64,115,19.3
2026-03-23 13:03:00,3140.64,3141.41,3140.36,3141.12,316,15.6
2026-03-23 13:04:00,3141.12,3141.57,3140.31,3140.89,279,19.9
2026-03-23 13:05:00,3140.89,3141.2,3140.62,3140.69,382,21.5
2026-03-23 13:06:00,3140.69,3140.97,3139.91,3140.09,160,18.3
2026-03-23 13:07:00,3140.09,3140.43,3140.06,3140.34,426,21.3
2026-03-23 13:08:00,3140.34,3140.86,3140.29,3140.77,252,20.5
2026-03-23 13:09:00,3140.77,3140.9,3140.35,3140.5,229,17.0
2026-03-23 13:10:00,3140.5,3140.82,3139.94,3140.26,232,20.6
2026-03-23 13:11:00,3140.26,3141.06,3140.25,3140.9,154,16.7
2026-03-23 13:12:00,3140.9,3141.48,3140.77,3141.07,328,19.1
2026-03-23 13:13:00,3141.07,3141.52,3140.58,3140.66,303,20.2
2026-03-23 13:14:00,3140.66,3140.95,3140.54,3140.84,387,18.9
2026-03-23 13:15:00,3140.84,3140.97,3140.64,3140.65,157,20.7
2026-03-23 13:16:00,3140.65,3141.27,3140.63,3141.24,279,21.2
2026-03-23 13:17:00,3141.24,3141.3,3140.59,3140.93,189,19.3
2026-03-23 13:18:00,3140.93,3141.21,3140.5,3140.63,108,21.4
2026-03-23 13:19:00,3140.63,3142.35,3140.15,3141.71,97,19.3
2026-03-23 13:20:00,3141.71,3142.82,3141.02,3142.44,406,18.8
2026-03-23 13:21:00,3142.44,3143.05,3142.16,3142.73,229,18.0
2026-03-23 13:22:00,3142.73,3142.78,3142.36,3142.52,397,18.8
2026-03-23 13:23:00,3142.52,3142.62,3142.14,3142.15,2576,17.0
2026-03-23 13:24:00,3142.15,3142.18,3141.29,3141.54,405,21.2
2026-03-23 13:25:00,3141.54,3141.8,3140.44,3140.58,270,20.5
2026-03-23 13:26:00,3140.58,3140.58,3140.24,3140.4,355,20.7
2026-03-23 13:27:00,3140.4,3140.86,3140.3,3140.67,450,18.5
2026-03-23 13:28:00,3140.67,3140.77,3139.16,3140.33,276,18.4
2026-03-23 13:29:00,3140.33,3141.24,3140.28,3140.83,415,21.9
2026-03-23 13:30:00,3140.83,3141.17,3140.09,3140.44,297,16.7
2026-03-23 13:31:00,3140.44,3140.65,3139.85,3140.02,271,15.4
2026-03-23 13:32:00,3140.02,3140.41,3139.57,3139.87,340,19.0
2026-03-23 13:33:00,3139.87,3140.72,3139.84,3140.3,256,20.2
2026-03-23 13:34:00,3140.3,3140.31,3139.83,3140.15,123,19.0
2026-03-23 13:35:00,3140.15,3140.18,3139.83,3139.9,403,21.0
2026-03-23 13:36:00,3139.9,3140.35,3138.85,3139.18,141,20.2
2026-03-23 13:37:00,3139.18,3139.49,3138.2,3138.64,205,19.9
2026-03-23 13:38:00,3138.64,3139.25,3137.57,3138.01,222,21.8
2026-03-23 13:39:00,3138.01,3138.11,3137.15,3137.6,207,18.1
2026-03-23 13:40:00,3137.6,3137.88,3137.49,3137.73,438,16.9
2026-03-23 13:41:00,3137.73,3137.86,3137.54,3137.66,130,18.7
2026-03-23 13:42:00,3137.66,3137.72,3137.38,3137.52,441,18.0
2026-03-23 13:43:00,3137.52,3139.03,3137.27,3138.3,427,21.4
2026-03-23 13:44:00,3138.3,3138.37,3138.11,3138.19,333,16.9
2026-03-23 13:45:00,3138.19,3139.13,3138.01,3138.99,339,20.1
2026-03-23 13:46:00,3138.99,3139.06,3138.97,3139.04,337,17.2
2026-03-23 13:47:00,3139.04,3139.06,3139.03,3139.04,109,16.5
2026-03-23 13:48:00,3139.04,3139.34,3138.67,3139.28,108,19.2
2026-03-23 13:49:00,3139.28,3139.66,3138.76,3139.08,445,15.9
2026-03-23 13:50:00,3139.08,3139.27,3138.9,3139.23,180,15.8
2026-03-23 13:51:00,3139.23,3140.05,3139.1,3139.56,373,19.8
2026-03-23 13:52:00,3139.56,3139.67,3139.22,3139.26,243,20.4
2026-03-23 13:53:00,3139.26,3139.61,3139.16,3139.53,115,21.9
2026-03-23 13:54:00,3139.53,3140.47,3139.44,3139.65,102,20.4
2026-03-23 13:55:00,3139.65,3140.29,3139.3,3140.28,325,20.1
2026-03-23 13:56:00,3140.28,3140.69,3139.73,3140.09,271,21.5
2026-03-23 13:57:00,3140.09,3140.21,3139.48,3139.78,385,20.4
2026-03-23 13:58:00,3139.78,3141.47,3139.26,3140.89,433,18.8
2026-03-23 13:59:00,3140.89,3140.92,3140.76,3140.91,322,17.3
2026-03-23 14:00:00,3140.91,3141.35,3140.74,3141.08,142,18.7
2026-03-23 14:01:00,3141.08,3141.19,3140.83,3141.03,115,21.8
2026-03-23 14:02:00,3141.03,3141.69,3140.91,3141.57,351,17.5
2026-03-23 14:03:00,3141.57,3142.17,3141.41,3141.89,265,16.7
2026-03-23 14:04:00,3141.89,3141.92,3140.01,3140.47,90,20.8
2026-03-23 14:05:00,3140.47,3141.28,3140.01,3140.93,408,16.5
2026-03-23 14:06:00,3140.93,3140.97,3139.78,3140.03,255,16.0
2026-03-23 14:07:00,3140.03,3140.19,3139.53,3139.53,316,19.3
2026-03-23 14:08:00,3139.53,3139.74,3139.45,3139.66,115,17.2
2026-03-23 14:09:00,3139.66,3139.69,3139.05,3139.18,204,19.2
2026-03-23 14:10:00,3139.18,3139.93,3138.76,3139.0,396,21.9
2026-03-23 14:11:00,3139.0,3139.02,3138.63,3138.64,180,16.5
2026-03-23 14:12:00,3138.64,3138.87,3138.43,3138.44,112,17.9
2026-03-23 14:13:00,3138.44,3138.49,3137.52,3137.9,420,19.4
2026-03-23 14:14:00,3137.9,3138.01,3137.56,3137.73,256,21.5
2026-03-23 14:15:00,3137.73,3138.0,3136.86,3137.14,435,16.4
2026-03-23 14:16:00,3137.14,3137.19,3136.0,3136.55,190,19.8
2026-03-23 14:17:00,3136.55,3136.57,3135.98,3136.14,111,15.0
2026-03-23 14:18:00,3136.14,3136.97,3136.06,3136.66,94,21.0
2026-03-23 14:19:00,3136.66,3137.06,3136.36,3136.61,142,20.6
2026-03-23 14:20:00,3136.61,3137.08,3136.49,3137.01,415,21.5
2026-03-23 14:21:00,3137.01,3137.76,3136.92,3137.15,376,15.3
2026-03-23 14:22:00,3137.15,3137.66,3137.03,3137.44,361,18.6
2026-03-23 14:23:00,3137.44,3137.82,3137.39,3137.58,357,17.3
2026-03-23 14:24:00,3137.58,3137.73,3137.43,3137.71,157,16.4
2026-03-23 14:25:00,3137.71,3137.74,3137.4,3137.59,316,18.2
2026-03-23 14:26:00,3137.59,3137.68,3137.48,3137.53,253,16.9
2026-03-23 14:27:00,3137.53,3137.82,3137.42,3137.62,378,16.2
2026-03-23 14:28:00,3137.62,3138.23,3137.45,3138.1,274,21.7
2026-03-23 14:29:00,3138.1,3138.44,3137.62,3137.77,354,22.0
2026-03-23 14:30:00,3137.77,3137.88,3137.69,3137.77,424,21.1
2026-03-23 14:31:00,3137.77,3138.32,3137.08,3138.24,369,15.0
2026-03-23 14:32:00,3138.24,3138.3,3137.2,3137.59,106,18.0
2026-03-23 14:33:00,3137.59,3138.85,3137.51,3138.09,187,15.1
2026-03-23 14:34:00,3138.09,3138.91,3137.95,3138.75,298,22.0
2026-03-23 14:35:00,3138.75,3139.42,3138.54,3138.81,378,18.2
2026-03-23 14:36:00,3138.81,3138.94,3138.49,3138.8,277,19.4
2026-03-23 14:37:00,3138.8,3138.91,3138.69,3138.77,379,18.0
2026-03-23 14:38:00,3138.77,3139.29,3137.26,3138.47,214,19.8
2026-03-23 14:39:00,3138.47,3138.62,3138.07,3138.19,141,15.8
2026-03-23 14:40:00,3138.19,3138.28,3137.27,3137.46,324,19.9
2026-03-23 14:41:00,3137.46,3137.83,3137.06,3137.17,360,21.6
2026-03-23 14:42:00,3137.17,3137.61,3137.05,3137.59,247,17.2
2026-03-23 14:43:00,3137.59,3137.69,3137.14,3137.27,279,18.7
2026-03-23 14:44:00,3137.27,3137.79,3136.17,3136.8,147,18.2
2026-03-23 14:45:00,3136.8,3137.51,3136.75,3137.3,441,18.2
2026-03-23 14:46:00,3137.3,3137.51,3137.19,3137.48,82,16.2
2026-03-23 14:47:00,3137.48,3137.7,3137.38,3137.64,244,21.8
2026-03-23 14:48:00,3137.64,3138.29,3137.35,3137.67,202,15.2
2026-03-23 14:49:00,3137.67,3137.92,3137.45,3137.76,342,17.4
2026-03-23 14:50:00,3137.76,3138.04,3136.2,3137.19,162,18.8
2026-03-23 14:51:00,3137.19,3137.37,3137.0,3137.33,249,21.8
2026-03-23 14:52:00,3137.33,3137.66,3137.22,3137.63,421,19.3
2026-03-23 14:53:00,3137.63,3138.1,3137.55,3138.09,123,16.1
2026-03-23 14:54:00,3138.09,3138.84,3138.03,3138.28,246,17.6
2026-03-23 14:55:00,3138.28,3139.35,3138.15,3138.95,265,16.1
2026-03-23 14:56:00,3138.95,3140.1,3138.32,3139.18,322,21.6
2026-03-23 14:57:00,3139.18,3139.33,3138.87,3139.06,294,18.3
2026-03-23 14:58:00,3139.06,3139.08,3138.81,3138.92,90,20.6
2026-03-23 14:59:00,3138.92,3139.09,3137.43,3137.91,246,18.9
2026-03-23 15:00:00,3137.91,3138.16,3137.34,3137.67,150,17.3
2026-03-23 15:01:00,3137.67,3137.84,3137.45,3137.48,271,18.8
2026-03-23 15:02:00,3137.48,3137.58,3136.97,3137.05,349,18.4
2026-03-23 15:03:00,3137.05,3137.12,3136.59,3136.71,450,17.6
2026-03-23 15:04:00,3136.71,3137.2,3136.49,3136.91,136,18.9
2026-03-23 15:05:00,3136.91,3138.37,3136.85,3137.82,300,21.8
2026-03-23 15:06:00,3137.82,3137.95,3136.9,3137.38,301,16.0
2026-03-23 15:07:00,3137.38,3139.38,3137.14,3138.69,288,15.6
2026-03-23 15:08:00,3138.69,3139.25,3138.35,3138.98,390,19.0
2026-03-23 15:09:00,3138.98,3139.07,3138.77,3138.87,84,20.8
2026-03-23 15:10:00,3138.87,3138.92,3138.37,3138.71,184,16.1
2026-03-23 15:11:00,3138.71,3139.56,3138.64,3139.36,180,18.4
2026-03-23 15:12:00,3139.36,3139.5,3138.95,3139.06,337,21.8
2026-03-23 15:13:00,3139.06,3139.11,3138.77,3138.85,399,19.9
2026-03-23 15:14:00,3138.85,3139.43,3138.82,3139.19,213,19.1
2026-03-23 15:15:00,3139.19,3139.74,3139.04,3139.63,433,21.4
2026-03-23 15:16:00,3139.63,3139.7,3138.94,3139.14,195,16.4
2026-03-23 15:17:00,3139.14,3139.33,3138.37,3138.63,111,19.8
2026-03-23 15:18:00,3138.63,3138.99,3138.56,3138.82,427,17.5
2026-03-23 15:19:00,3138.82,3139.09,3138.79,3139.05,418,15.7
2026-03-23 15:20:00,3139.05,3140.56,3138.5,3139.92,234,19.8
2026-03-23 15:21:00,3139.92,3140.51,3139.29,3139.7,193,15.5
2026-03-23 15:22:00,3139.7,3140.3,3138.36,3138.5,190,16.0
2026-03-23 15:23:00,3138.5,3139.29,3138.46,3139.01,162,20.7
2026-03-23 15:24:00,3139.01,3139.62,3139.0,3139.52,259,16.5
2026-03-23 15:25:00,3139.52,3139.56,3139.48,3139.51,97,15.3
2026-03-23 15:26:00,3139.51,3139.93,3139.49,3139.91,306,21.4
2026-03-23 15:27:00,3139.91,3140.11,3139.9,3140.06,399,21.3
2026-03-23 15:28:00,3140.06,3140.64,3139.12,3139.73,268,16.9
2026-03-23 15:29:00,3139.73,3139.73,3139.47,3139.57,148,15.7
2026-03-23 15:30:00,3139.57,3140.16,3139.15,3139.61,400,16.2
2026-03-23 15:31:00,3139.61,3139.74,3139.22,3139.61,144,17.6
2026-03-23 15:32:00,3139.61,3139.84,3139.04,3139.17,253,21.9
2026-03-23 15:33:00,3139.17,3139.99,3138.85,3139.45,90,16.0
2026-03-23 15:34:00,3139.45,3139.83,3138.5,3139.12,160,18.5
2026-03-23 15:35:00,3139.12,3139.68,3139.07,3139.49,397,17.0
2026-03-23 15:36:00,3139.49,3139.75,3139.28,3139.48,274,21.6
2026-03-23 15:37:00,3139.48,3139.62,3139.43,3139.57,114,15.6
2026-03-23 15:38:00,3139.57,3139.86,3139.45,3139.82,229,21.2
2026-03-23 15:39:00,3139.82,3140.44,3139.42,3140.24,297,20.9
2026-03-23 15:40:00,3140.24,3140.85,3139.99,3140.62,261,20.3
2026-03-23 15:41:00,3140.62,3140.67,3139.44,3139.74,163,16.0
2026-03-23 15:42:00,3139.74,3140.11,3139.64,3140.02,220,15.9
2026-03-23 15:43:00,3140.02,3140.41,3139.87,3140.25,328,17.3
2026-03-23 15:44:00,3140.25,3140.77,3140.14,3140.49,205,20.4
2026-03-23 15:45:00,3140.49,3140.52,3140.28,3140.35,412,18.8
2026-03-23 15:46:00,3140.35,3140.35,3140.17,3140.33,405,17.7
2026-03-23 15:47:00,3140.33,3141.01,3140.25,3140.88,223,21.2
2026-03-23 15:48:00,3140.88,3141.13,3140.45,3140.73,402,15.8
2026-03-23 15:49:00,3140.73,3140.87,3140.17,3140.29,334,15.4
2026-03-23 15:50:00,3140.29,3140.45,3140.28,3140.4,358,21.8
2026-03-23 15:51:00,3140.4,3140.85,3140.22,3140.65,211,20.4
2026-03-23 15:52:00,3140.65,3140.83,3140.53,3140.81,408,15.4
2026-03-23 15:53:00,3140.81,3141.36,3140.74,3141.29,406,17.4
2026-03-23 15:54:00,3141.29,3141.37,3141.22,3141.36,294,18.6
2026-03-23 15:55:00,3141.36,3141.64,3140.94,3141.56,204,19.0
2026-03-23 15:56:00,3141.56,3141.73,3141.53,3141.57,318,20.7
2026-03-23 15:57:00,3141.57,3141.92,3141.24,3141.49,93,20.5
2026-03-23 15:58:00,3141.49,3142.98,3140.81,3141.85,301,19.0
2026-03-23 15:59:00,3141.85,3142.17,3141.22,3141.41,379,15.5
2026-03-23 16:00:00,3141.41,3141.55,3140.94,3141.18,171,20.8
2026-03-23 16:01:00,3141.18,3141.45,3141.17,3141.32,345,18.2
2026-03-23 16:02:00,3141.32,3142.01,3140.55,3140.81,319,16.3
2026-03-23 16:03:00,3140.81,3141.28,3140.5,3140.97,315,19.3
2026-03-23 16:04:00,3140.97,3141.36,3140.21,3140.79,232,16.4
2026-03-23 16:05:00,3140.79,3141.05,3140.76,3141.02,390,20.8
2026-03-23 16:06:00,3141.02,3141.07,3141.02,3141.05,381,16.1
2026-03-23 16:07:00,3141.05,3141.19,3140.61,3140.89,88,18.2
2026-03-23 16:08:00,3140.89,3142.11,3140.64,3141.83,90,16.9
2026-03-23 16:09:00,3141.83,3142.23,3141.82,3142.12,306,18.4
2026-03-23 16:10:00,3142.12,3144.02,3141.85,3143.19,396,15.4
2026-03-23 16:11:00,3143.19,3143.25,3142.99,3143.08,274,16.0
2026-03-23 16:12:00,3143.08,3143.35,3142.9,3143.32,370,19.1
2026-03-23 16:13:00,3143.32,3143.48,3142.51,3142.93,165,17.3
2026-03-23 16:14:00,3142.93,3143.37,3142.75,3143.26,96,16.5
2026-03-23 16:15:00,3143.26,3144.0,3142.8,3143.54,336,17.6
2026-03-23 16:16:00,3143.54,3143.8,3143.46,3143.68,322,16.9
2026-03-23 16:17:00,3143.68,3144.12,3142.68,3143.52,339,19.2
2026-03-23 16:18:00,3143.52,3143.94,3143.19,3143.6,337,19.7
2026-03-23 16:19:00,3143.6,3144.55,3142.85,3144.13,225,21.1
2026-03-23 16:20:00,3144.13,3144.29,3143.25,3143.88,136,21.4
2026-03-23 16:21:00,3143.88,3146.03,3143.46,3144.97,87,19.4
2026-03-23 16:22:00,3144.97,3145.78,3144.8,3145.15,237,15.6
2026-03-23 16:23:00,3145.15,3145.65,3144.24,3144.72,210,20.7
2026-03-23 16:24:00,3144.72,3145.1,3144.01,3144.43,145,20.1
2026-03-23 16:25:00,3144.43,3144.45,3144.35,3144.4,195,20.5
2026-03-23 16:26:00,3144.4,3144.93,3144.33,3144.48,303,15.8
2026-03-23 16:27:00,3144.48,3145.52,3144.21,3145.28,174,20.5
2026-03-23 16:28:00,3145.28,3145.3,3145.17,3145.2,219,19.2
2026-03-23 16:29:00,3145.2,3145.87,3145.0,3145.61,322,21.2
2026-03-23 16:30:00,3145.61,3146.41,3145.59,3146.12,312,16.6
2026-03-23 16:31:00,3146.12,3146.54,3145.99,3146.47,840,16.8
2026-03-23 16:32:00,3146.47,3147.08,3146.09,3146.99,147,18.0
2026-03-23 16:33:00,3146.99,3147.1,3146.76,3146.84,240,20.7
2026-03-23 16:34:00,3146.84,3147.58,3146.63,3147.29,130,19.2
2026-03-23 16:35:00,3147.29,3147.44,3147.26,3147.37,298,21.8
2026-03-23 16:36:00,3147.37,3147.91,3147.21,3147.69,348,18.2
2026-03-23 16:37:00,3147.69,3147.83,3147.51,3147.8,94,18.0
2026-03-23 16:38:00,3147.8,3150.91,3146.99,3149.16,361,16.6
2026-03-23 16:39:00,3149.16,3149.33,3147.82,3148.42,331,15.0
2026-03-23 16:40:00,3148.42,3148.54,3147.65,3147.95,411,21.8
2026-03-23 16:41:00,3147.95,3148.15,3147.66,3147.82,195,15.6
2026-03-23 16:42:00,3147.82,3149.32,3147.63,3148.5,411,15.9
2026-03-23 16:43:00,3148.5,3149.04,3147.36,3147.97,138,20.8
2026-03-23 16:44:00,3147.97,3148.67,3147.42,3148.08,94,22.0
2026-03-23 16:45:00,3148.08,3148.13,3147.88,3147.91,253,15.4
2026-03-23 16:46:00,3147.91,3148.31,3147.8,3148.11,264,22.0
2026-03-23 16:47:00,3148.11,3148.17,3148.1,3148.14,183,20.0
2026-03-23 16:48:00,3148.14,3148.62,3147.22,3147.87,3129,16.2
2026-03-23 16:49:00,3147.87,3148.22,3147.43,3147.93,111,16.3
2026-03-23 16:50:00,3147.93,3148.07,3147.44,3147.73,396,15.2
2026-03-23 16:51:00,3147.73,3147.99,3146.97,3147.2,315,15.2
2026-03-23 16:52:00,3147.2,3149.42,3146.96,3148.48,355,19.2
2026-03-23 16:53:00,3148.48,3148.71,3147.98,3148.61,382,21.3
2026-03-23 16:54:00,3148.61,3149.42,3148.17,3148.86,142,17.3
2026-03-23 16:55:00,3148.86,3148.86,3148.8,3148.84,223,20.4
2026-03-23 16:56:00,3148.84,3148.87,3148.75,3148.78,384,17.0
2026-03-23 16:57:00,3148.78,3148.97,3147.99,3148.05,216,21.3
2026-03-23 16:58:00,3148.05,3148.58,3147.77,3148.37,385,18.4
2026-03-23 16:59:00,3148.37,3148.41,3147.64,3147.96,448,16.3
2026-03-23 17:00:00,3147.96,3148.07,3147.7,3147.82,111,23.8
2026-03-23 17:01:00,3147.82,3147.94,3147.09,3147.61,202,22.6
2026-03-23 17:02:00,3147.61,3147.62,3147.31,3147.31,69,28.7
2026-03-23 17:03:00,3147.31,3147.43,3147.04,3147.21,126,25.3
2026-03-23 17:04:00,3147.21,3147.26,3146.94,3147.0,135,22.7
2026-03-23 17:05:00,3147.0,3147.09,3146.67,3146.93,218,25.3
2026-03-23 17:06:00,3146.93,3147.01,3146.68,3146.79,216,27.0
2026-03-23 17:07:00,3146.79,3147.66,3146.78,3147.42,135,24.1
2026-03-23 17:08:00,3147.42,3147.96,3146.49,3146.94,156,23.4
2026-03-23 17:09:00,3146.94,3147.07,3146.67,3146.92,199,28.5
2026-03-23 17:10:00,3146.92,3146.92,3146.84,3146.88,242,24.4
2026-03-23 17:11:00,3146.88,3146.89,3146.79,3146.84,242,25.8
2026-03-23 17:12:00,3146.84,3146.85,3146.64,3146.68,80,23.5
2026-03-23 17:13:00,3146.68,3146.9,3146.59,3146.89,100,25.6
2026-03-23 17:14:00,3146.89,3146.9,3146.85,3146.86,270,26.6
2026-03-23 17:15:00,3146.86,3147.02,3146.42,3146.72,53,26.0
2026-03-23 17:16:00,3146.72,3147.0,3146.11,3146.33,208,25.9
2026-03-23 17:17:00,3146.33,3146.47,3145.97,3146.06,193,22.2
2026-03-23 17:18:00,3146.06,3146.27,3145.34,3145.35,110,25.8
2026-03-23 17:19:00,3145.35,3145.42,3145.19,3145.3,202,25.8
2026-03-23 17:20:00,3145.3,3145.47,3145.25,3145.44,265,26.8
2026-03-23 17:21:00,3145.44,3145.56,3144.83,3145.04,268,29.5
2026-03-23 17:22:00,3145.04,3145.07,3144.8,3144.88,184,27.0
2026-03-23 17:23:00,3144.88,3145.7,3144.71,3145.24,172,28.3
2026-03-23 17:24:00,3145.24,3145.43,3145.18,3145.36,52,22.1
2026-03-23 17:25:00,3145.36,3145.38,3145.04,3145.11,156,24.7
2026-03-23 17:26:00,3145.11,3145.24,3144.9,3144.99,203,24.7
2026-03-23 17:27:00,3144.99,3144.99,3144.95,3144.98,228,26.8
2026-03-23 17:28:00,3144.98,3145.22,3144.8,3145.01,234,28.7
2026-03-23 17:29:00,3145.01,3145.03,3145.0,3145.02,127,26.1
2026-03-23 17:30:00,3145.02,3145.06,3144.32,3144.65,121,24.3
2026-03-23 17:31:00,3144.65,3144.77,3144.6,3144.69,45,23.0
2026-03-23 17:32:00,3144.69,3144.73,3144.35,3144.45,127,28.5
2026-03-23 17:33:00,3144.45,3144.88,3144.18,3144.64,76,24.0
2026-03-23 17:34:00,3144.64,3145.03,3144.09,3144.32,51,25.3
2026-03-23 17:35:00,3144.32,3144.6,3144.3,3144.41,122,28.2
2026-03-23 17:36:00,3144.41,3144.6,3144.13,3144.39,252,29.9
2026-03-23 17:37:00,3144.39,3145.24,3143.69,3144.4,269,29.8
2026-03-23 17:38:00,3144.4,3144.5,3144.01,3144.18,46,25.2
2026-03-23 17:39:00,3144.18,3144.22,3143.63,3143.8,192,29.2
2026-03-23 17:40:00,3143.8,3144.11,3143.6,3143.82,137,26.4
2026-03-23 17:41:00,3143.82,3143.9,3143.29,3143.37,210,29.0
2026-03-23 17:42:00,3143.37,3143.56,3143.33,3143.51,218,23.0
2026-03-23 17:43:00,3143.51,3143.77,3143.27,3143.43,236,22.2
2026-03-23 17:44:00,3143.43,3143.5,3143.41,3143.49,126,27.8
2026-03-23 17:45:00,3143.49,3143.76,3142.95,3143.41,45,28.1
2026-03-23 17:46:00,3143.41,3143.88,3143.26,3143.61,167,29.9
2026-03-23 17:47:00,3143.61,3143.83,3142.43,3142.78,176,23.9
2026-03-23 17:48:00,3142.78,3142.87,3142.32,3142.5,127,27.7
2026-03-23 17:49:00,3142.5,3142.56,3142.39,3142.4,142,23.2
2026-03-23 17:50:00,3142.4,3142.55,3141.92,3142.09,135,25.8
2026-03-23 17:51:00,3142.09,3142.38,3141.94,3142.1,262,26.7
2026-03-23 17:52:00,3142.1,3142.15,3142.1,3142.12,207,29.8
2026-03-23 17:53:00,3142.12,3142.25,3141.92,3141.93,81,26.2
2026-03-23 17:54:00,3141.93,3142.26,3141.82,3142.23,54,25.0
2026-03-23 17:55:00,3142.23,3142.27,3142.02,3142.07,51,22.9
2026-03-23 17:56:00,3142.07,3142.5,3141.8,3141.94,233,23.1
2026-03-23 17:57:00,3141.94,3141.96,3141.83,3141.84,155,22.0
2026-03-23 17:58:00,3141.84,3142.39,3141.71,3142.17,220,26.5
2026-03-23 17:59:00,3142.17,3142.43,3141.77,3141.85,212,27.1
2026-03-23 18:00:00,3141.85,3141.89,3141.57,3141.65,265,28.4
2026-03-23 18:01:00,3141.65,3141.66,3141.33,3141.36,50,25.5
2026-03-23 18:02:00,3141.36,3141.4,3141.2,3141.22,187,28.4
2026-03-23 18:03:00,3141.22,3141.61,3140.08,3140.83,160,28.1
2026-03-23 18:04:00,3140.83,3140.97,3140.82,3140.94,207,23.0
2026-03-23 18:05:00,3140.94,3140.96,3140.79,3140.82,180,26.6
2026-03-23 18:06:00,3140.82,3141.26,3140.76,3141.05,103,28.9
2026-03-23 18:07:00,3141.05,3141.1,3141.0,3141.04,221,29.8
2026-03-23 18:08:00,3141.04,3141.12,3140.84,3140.85,57,24.5
2026-03-23 18:09:00,3140.85,3140.94,3140.84,3140.89,261,22.8
2026-03-23 18:10:00,3140.89,3141.1,3140.74,3140.97,133,23.0
2026-03-23 18:11:00,3140.97,3141.49,3140.96,3141.35,51,24.2
2026-03-23 18:12:00,3141.35,3142.09,3141.18,3141.46,172,23.9
2026-03-23 18:13:00,3141.46,3141.56,3141.01,3141.27,160,23.0
2026-03-23 18:14:00,3141.27,3141.53,3140.39,3140.66,254,29.7
2026-03-23 18:15:00,3140.66,3141.8,3140.36,3141.17,195,22.3
2026-03-23 18:16:00,3141.17,3141.69,3141.08,3141.4,125,22.0
2026-03-23 18:17:00,3141.4,3141.52,3141.13,3141.23,167,23.7
2026-03-23 18:18:00,3141.23,3141.27,3141.03,3141.06,144,24.4
2026-03-23 18:19:00,3141.06,3141.49,3140.74,3141.1,190,26.0
2026-03-23 18:20:00,3141.1,3141.4,3140.3,3140.85,182,28.0
2026-03-23 18:21:00,3140.85,3140.9,3140.83,3140.86,45,29.3
2026-03-23 18:22:00,3140.86,3141.17,3140.02,3140.32,225,27.4
2026-03-23 18:23:00,3140.32,3140.83,3140.13,3140.56,146,27.2
2026-03-23 18:24:00,3140.56,3140.73,3140.46,3140.7,205,24.8
2026-03-23 18:25:00,3140.7,3140.75,3140.18,3140.18,1080,23.0
2026-03-23 18:26:00,3140.18,3140.42,3139.69,3140.09,95,27.4
2026-03-23 18:27:00,3140.09,3140.13,3139.67,3139.86,207,26.0
2026-03-23 18:28:00,3139.86,3140.24,3139.8,3140.2,83,22.1
2026-03-23 18:29:00,3140.2,3140.33,3139.96,3140.1,59,27.3
2026-03-23 18:30:00,3140.1,3141.09,3139.73,3140.49,108,28.0
2026-03-23 18:31:00,3140.49,3141.9,3139.91,3140.89,102,27.4
2026-03-23 18:32:00,3140.89,3141.38,3140.64,3141.12,118,29.1
2026-03-23 18:33:00,3141.12,3141.18,3141.02,3141.07,127,30.0
2026-03-23 18:34:00,3141.07,3141.35,3140.78,3141.01,135,22.3
2026-03-23 18:35:00,3141.01,3141.01,3140.66,3140.87,270,22.7
2026-03-23 18:36:00,3140.87,3140.98,3140.8,3140.97,51,29.7
2026-03-23 18:37:00,3140.97,3141.11,3140.73,3140.83,102,28.5
2026-03-23 18:38:00,3140.83,3141.61,3140.72,3141.27,61,25.8
2026-03-23 18:39:00,3141.27,3141.49,3140.82,3141.09,63,27.0
2026-03-23 18:40:00,3141.09,3141.39,3140.6,3140.63,229,29.3
2026-03-23 18:41:00,3140.63,3141.0,3140.43,3140.98,173,24.4
2026-03-23 18:42:00,3140.98,3141.16,3140.39,3140.62,1128,28.8
2026-03-23 18:43:00,3140.62,3140.92,3140.6,3140.78,194,25.7
2026-03-23 18:44:00,3140.78,3140.8,3140.4,3140.5,60,28.3
2026-03-23 18:45:00,3140.5,3140.6,3140.25,3140.52,126,28.7
2026-03-23 18:46:00,3140.52,3140.54,3140.11,3140.27,144,27.8
2026-03-23 18:47:00,3140.27,3140.36,3140.22,3140.29,78,27.2
2026-03-23 18:48:00,3140.29,3140.33,3140.04,3140.1,57,24.5
2026-03-23 18:49:00,3140.1,3140.28,3140.02,3140.26,269,28.6
2026-03-23 18:50:00,3140.26,3140.47,3140.04,3140.26,182,29.3
2026-03-23 18:51:00,3140.26,3140.34,3139.92,3140.02,120,28.8
2026-03-23 18:52:00,3140.02,3140.03,3140.01,3140.03,97,25.6
2026-03-23 18:53:00,3140.03,3140.16,3139.79,3139.96,230,23.7
2026-03-23 18:54:00,3139.96,3140.3,3139.95,3140.28,71,23.6
2026-03-23 18:55:00,3140.28,3141.55,3140.13,3141.03,269,25.5
2026-03-23 18:56:00,3141.03,3141.43,3140.84,3141.28,85,23.6
2026-03-23 18:57:00,3141.28,3141.81,3141.11,3141.78,76,23.4
2026-03-23 18:58:00,3141.78,3142.33,3141.6,3142.26,197,28.3
2026-03-23 18:59:00,3142.26,3143.04,3142.07,3142.67,208,26.2
2026-03-23 19:00:00,3142.67,3143.18,3142.6,3143.09,182,23.2
2026-03-23 19:01:00,3143.09,3143.53,3142.41,3142.87,241,27.1
2026-03-23 19:02:00,3142.87,3143.16,3142.44,3142.82,267,28.3
2026-03-23 19:03:00,3142.82,3143.2,3142.6,3142.9,186,25.9
2026-03-23 19:04:00,3142.9,3143.0,3142.83,3142.9,118,26.1
2026-03-23 19:05:00,3142.9,3143.14,3142.35,3142.51,178,26.2
2026-03-23 19:06:00,3142.51,3142.52,3142.36,3142.44,135,29.4
2026-03-23 19:07:00,3142.44,3142.46,3142.28,3142.4,103,25.4
2026-03-23 19:08:00,3142.4,3142.78,3142.33,3142.65,188,23.1
2026-03-23 19:09:00,3142.65,3142.88,3142.57,3142.8,107,25.6
2026-03-23 19:10:00,3142.8,3142.85,3142.71,3142.83,162,23.4
2026-03-23 19:11:00,3142.83,3143.27,3142.81,3143.22,127,22.6
2026-03-23 19:12:00,3143.22,3143.4,3143.15,3143.3,108,23.6
2026-03-23 19:13:00,3143.3,3143.63,3143.23,3143.52,170,26.8
2026-03-23 19:14:00,3143.52,3143.66,3143.17,3143.36,178,22.1
2026-03-23 19:15:00,3143.36,3144.31,3143.02,3143.84,243,22.1
2026-03-23 19:16:00,3143.84,3143.96,3143.69,3143.84,210,23.8
2026-03-23 19:17:00,3143.84,3143.93,3143.46,3143.53,261,24.7
2026-03-23 19:18:00,3143.53,3143.64,3143.16,3143.2,261,23.7
2026-03-23 19:19:00,3143.2,3143.42,3143.14,3143.3,142,26.0
2026-03-23 19:20:00,3143.3,3143.36,3143.22,3143.36,257,25.2
2026-03-23 19:21:00,3143.36,3144.01,3141.8,3143.02,254,29.8
2026-03-23 19:22:00,3143.02,3143.31,3143.0,3143.2,69,28.9
2026-03-23 19:23:00,3143.2,3143.27,3143.13,3143.18,199,29.7
2026-03-23 19:24:00,3143.18,3143.18,3142.96,3143.06,109,22.3
2026-03-23 19:25:00,3143.06,3143.17,3142.65,3142.76,46,24.3
2026-03-23 19:26:00,3142.76,3142.8,3142.59,3142.63,60,28.9
2026-03-23 19:27:00,3142.63,3142.79,3142.61,3142.71,233,29.2
2026-03-23 19:28:00,3142.71,3142.88,3141.9,3142.2,108,25.8
2026-03-23 19:29:00,3142.2,3142.39,3141.62,3141.81,101,29.9
2026-03-23 19:30:00,3141.81,3142.26,3141.74,3142.02,247,29.3
2026-03-23 19:31:00,3142.02,3142.37,3141.59,3141.81,234,24.8
2026-03-23 19:32:00,3141.81,3141.98,3141.57,3141.82,86,23.4
2026-03-23 19:33:00,3141.82,3142.42,3141.45,3142.39,81,22.8
2026-03-23 19:34:00,3142.39,3142.6,3142.15,3142.23,158,27.0
2026-03-23 19:35:00,3142.23,3142.91,3142.08,3142.81,161,28.1
2026-03-23 19:36:00,3142.81,3142.9,3142.59,3142.61,204,24.6
2026-03-23 19:37:00,3142.61,3142.73,3142.59,3142.67,159,25.7
2026-03-23 19:38:00,3142.67,3143.06,3142.65,3142.93,196,27.7
2026-03-23 19:39:00,3142.93,3143.37,3142.83,3143.23,83,29.6
2026-03-23 19:40:00,3143.23,3143.36,3143.04,3143.29,46,26.9
2026-03-23 19:41:00,3143.29,3143.45,3143.29,3143.41,199,23.2
2026-03-23 19:42:00,3143.41,3144.01,3143.24,3143.78,68,25.5
2026-03-23 19:43:00,3143.78,3143.89,3143.74,3143.89,221,24.5
2026-03-23 19:44:00,3143.89,3144.04,3143.89,3144.04,234,24.0
2026-03-23 19:45:00,3144.04,3144.11,3143.85,3143.94,235,27.4
2026-03-23 19:46:00,3143.94,3144.43,3143.66,3144.25,188,27.8
2026-03-23 19:47:00,3144.25,3144.43,3144.12,3144.33,126,26.3
2026-03-23 19:48:00,3144.33,3144.34,3144.26,3144.3,108,22.1
2026-03-23 19:49:00,3144.3,3144.31,3144.26,3144.27,182,25.0
2026-03-23 19:50:00,3144.27,3144.58,3143.97,3144.15,66,29.9
2026-03-23 19:51:00,3144.15,3144.41,3143.19,3143.69,204,29.9
2026-03-23 19:52:00,3143.69,3144.41,3143.63,3143.71,48,23.4
2026-03-23 19:53:00,3143.71,3143.86,3143.23,3143.3,180,26.7
2026-03-23 19:54:00,3143.3,3143.8,3143.23,3143.75,100,22.1
2026-03-23 19:55:00,3143.75,3143.85,3143.73,3143.81,91,22.5
2026-03-23 19:56:00,3143.81,3143.94,3143.65,3143.68,117,23.9
2026-03-23 19:57:00,3143.68,3144.06,3142.54,3142.88,110,28.1
2026-03-23 19:58:00,3142.88,3142.88,3142.78,3142.85,101,23.8
2026-03-23 19:59:00,3142.85,3142.96,3142.51,3142.6,86,27.6
2026-03-23 20:00:00,3142.6,3142.72,3142.59,3142.67,91,22.0
2026-03-23 20:01:00,3142.67,3142.82,3142.54,3142.59,161,23.4
2026-03-23 20:02:00,3142.59,3142.61,3142.39,3142.43,110,27.8
2026-03-23 20:03:00,3142.43,3143.01,3142.35,3142.82,263,29.7
2026-03-23 20:04:00,3142.82,3143.15,3142.68,3142.96,233,25.2
2026-03-23 20:05:00,3142.96,3143.42,3142.93,3143.22,253,25.9
2026-03-23 20:06:00,3143.22,3143.54,3143.15,3143.46,131,26.8
2026-03-23 20:07:00,3143.46,3143.99,3143.43,3143.82,255,25.8
2026-03-23 20:08:00,3143.82,3144.06,3143.04,3143.38,268,22.1
2026-03-23 20:09:00,3143.38,3143.45,3143.37,3143.37,248,25.1
2026-03-23 20:10:00,3143.37,3143.43,3143.07,3143.11,254,29.4
2026-03-23 20:11:00,3143.11,3143.61,3142.99,3143.34,57,24.8
2026-03-23 20:12:00,3143.34,3143.35,3143.31,3143.32,200,29.4
2026-03-23 20:13:00,3143.32,3143.37,3143.0,3143.11,78,27.3
2026-03-23 20:14:00,3143.11,3143.76,3143.02,3143.61,255,26.8
2026-03-23 20:15:00,3143.61,3143.67,3142.49,3143.45,246,27.6
2026-03-23 20:16:00,3143.45,3143.91,3143.09,3143.44,115,28.6
2026-03-23 20:17:00,3143.44,3144.35,3143.38,3143.67,176,28.0
2026-03-23 20:18:00,3143.67,3144.28,3143.48,3143.95,83,24.8
2026-03-23 20:19:00,3143.95,3144.4,3143.88,3144.29,195,22.0
2026-03-23 20:20:00,3144.29,3144.4,3144.27,3144.37,70,25.4
2026-03-23 20:21:00,3144.37,3144.53,3144.35,3144.52,219,28.5
2026-03-23 20:22:00,3144.52,3144.8,3144.17,3144.72,63,29.9
2026-03-23 20:23:00,3144.72,3144.76,3144.41,3144.51,154,25.0
2026-03-23 20:24:00,3144.51,3145.33,3143.96,3144.72,54,28.1
2026-03-23 20:25:00,3144.72,3144.72,3144.69,3144.7,219,26.2
2026-03-23 20:26:00,3144.7,3144.76,3144.64,3144.68,117,25.9
2026-03-23 20:27:00,3144.68,3144.81,3144.25,3144.28,126,29.5
2026-03-23 20:28:00,3144.28,3145.08,3144.04,3144.79,50,28.5
2026-03-23 20:29:00,3144.79,3144.85,3144.69,3144.77,129,29.0
2026-03-23 20:30:00,3144.77,3144.96,3144.6,3144.96,261,27.5
2026-03-23 20:31:00,3144.96,3144.97,3144.51,3144.69,119,22.1
2026-03-23 20:32:00,3144.69,3144.85,3143.64,3144.22,261,23.9
2026-03-23 20:33:00,3144.22,3144.71,3143.93,3144.23,112,29.9
2026-03-23 20:34:00,3144.23,3144.97,3144.22,3144.58,159,27.7
2026-03-23 20:35:00,3144.58,3144.77,3143.72,3144.14,83,24.4
2026-03-23 20:36:00,3144.14,3144.17,3143.56,3143.77,206,29.6
2026-03-23 20:37:00,3143.77,3143.83,3143.54,3143.78,252,25.5
2026-03-23 20:38:00,3143.78,3144.21,3143.1,3143.67,257,24.2
2026-03-23 20:39:00,3143.67,3143.77,3143.07,3143.24,259,27.8
2026-03-23 20:40:00,3143.24,3143.98,3142.85,3143.44,195,29.4
2026-03-23 20:41:00,3143.44,3143.95,3143.35,3143.5,71,26.5
2026-03-23 20:42:00,3143.5,3143.61,3143.19,3143.28,73,22.9
2026-03-23 20:43:00,3143.28,3143.55,3143.26,3143.55,168,29.6
2026-03-23 20:44:00,3143.55,3143.98,3143.03,3143.11,197,25.1
2026-03-23 20:45:00,3143.11,3143.4,3143.03,3143.29,78,23.8
2026-03-23 20:46:00,3143.29,3143.35,3143.25,3143.34,240,24.4
2026-03-23 20:47:00,3143.34,3143.82,3143.04,3143.7,72,27.6
2026-03-23 20:48:00,3143.7,3143.75,3143.12,3143.33,58,28.8
2026-03-23 20:49:00,3143.33,3143.42,3142.72,3143.13,231,24.7
2026-03-23 20:50:00,3143.13,3144.0,3142.97,3143.51,232,27.9
2026-03-23 20:51:00,3143.51,3144.07,3142.79,3143.26,200,28.8
2026-03-23 20:52:00,3143.26,3143.34,3142.78,3143.14,206,24.8
2026-03-23 20:53:00,3143.14,3143.22,3143.12,3143.18,230,25.2
2026-03-23 20:54:00,3143.18,3143.28,3142.87,3143.01,251,29.5
2026-03-23 20:55:00,3143.01,3143.73,3143.01,3143.35,211,23.7
2026-03-23 20:56:00,3143.35,3143.6,3143.27,3143.44,83,22.8
2026-03-23 20:57:00,3143.44,3143.6,3142.82,3142.89,270,22.8
2026-03-23 20:58:00,3142.89,3142.96,3142.66,3142.71,135,24.7
2026-03-23 20:59:00,3142.71,3143.3,3142.48,3142.74,204,27.5
2026-03-23 21:00:00,3142.74,3143.18,3142.48,3142.97,146,27.4
2026-03-23 21:01:00,3142.97,3143.13,3142.93,3143.09,162,23.0
2026-03-23 21:02:00,3143.09,3143.41,3142.9,3143.37,133,26.7
2026-03-23 21:03:00,3143.37,3143.44,3143.29,3143.31,59,27.2
2026-03-23 21:04:00,3143.31,3143.44,3142.65,3143.01,225,28.9
2026-03-23 21:05:00,3143.01,3143.12,3142.75,3142.92,226,25.9
2026-03-23 21:06:00,3142.92,3143.04,3142.88,3142.99,45,28.0
2026-03-23 21:07:00,3142.99,3143.36,3142.96,3143.34,81,28.4
2026-03-23 21:08:00,3143.34,3143.35,3143.26,3143.31,83,24.1
2026-03-23 21:09:00,3143.31,3143.32,3143.11,3143.16,163,29.6
2026-03-23 21:10:00,3143.16,3143.22,3142.75,3142.98,126,24.3
2026-03-23 21:11:00,3142.98,3143.15,3142.9,3142.92,53,26.1
2026-03-23 21:12:00,3142.92,3143.3,3142.82,3143.22,73,24.4
2026-03-23 21:13:00,3143.22,3143.31,3142.3,3142.6,81,25.4
2026-03-23 21:14:00,3142.6,3142.74,3142.54,3142.56,213,22.7
2026-03-23 21:15:00,3142.56,3143.09,3142.4,3142.81,193,27.1
2026-03-23 21:16:00,3142.81,3143.27,3142.61,3142.65,183,26.8
2026-03-23 21:17:00,3142.65,3142.84,3142.58,3142.69,120,24.2
2026-03-23 21:18:00,3142.69,3142.79,3142.54,3142.55,131,24.9
2026-03-23 21:19:00,3142.55,3143.39,3142.47,3142.7,165,23.8
2026-03-23 21:20:00,3142.7,3142.98,3142.54,3142.81,171,24.5
2026-03-23 21:21:00,3142.81,3142.84,3142.39,3142.49,86,22.8
2026-03-23 21:22:00,3142.49,3143.09,3142.36,3142.78,73,27.9
2026-03-23 21:23:00,3142.78,3142.97,3142.63,3142.69,175,27.5
2026-03-23 21:24:00,3142.69,3142.76,3142.3,3142.54,207,22.4
2026-03-23 21:25:00,3142.54,3142.69,3141.66,3141.79,263,25.5
2026-03-23 21:26:00,3141.79,3142.31,3141.62,3142.12,138,29.5
2026-03-23 21:27:00,3142.12,3142.14,3141.65,3141.75,65,28.8
2026-03-23 21:28:00,3141.75,3141.88,3141.51,3141.7,142,22.5
2026-03-23 21:29:00,3141.7,3141.77,3141.2,3141.33,200,29.5
2026-03-23 21:30:00,3141.33,3141.77,3140.42,3140.98,206,27.6
2026-03-23 21:31:00,3140.98,3142.13,3139.98,3141.16,247,24.8
2026-03-23 21:32:00,3141.16,3141.55,3141.08,3141.41,252,27.5
2026-03-23 21:33:00,3141.41,3141.72,3141.05,3141.46,142,22.6
2026-03-23 21:34:00,3141.46,3141.99,3141.21,3141.67,242,23.4
2026-03-23 21:35:00,3141.67,3141.69,3141.5,3141.59,175,24.4
2026-03-23 21:36:00,3141.59,3142.56,3141.29,3142.17,250,29.4
2026-03-23 21:37:00,3142.17,3142.29,3141.76,3141.85,126,25.9
2026-03-23 21:38:00,3141.85,3141.86,3141.76,3141.77,166,24.8
2026-03-23 21:39:00,3141.77,3141.82,3141.44,3141.46,196,23.2
2026-03-23 21:40:00,3141.46,3141.74,3141.06,3141.25,145,25.8
2026-03-23 21:41:00,3141.25,3141.48,3141.25,3141.4,248,25.5
2026-03-23 21:42:00,3141.4,3141.48,3141.27,3141.4,81,23.6
2026-03-23 21:43:00,3141.4,3142.3,3141.32,3141.44,157,29.6
2026-03-23 21:44:00,3141.44,3141.72,3141.14,3141.35,257,28.4
2026-03-23 21:45:00,3141.35,3141.45,3140.97,3141.08,73,28.6
2026-03-23 21:46:00,3141.08,3141.16,3140.77,3141.07,1284,26.0
2026-03-23 21:47:00,3141.07,3141.23,3140.78,3140.84,80,24.3
2026-03-23 21:48:00,3140.84,3140.9,3140.72,3140.79,143,23.5
2026-03-23 21:49:00,3140.79,3141.23,3140.6,3140.88,86,27.7
2026-03-23 21:50:00,3140.88,3140.91,3140.72,3140.75,89,28.8
2026-03-23 21:51:00,3140.75,3140.77,3140.59,3140.6,138,25.4
2026-03-23 21:52:00,3140.6,3140.77,3140.53,3140.76,56,27.6
2026-03-23 21:53:00,3140.76,3140.79,3140.66,3140.7,117,24.2
2026-03-23 21:54:00,3140.7,3141.14,3140.65,3141.07,184,23.5
2026-03-23 21:55:00,3141.07,3141.29,3140.79,3141.04,66,23.5
2026-03-23 21:56:00,3141.04,3141.11,3140.93,3141.02,180,27.5
2026-03-23 21:57:00,3141.02,3141.08,3140.71,3140.85,249,25.0
2026-03-23 21:58:00,3140.85,3141.49,3139.96,3140.75,89,27.0
2026-03-23 21:59:00,3140.75,3140.78,3140.66,3140.68,211,29.4
2026-03-23 22:00:00,3140.68,3140.69,3140.53,3140.57,111,28.1
2026-03-23 22:01:00,3140.57,3140.8,3140.26,3140.53,65,28.8
2026-03-23 22:02:00,3140.53,3140.64,3140.25,3140.37,36,22.9
2026-03-23 22:03:00,3140.37,3140.39,3140.36,3140.39,101,27.6
2026-03-23 22:04:00,3140.39,3140.46,3140.38,3140.41,64,23.5
2026-03-23 22:05:00,3140.41,3140.49,3140.19,3140.25,266,25.1
2026-03-23 22:06:00,3140.25,3140.33,3139.97,3140.14,73,23.7
2026-03-23 22:07:00,3140.14,3140.17,3139.86,3139.87,42,28.8
2026-03-23 22:08:00,3139.87,3140.16,3139.82,3139.91,100,23.9
2026-03-23 22:09:00,3139.91,3139.99,3139.83,3139.89,86,29.8
2026-03-23 22:10:00,3139.89,3139.96,3139.7,3139.82,61,26.8
2026-03-23 22:11:00,3139.82,3140.15,3139.82,3139.83,56,24.4
2026-03-23 22:12:00,3139.83,3140.25,3139.72,3140.06,99,29.7
2026-03-23 22:13:00,3140.06,3140.72,3140.01,3140.45,84,27.8
2026-03-23 22:14:00,3140.45,3140.63,3140.39,3140.57,96,26.4
2026-03-23 22:15:00,3140.57,3140.66,3140.56,3140.59,68,25.6
2026-03-23 22:16:00,3140.59,3140.83,3140.54,3140.78,86,23.5
2026-03-23 22:17:00,3140.78,3141.41,3140.58,3141.09,39,24.5
2026-03-23 22:18:00,3141.09,3141.24,3140.91,3141.2,94,22.6
2026-03-23 22:19:00,3141.2,3141.61,3141.18,3141.55,21,22.1
2026-03-23 22:20:00,3141.55,3141.75,3141.51,3141.73,21,27.2
2026-03-23 22:21:00,3141.73,3141.98,3141.59,3141.85,107,22.1
2026-03-23 22:22:00,3141.85,3141.86,3141.76,3141.79,35,23.6
2026-03-23 22:23:00,3141.79,3141.95,3141.79,3141.91,24,26.3
2026-03-23 22:24:00,3141.91,3141.96,3141.77,3141.77,63,24.4
2026-03-23 22:25:00,3141.77,3141.92,3141.74,3141.85,90,24.8
2026-03-23 22:26:00,3141.85,3142.01,3141.8,3142.0,56,28.6
2026-03-23 22:27:00,3142.0,3142.24,3141.99,3142.14,24,24.7
2026-03-23 22:28:00,3142.14,3142.16,3141.97,3142.08,50,23.4
2026-03-23 22:29:00,3142.08,3142.21,3141.97,3142.14,57,24.3
2026-03-23 22:30:00,3142.14,3142.25,3142.14,3142.22,86,28.5
2026-03-23 22:31:00,3142.22,3142.34,3142.16,3142.27,103,23.2
2026-03-23 22:32:00,3142.27,3142.54,3142.26,3142.46,59,26.6
2026-03-23 22:33:00,3142.46,3142.63,3142.41,3142.53,84,26.0
2026-03-23 22:34:00,3142.53,3142.61,3142.49,3142.57,74,28.4
2026-03-23 22:35:00,3142.57,3142.6,3142.56,3142.59,99,23.8
2026-03-23 22:36:00,3142.59,3142.69,3142.59,3142.66,76,28.0
2026-03-23 22:37:00,3142.66,3142.69,3142.65,3142.67,106,23.1
2026-03-23 22:38:00,3142.67,3143.0,3142.49,3142.74,44,28.6
2026-03-23 22:39:00,3142.74,3142.93,3142.63,3142.9,34,23.8
2026-03-23 22:40:00,3142.9,3143.26,3142.89,3143.11,105,22.2
2026-03-23 22:41:00,3143.11,3143.19,3143.1,3143.18,21,23.3
2026-03-23 22:42:00,3143.18,3143.48,3143.06,3143.32,50,28.5
2026-03-23 22:43:00,3143.32,3143.56,3143.32,3143.47,31,27.8
2026-03-23 22:44:00,3143.47,3143.77,3143.35,3143.76,89,29.0
2026-03-23 22:45:00,3143.76,3143.84,3143.69,3143.8,51,25.6
2026-03-23 22:46:00,3143.8,3144.13,3143.79,3143.98,41,25.4
2026-03-23 22:47:00,3143.98,3144.38,3143.85,3144.24,81,22.4
2026-03-23 22:48:00,3144.24,3144.34,3144.11,3144.13,102,28.5
2026-03-23 22:49:00,3144.13,3144.16,3144.12,3144.15,99,25.4
2026-03-23 22:50:00,3144.15,3144.16,3144.1,3144.12,51,22.2
2026-03-23 22:51:00,3144.12,3144.35,3144.09,3144.26,78,23.6
2026-03-23 22:52:00,3144.26,3144.31,3144.26,3144.27,56,26.5
2026-03-23 22:53:00,3144.27,3144.29,3144.19,3144.23,56,29.7
2026-03-23 22:54:00,3144.23,3144.34,3144.11,3144.32,35,27.6
2026-03-23 22:55:00,3144.32,3144.48,3144.32,3144.39,36,28.4
2026-03-23 22:56:00,3144.39,3144.58,3144.29,3144.43,86,25.7
2026-03-23 22:57:00,3144.43,3144.66,3143.78,3144.39,82,27.7
2026-03-23 22:58:00,3144.39,3144.42,3144.19,3144.27,64,29.4
2026-03-23 22:59:00,3144.27,3144.49,3144.12,3144.44,82,27.7
2026-03-23 23:00:00,3144.44,3144.47,3144.14,3144.34,76,23.2
2026-03-23 23:01:00,3144.34,3144.46,3144.1,3144.24,37,28.4
2026-03-23 23:02:00,3144.24,3144.24,3144.2,3144.21,46,23.3
2026-03-23 23:03:00,3144.21,3144.42,3144.06,3144.32,116,29.8
2026-03-23 23:04:00,3144.32,3144.68,3144.22,3144.55,33,26.5
2026-03-23 23:05:00,3144.55,3144.65,3144.54,3144.6,62,26.1
2026-03-23 23:06:00,3144.6,3144.84,3144.51,3144.73,44,24.1
2026-03-23 23:07:00,3144.73,3144.73,3144.57,3144.6,78,26.5
2026-03-23 23:08:00,3144.6,3144.62,3144.46,3144.49,112,22.6
2026-03-23 23:09:00,3144.49,3144.58,3144.45,3144.57,60,22.9
2026-03-23 23:10:00,3144.57,3144.83,3144.03,3144.52,68,23.6
2026-03-23 23:11:00,3144.52,3144.73,3144.51,3144.61,41,25.6
2026-03-23 23:12:00,3144.61,3144.71,3144.35,3144.51,68,22.3
2026-03-23 23:13:00,3144.51,3144.53,3144.42,3144.44,45,23.7
2026-03-23 23:14:00,3144.44,3144.61,3144.38,3144.54,73,22.7
2026-03-23 23:15:00,3144.54,3144.6,3144.52,3144.59,63,29.1
2026-03-23 23:16:00,3144.59,3144.69,3144.55,3144.65,36,28.0
2026-03-23 23:17:00,3144.65,3144.93,3144.44,3144.74,77,25.5
2026-03-23 23:18:00,3144.74,3144.95,3144.61,3144.89,116,26.8
2026-03-23 23:19:00,3144.89,3144.97,3144.76,3144.97,115,28.6
2026-03-23 23:20:00,3144.97,3145.29,3144.97,3145.21,66,28.9
2026-03-23 23:21:00,3145.21,3145.54,3145.12,3145.41,23,28.9
2026-03-23 23:22:00,3145.41,3145.43,3145.25,3145.28,117,29.8
2026-03-23 23:23:00,3145.28,3145.49,3145.17,3145.35,50,27.4
2026-03-23 23:24:00,3145.35,3145.55,3145.29,3145.47,56,26.0
2026-03-23 23:25:00,3145.47,3145.59,3144.87,3145.33,66,25.4
2026-03-23 23:26:00,3145.33,3145.4,3145.12,3145.2,64,23.4
2026-03-23 23:27:00,3145.2,3145.45,3145.07,3145.11,28,27.6
2026-03-23 23:28:00,3145.11,3145.15,3144.93,3145.01,114,22.8
2026-03-23 23:29:00,3145.01,3145.09,3144.78,3144.87,107,27.1
2026-03-23 23:30:00,3144.87,3144.9,3144.75,3144.76,118,23.8
2026-03-23 23:31:00,3144.76,3144.98,3144.58,3144.78,300,25.7
2026-03-23 23:32:00,3144.78,3144.82,3144.53,3144.69,112,28.3
2026-03-23 23:33:00,3144.69,3144.77,3144.67,3144.68,35,23.9
2026-03-23 23:34:00,3144.68,3144.69,3144.41,3144.48,64,28.7
2026-03-23 23:35:00,3144.48,3144.5,3144.42,3144.45,102,29.8
2026-03-23 23:36:00,3144.45,3144.64,3144.4,3144.56,36,25.4
2026-03-23 23:37:00,3144.56,3144.64,3144.38,3144.51,100,22.8
2026-03-23 23:38:00,3144.51,3144.74,3144.5,3144.71,22,28.1
2026-03-23 23:39:00,3144.71,3144.71,3144.48,3144.59,114,27.0
2026-03-23 23:40:00,3144.59,3145.14,3144.26,3144.78,38,26.6
2026-03-23 23:41:00,3144.78,3144.83,3144.77,3144.8,99,29.2
2026-03-23 23:42:00,3144.8,3144.81,3144.8,3144.8,79,25.0
2026-03-23 23:43:00,3144.8,3144.87,3144.76,3144.83,46,22.9
2026-03-23 23:44:00,3144.83,3144.91,3144.59,3144.72,22,22.7
2026-03-23 23:45:00,3144.72,3144.74,3144.68,3144.72,110,25.9
2026-03-23 23:46:00,3144.72,3144.74,3144.71,3144.74,82,29.3
2026-03-23 23:47:00,3144.74,3144.76,3144.59,3144.67,81,22.9
2026-03-23 23:48:00,3144.67,3144.67,3144.65,3144.65,72,23.3
2026-03-23 23:49:00,3144.65,3144.76,3144.37,3144.37,34,23.7
2026-03-23 23:50:00,3144.37,3144.56,3144.34,3144.46,76,27.8
2026-03-23 23:51:00,3144.46,3144.53,3144.21,3144.42,114,25.7
2026-03-23 23:52:00,3144.42,3144.44,3144.27,3144.32,98,23.4
2026-03-23 23:53:00,3144.32,3144.38,3144.03,3144.08,65,23.3
2026-03-23 23:54:00,3144.08,3144.2,3144.02,3144.15,58,28.0
2026-03-23 23:55:00,3144.15,3144.23,3143.86,3143.99,45,28.6
2026-03-23 23:56:00,3143.99,3144.22,3143.98,3144.06,38,24.3
2026-03-23 23:57:00,3144.06,3144.08,3143.89,3143.91,58,25.4
2026-03-23 23:58:00,3143.91,3143.99,3143.9,3143.98,101,28.2
2026-03-23 23:59:00,3143.98,3144.06,3143.97,3144.05,42,23.9
2026-03-24 00:00:00,3144.05,3144.17,3144.03,3144.14,35,24.2
2026-03-24 00:01:00,3144.14,3144.21,3143.88,3144.06,148,23.1
2026-03-24 00:02:00,3144.06,3144.09,3143.9,3144.0,390,28.4
2026-03-24 00:03:00,3144.0,3144.2,3143.93,3144.19,128,29.9
2026-03-24 00:04:00,3144.19,3144.71,3143.39,3144.04,58,29.0
2026-03-24 00:05:00,3144.04,3144.27,3143.97,3144.19,73,20.4
2026-03-24 00:06:00,3144.19,3144.29,3144.19,3144.27,135,21.7
2026-03-24 00:07:00,3144.27,3144.65,3144.17,3144.49,55,25.8
2026-03-24 00:08:00,3144.49,3144.64,3143.79,3144.26,53,26.6
2026-03-24 00:09:00,3144.26,3144.33,3144.13,3144.27,134,27.7
2026-03-24 00:10:00,3144.27,3144.29,3144.16,3144.16,52,20.8
2026-03-24 00:11:00,3144.16,3144.33,3143.91,3144.06,65,23.9
2026-03-24 00:12:00,3144.06,3144.13,3144.02,3144.11,142,23.1
2026-03-24 00:13:00,3144.11,3144.14,3143.95,3144.02,33,29.2
2026-03-24 00:14:00,3144.02,3144.26,3143.96,3144.16,43,21.6
2026-03-24 00:15:00,3144.16,3144.25,3144.12,3144.22,92,21.1
2026-03-24 00:16:00,3144.22,3144.31,3144.08,3144.27,44,22.7
2026-03-24 00:17:00,3144.27,3144.27,3144.19,3144.22,143,24.3
2026-03-24 00:18:00,3144.22,3144.49,3144.17,3144.4,88,22.9
2026-03-24 00:19:00,3144.4,3144.55,3144.35,3144.54,98,21.1
2026-03-24 00:20:00,3144.54,3144.62,3144.52,3144.61,116,20.7
2026-03-24 00:21:00,3144.61,3144.8,3144.58,3144.7,51,23.9
2026-03-24 00:22:00,3144.7,3145.2,3144.68,3145.01,89,22.9
2026-03-24 00:23:00,3145.01,3145.05,3144.92,3145.02,46,26.2
2026-03-24 00:24:00,3145.02,3145.02,3144.71,3144.77,67,29.0
2026-03-24 00:25:00,3144.77,3144.87,3144.7,3144.87,85,29.7
2026-03-24 00:26:00,3144.87,3144.87,3144.8,3144.84,97,24.9
2026-03-24 00:27:00,3144.84,3145.08,3144.82,3144.9,127,22.9
2026-03-24 00:28:00,3144.9,3145.39,3144.84,3145.11,87,24.5
2026-03-24 00:29:00,3145.11,3145.25,3145.06,3145.2,135,24.6
2026-03-24 00:30:00,3145.2,3145.23,3145.09,3145.13,27,26.0
2026-03-24 00:31:00,3145.13,3145.25,3145.08,3145.25,114,24.1
2026-03-24 00:32:00,3145.25,3145.84,3144.96,3145.76,106,23.6
2026-03-24 00:33:00,3145.76,3146.06,3145.31,3145.66,47,22.7
2026-03-24 00:34:00,3145.66,3145.77,3145.41,3145.56,60,26.8
2026-03-24 00:35:00,3145.56,3145.62,3145.38,3145.46,148,20.4
2026-03-24 00:36:00,3145.46,3145.48,3145.44,3145.48,43,23.5
2026-03-24 00:37:00,3145.48,3145.8,3145.42,3145.72,127,21.5
2026-03-24 00:38:00,3145.72,3145.74,3145.7,3145.71,87,24.5
2026-03-24 00:39:00,3145.71,3145.76,3145.7,3145.74,134,24.3
2026-03-24 00:40:00,3145.74,3145.9,3145.67,3145.77,43,29.6
2026-03-24 00:41:00,3145.77,3145.79,3145.74,3145.75,128,22.0
2026-03-24 00:42:00,3145.75,3145.83,3145.7,3145.75,142,23.9
2026-03-24 00:43:00,3145.75,3145.81,3145.49,3145.58,50,23.1
2026-03-24 00:44:00,3145.58,3145.59,3145.51,3145.53,143,24.2
2026-03-24 00:45:00,3145.53,3145.54,3145.27,3145.34,65,25.5
2026-03-24 00:46:00,3145.34,3145.65,3145.29,3145.59,148,26.9
2026-03-24 00:47:00,3145.59,3145.71,3145.15,3145.28,63,20.3
2026-03-24 00:48:00,3145.28,3145.33,3145.08,3145.18,137,25.8
2026-03-24 00:49:00,3145.18,3145.2,3145.06,3145.09,83,27.6
2026-03-24 00:50:00,3145.09,3145.32,3145.08,3145.22,101,20.8
2026-03-24 00:51:00,3145.22,3145.25,3145.09,3145.12,119,22.9
2026-03-24 00:52:00,3145.12,3145.25,3145.03,3145.17,42,27.0
2026-03-24 00:53:00,3145.17,3145.38,3145.17,3145.28,87,26.8
2026-03-24 00:54:00,3145.28,3145.29,3145.19,3145.22,91,22.0
2026-03-24 00:55:00,3145.22,3145.23,3144.95,3144.97,76,22.0
2026-03-24 00:56:00,3144.97,3145.12,3144.96,3145.05,103,21.8
2026-03-24 00:57:00,3145.05,3145.08,3144.82,3144.97,109,28.6
2026-03-24 00:58:00,3144.97,3145.0,3144.8,3144.9,62,25.1
2026-03-24 00:59:00,3144.9,3144.98,3144.69,3144.71,78,29.6
2026-03-24 01:00:00,3144.71,3144.76,3144.69,3144.76,99,21.5
2026-03-24 01:01:00,3144.76,3145.03,3144.69,3144.95,84,26.5
2026-03-24 01:02:00,3144.95,3144.96,3144.84,3144.86,135,24.6
2026-03-24 01:03:00,3144.86,3144.86,3144.85,3144.85,117,23.5
2026-03-24 01:04:00,3144.85,3144.89,3144.48,3144.74,109,24.6
2026-03-24 01:05:00,3144.74,3145.02,3144.67,3144.95,98,23.9
2026-03-24 01:06:00,3144.95,3144.99,3144.72,3144.86,100,25.1
2026-03-24 01:07:00,3144.86,3144.89,3144.76,3144.77,37,23.5
2026-03-24 01:08:00,3144.77,3144.82,3144.64,3144.68,123,25.0
2026-03-24 01:09:00,3144.68,3144.77,3144.66,3144.73,78,27.3
2026-03-24 01:10:00,3144.73,3145.08,3144.63,3145.07,81,20.6
2026-03-24 01:11:00,3145.07,3145.37,3145.03,3145.27,106,26.1
2026-03-24 01:12:00,3145.27,3145.32,3144.96,3145.01,50,22.0
2026-03-24 01:13:00,3145.01,3145.01,3144.66,3144.77,37,24.3
2026-03-24 01:14:00,3144.77,3144.86,3144.6,3144.74,94,28.1
2026-03-24 01:15:00,3144.74,3144.84,3144.56,3144.6,51,23.4
2026-03-24 01:16:00,3144.6,3144.69,3144.17,3144.28,42,24.7
2026-03-24 01:17:00,3144.28,3144.3,3143.98,3144.08,37,24.4
2026-03-24 01:18:00,3144.08,3144.14,3143.84,3143.89,145,22.3
2026-03-24 01:19:00,3143.89,3143.93,3143.7,3143.8,93,28.3
2026-03-24 01:20:00,3143.8,3144.13,3143.66,3143.91,32,28.5
2026-03-24 01:21:00,3143.91,3144.27,3143.6,3143.62,78,28.9
2026-03-24 01:22:00,3143.62,3143.65,3143.31,3143.46,118,23.3
2026-03-24 01:23:00,3143.46,3143.63,3143.41,3143.53,103,27.6
2026-03-24 01:24:00,3143.53,3143.54,3143.51,3143.52,101,27.7
2026-03-24 01:25:00,3143.52,3143.73,3143.51,3143.67,88,29.3
2026-03-24 01:26:00,3143.67,3143.7,3143.48,3143.58,149,26.5
2026-03-24 01:27:00,3143.58,3143.94,3143.54,3143.86,112,29.3
2026-03-24 01:28:00,3143.86,3143.94,3143.84,3143.92,80,25.5
2026-03-24 01:29:00,3143.92,3144.15,3143.87,3143.99,68,25.5
2026-03-24 01:30:00,3143.99,3144.1,3143.98,3144.06,120,20.6
2026-03-24 01:31:00,3144.06,3144.23,3143.98,3144.04,32,28.1
2026-03-24 01:32:00,3144.04,3144.05,3144.03,3144.05,108,21.3
2026-03-24 01:33:00,3144.05,3144.31,3144.04,3144.17,145,30.0
2026-03-24 01:34:00,3144.17,3144.39,3144.0,3144.3,53,24.9
2026-03-24 01:35:00,3144.3,3144.36,3143.88,3144.19,65,23.0
2026-03-24 01:36:00,3144.19,3144.42,3144.15,3144.35,104,25.0
2026-03-24 01:37:00,3144.35,3144.68,3144.26,3144.62,40,20.8
2026-03-24 01:38:00,3144.62,3144.67,3144.43,3144.49,108,28.2
2026-03-24 01:39:00,3144.49,3144.89,3144.45,3144.79,148,29.5
2026-03-24 01:40:00,3144.79,3144.93,3144.68,3144.85,74,22.8
2026-03-24 01:41:00,3144.85,3144.93,3144.7,3144.71,122,22.2
2026-03-24 01:42:00,3144.71,3145.06,3144.56,3144.88,141,20.3
2026-03-24 01:43:00,3144.88,3145.03,3144.74,3144.9,125,27.5
2026-03-24 01:44:00,3144.9,3144.96,3144.9,3144.96,117,27.4
2026-03-24 01:45:00,3144.96,3145.28,3144.86,3145.16,58,22.9
2026-03-24 01:46:00,3145.16,3145.37,3145.14,3145.17,26,23.8
2026-03-24 01:47:00,3145.17,3145.23,3144.97,3145.11,29,26.8
2026-03-24 01:48:00,3145.11,3145.97,3144.87,3145.67,510,23.6
2026-03-24 01:49:00,3145.67,3145.69,3145.62,3145.64,84,25.7
2026-03-24 01:50:00,3145.64,3145.88,3145.58,3145.77,99,23.6
2026-03-24 01:51:00,3145.77,3145.77,3145.65,3145.68,60,22.8
2026-03-24 01:52:00,3145.68,3145.69,3145.57,3145.62,108,24.9
2026-03-24 01:53:00,3145.62,3146.09,3145.61,3145.86,116,21.1
2026-03-24 01:54:00,3145.86,3146.67,3145.85,3145.94,133,29.5
2026-03-24 01:55:00,3145.94,3145.94,3145.88,3145.92,90,23.5
2026-03-24 01:56:00,3145.92,3146.04,3145.6,3145.74,34,22.0
2026-03-24 01:57:00,3145.74,3145.93,3145.65,3145.84,108,28.8
2026-03-24 01:58:00,3145.84,3145.97,3145.81,3145.96,62,29.4
2026-03-24 01:59:00,3145.96,3146.36,3145.77,3146.18,90,29.1
2026-03-24 02:00:00,3146.18,3146.41,3145.99,3146.24,109,27.1
2026-03-24 02:01:00,3146.24,3146.36,3146.23,3146.32,89,23.8
2026-03-24 02:02:00,3146.32,3146.45,3146.3,3146.34,137,26.3
2026-03-24 02:03:00,3146.34,3146.37,3146.05,3146.18,62,20.5
2026-03-24 02:04:00,3146.18,3146.48,3146.13,3146.23,65,23.3
2026-03-24 02:05:00,3146.23,3146.38,3146.14,3146.26,89,21.2
2026-03-24 02:06:00,3146.26,3146.57,3146.14,3146.52,54,23.6
2026-03-24 02:07:00,3146.52,3146.79,3146.4,3146.67,42,28.3
2026-03-24 02:08:00,3146.67,3146.84,3146.64,3146.83,89,28.0
2026-03-24 02:09:00,3146.83,3147.09,3146.67,3146.67,40,25.8
2026-03-24 02:10:00,3146.67,3146.76,3146.47,3146.5,136,27.7
2026-03-24 02:11:00,3146.5,3146.55,3146.28,3146.35,140,24.3
2026-03-24 02:12:00,3146.35,3146.41,3145.85,3145.95,68,21.3
2026-03-24 02:13:00,3145.95,3145.98,3145.18,3145.79,70,29.0
2026-03-24 02:14:00,3145.79,3145.9,3145.62,3145.7,121,29.1
2026-03-24 02:15:00,3145.7,3146.22,3145.67,3145.82,973,21.3
2026-03-24 02:16:00,3145.82,3146.18,3145.74,3146.08,90,23.7
2026-03-24 02:17:00,3146.08,3146.12,3146.03,3146.11,92,22.8
2026-03-24 02:18:00,3146.11,3146.14,3145.99,3146.02,47,28.4
2026-03-24 02:19:00,3146.02,3146.47,3145.96,3146.34,137,20.4
2026-03-24 02:20:00,3146.34,3146.34,3146.23,3146.25,81,21.0
2026-03-24 02:21:00,3146.25,3146.4,3146.22,3146.38,60,21.7
2026-03-24 02:22:00,3146.38,3146.54,3146.35,3146.35,140,22.1
2026-03-24 02:23:00,3146.35,3146.43,3146.23,3146.28,61,28.9
2026-03-24 02:24:00,3146.28,3146.36,3146.11,3146.27,62,25.7
2026-03-24 02:25:00,3146.27,3146.54,3146.25,3146.36,42,27.2
2026-03-24 02:26:00,3146.36,3146.37,3146.34,3146.34,126,27.3
2026-03-24 02:27:00,3146.34,3146.53,3146.28,3146.44,34,20.7
2026-03-24 02:28:00,3146.44,3146.76,3146.13,3146.57,126,23.1
2026-03-24 02:29:00,3146.57,3146.74,3146.17,3146.32,56,21.9
2026-03-24 02:30:00,3146.32,3146.56,3146.12,3146.24,44,23.8
2026-03-24 02:31:00,3146.24,3146.25,3146.09,3146.18,117,21.9
2026-03-24 02:32:00,3146.18,3146.21,3146.18,3146.2,47,20.0
2026-03-24 02:33:00,3146.2,3146.23,3146.01,3146.06,147,26.9
2026-03-24 02:34:00,3146.06,3146.08,3145.9,3145.94,126,23.0
2026-03-24 02:35:00,3145.94,3146.0,3145.77,3145.84,122,26.0
2026-03-24 02:36:00,3145.84,3145.87,3145.82,3145.82,84,29.7
2026-03-24 02:37:00,3145.82,3145.86,3145.72,3145.76,135,26.6
2026-03-24 02:38:00,3145.76,3145.93,3145.72,3145.9,138,24.1
2026-03-24 02:39:00,3145.9,3145.97,3145.63,3145.8,79,24.1
2026-03-24 02:40:00,3145.8,3145.83,3145.75,3145.77,129,29.1
2026-03-24 02:41:00,3145.77,3145.95,3145.75,3145.84,148,24.5
2026-03-24 02:42:00,3145.84,3146.17,3145.7,3146.16,127,23.3
2026-03-24 02:43:00,3146.16,3146.17,3146.1,3146.11,51,27.8
2026-03-24 02:44:00,3146.11,3146.3,3146.06,3146.25,54,22.0
2026-03-24 02:45:00,3146.25,3146.28,3146.16,3146.16,133,21.6
2026-03-24 02:46:00,3146.16,3146.32,3146.14,3146.29,45,29.4
2026-03-24 02:47:00,3146.29,3146.33,3146.11,3146.16,73,20.2
2026-03-24 02:48:00,3146.16,3146.21,3145.99,3146.01,34,21.3
2026-03-24 02:49:00,3146.01,3146.14,3145.86,3146.02,37,27.0
2026-03-24 02:50:00,3146.02,3146.04,3146.0,3146.01,66,27.9
2026-03-24 02:51:00,3146.01,3146.04,3145.96,3145.98,73,27.4
2026-03-24 02:52:00,3145.98,3146.42,3145.78,3146.11,141,20.9
2026-03-24 02:53:00,3146.11,3146.36,3145.46,3145.73,116,25.1
2026-03-24 02:54:00,3145.73,3146.28,3145.61,3146.02,72,22.2
2026-03-24 02:55:00,3146.02,3146.03,3145.86,3145.96,51,21.1
2026-03-24 02:56:00,3145.96,3146.02,3145.93,3146.01,85,24.9
2026-03-24 02:57:00,3146.01,3146.04,3145.9,3145.98,131,28.4
2026-03-24 02:58:00,3145.98,3146.03,3145.9,3145.9,113,23.2
2026-03-24 02:59:00,3145.9,3146.0,3145.43,3145.69,86,25.6
2026-03-24 03:00:00,3145.69,3145.74,3145.6,3145.68,114,28.6
2026-03-24 03:01:00,3145.68,3145.84,3145.62,3145.83,39,21.3
2026-03-24 03:02:00,3145.83,3145.85,3145.8,3145.81,120,24.2
2026-03-24 03:03:00,3145.81,3146.46,3145.26,3145.86,59,24.2
2026-03-24 03:04:00,3145.86,3145.9,3145.82,3145.83,91,26.2
2026-03-24 03:05:00,3145.83,3146.03,3145.81,3145.94,67,28.0
2026-03-24 03:06:00,3145.94,3145.98,3145.71,3145.87,131,27.2
2026-03-24 03:07:00,3145.87,3145.92,3145.47,3145.91,50,23.2
2026-03-24 03:08:00,3145.91,3146.04,3145.88,3146.04,45,25.4
2026-03-24 03:09:00,3146.04,3146.12,3146.03,3146.11,141,26.4
2026-03-24 03:10:00,3146.11,3146.16,3145.95,3145.99,57,25.8
2026-03-24 03:11:00,3145.99,3146.03,3145.99,3146.02,97,26.4
2026-03-24 03:12:00,3146.02,3146.33,3145.97,3146.18,123,28.0
2026-03-24 03:13:00,3146.18,3146.6,3146.15,3146.39,25,26.0
2026-03-24 03:14:00,3146.39,3146.42,3146.31,3146.31,46,29.9
2026-03-24 03:15:00,3146.31,3146.75,3146.26,3146.63,85,20.0
2026-03-24 03:16:00,3146.63,3146.84,3146.61,3146.79,74,25.0
2026-03-24 03:17:00,3146.79,3146.85,3146.79,3146.83,46,23.5
2026-03-24 03:18:00,3146.83,3146.98,3146.55,3146.69,87,28.3
2026-03-24 03:19:00,3146.69,3146.94,3146.53,3146.89,134,22.5
2026-03-24 03:20:00,3146.89,3147.14,3146.78,3147.09,142,26.7
2026-03-24 03:21:00,3147.09,3147.18,3147.07,3147.16,25,23.8
2026-03-24 03:22:00,3147.16,3147.76,3147.0,3147.36,26,23.3
2026-03-24 03:23:00,3147.36,3147.37,3147.3,3147.3,105,20.3
2026-03-24 03:24:00,3147.3,3147.49,3147.28,3147.44,102,25.7
2026-03-24 03:25:00,3147.44,3147.65,3147.1,3147.11,28,24.9
2026-03-24 03:26:00,3147.11,3147.17,3146.99,3147.13,35,27.1
2026-03-24 03:27:00,3147.13,3147.31,3147.1,3147.3,134,28.5
2026-03-24 03:28:00,3147.3,3147.37,3147.29,3147.35,65,26.1
2026-03-24 03:29:00,3147.35,3147.56,3147.27,3147.56,78,21.7
2026-03-24 03:30:00,3147.56,3147.58,3147.49,3147.51,118,26.7
2026-03-24 03:31:00,3147.51,3147.78,3147.39,3147.68,132,21.7
2026-03-24 03:32:00,3147.68,3147.72,3147.66,3147.7,97,20.0
2026-03-24 03:33:00,3147.7,3147.8,3147.68,3147.73,65,20.9
2026-03-24 03:34:00,3147.73,3147.88,3147.62,3147.68,72,29.7
2026-03-24 03:35:00,3147.68,3147.96,3147.54,3147.77,120,28.8
2026-03-24 03:36:00,3147.77,3147.79,3147.69,3147.69,42,21.3
2026-03-24 03:37:00,3147.69,3147.77,3147.68,3147.72,81,24.1
2026-03-24 03:38:00,3147.72,3147.77,3147.48,3147.59,82,24.9
2026-03-24 03:39:00,3147.59,3147.77,3147.51,3147.74,114,26.9
2026-03-24 03:40:00,3147.74,3148.11,3147.66,3148.03,148,26.5
2026-03-24 03:41:00,3148.03,3148.08,3147.91,3148.02,29,28.3
2026-03-24 03:42:00,3148.02,3148.09,3147.84,3147.93,66,25.2
2026-03-24 03:43:00,3147.93,3148.03,3147.69,3147.87,26,23.8
2026-03-24 03:44:00,3147.87,3147.92,3147.8,3147.81,70,24.8
2026-03-24 03:45:00,3147.81,3147.9,3147.65,3147.8,80,24.7
2026-03-24 03:46:00,3147.8,3147.82,3147.77,3147.8,86,24.7
2026-03-24 03:47:00,3147.8,3148.36,3147.67,3148.07,78,23.0
2026-03-24 03:48:00,3148.07,3148.14,3147.96,3147.98,46,22.7
2026-03-24 03:49:00,3147.98,3148.46,3147.89,3148.31,41,28.9
2026-03-24 03:50:00,3148.31,3148.31,3148.16,3148.2,43,27.9
2026-03-24 03:51:00,3148.2,3148.22,3148.16,3148.17,35,24.6
2026-03-24 03:52:00,3148.17,3148.22,3148.13,3148.15,96,28.6
2026-03-24 03:53:00,3148.15,3148.23,3147.87,3147.98,141,23.7
2026-03-24 03:54:00,3147.98,3148.0,3147.88,3147.97,74,23.8
2026-03-24 03:55:00,3147.97,3148.44,3147.75,3148.12,79,27.6
2026-03-24 03:56:00,3148.12,3148.37,3148.02,3148.28,28,25.3
2026-03-24 03:57:00,3148.28,3148.32,3148.22,3148.27,121,26.1
2026-03-24 03:58:00,3148.27,3148.31,3148.09,3148.09,63,20.8
2026-03-24 03:59:00,3148.09,3148.12,3147.89,3147.97,29,23.4
2026-03-24 04:00:00,3147.97,3148.0,3147.77,3147.81,38,29.6
2026-03-24 04:01:00,3147.81,3148.01,3147.75,3147.76,65,20.8
2026-03-24 04:02:00,3147.76,3147.76,3147.53,3147.67,110,25.1
2026-03-24 04:03:00,3147.67,3147.75,3147.46,3147.6,82,27.7
2026-03-24 04:04:00,3147.6,3147.86,3147.44,3147.68,39,27.8
2026-03-24 04:05:00,3147.68,3147.71,3147.42,3147.5,144,29.8
2026-03-24 04:06:00,3147.5,3147.57,3147.33,3147.45,80,22.6
2026-03-24 04:07:00,3147.45,3147.64,3147.39,3147.54,57,22.8
2026-03-24 04:08:00,3147.54,3147.64,3147.49,3147.63,62,26.7
2026-03-24 04:09:00,3147.63,3147.68,3147.5,3147.51,119,20.2
2026-03-24 04:10:00,3147.51,3147.69,3147.49,3147.67,88,21.8
2026-03-24 04:11:00,3147.67,3147.96,3147.59,3147.86,118,22.7
2026-03-24 04:12:00,3147.86,3147.87,3147.79,3147.79,102,25.7
2026-03-24 04:13:00,3147.79,3147.92,3147.36,3147.87,120,26.4
2026-03-24 04:14:00,3147.87,3147.92,3147.69,3147.75,120,24.0
2026-03-24 04:15:00,3147.75,3147.76,3147.63,3147.65,90,28.4
2026-03-24 04:16:00,3147.65,3147.66,3147.57,3147.65,52,27.9
2026-03-24 04:17:00,3147.65,3147.68,3147.58,3147.61,141,24.4
2026-03-24 04:18:00,3147.61,3147.63,3147.23,3147.32,109,22.8
2026-03-24 04:19:00,3147.32,3147.36,3146.96,3146.96,66,22.7
2026-03-24 04:20:00,3146.96,3147.1,3146.56,3146.69,78,26.1
2026-03-24 04:21:00,3146.69,3146.73,3146.36,3146.4,81,23.3
2026-03-24 04:22:00,3146.4,3146.69,3146.38,3146.59,74,28.5
2026-03-24 04:23:00,3146.59,3146.93,3146.53,3146.8,51,20.3
2026-03-24 04:24:00,3146.8,3146.91,3146.37,3146.45,84,25.3
2026-03-24 04:25:00,3146.45,3146.6,3146.45,3146.5,149,26.2
2026-03-24 04:26:00,3146.5,3146.86,3146.2,3146.59,73,27.4
2026-03-24 04:27:00,3146.59,3147.07,3146.49,3146.64,45,28.5
2026-03-24 04:28:00,3146.64,3147.0,3146.49,3146.67,52,29.8
2026-03-24 04:29:00,3146.67,3146.71,3146.53,3146.59,122,26.0
2026-03-24 04:30:00,3146.59,3146.72,3146.54,3146.69,121,25.0
2026-03-24 04:31:00,3146.69,3146.72,3146.24,3146.33,67,28.3
2026-03-24 04:32:00,3146.33,3146.43,3146.24,3146.41,78,26.6
2026-03-24 04:33:00,3146.41,3146.45,3146.15,3146.24,101,24.1
2026-03-24 04:34:00,3146.24,3146.28,3146.04,3146.06,105,24.1
2026-03-24 04:35:00,3146.06,3146.25,3145.64,3145.86,135,20.9
2026-03-24 04:36:00,3145.86,3146.12,3145.83,3146.01,85,29.1
2026-03-24 04:37:00,3146.01,3146.07,3145.75,3145.92,56,29.2
2026-03-24 04:38:00,3145.92,3146.02,3145.9,3146.01,107,24.4
2026-03-24 04:39:00,3146.01,3146.04,3145.71,3145.81,25,26.0
2026-03-24 04:40:00,3145.81,3146.17,3145.75,3146.08,74,26.8
2026-03-24 04:41:00,3146.08,3146.1,3146.01,3146.03,93,24.2
2026-03-24 04:42:00,3146.03,3146.26,3145.82,3146.24,131,24.4
2026-03-24 04:43:00,3146.24,3146.33,3145.98,3146.06,40,27.7
2026-03-24 04:44:00,3146.06,3146.37,3145.89,3146.21,117,28.5
2026-03-24 04:45:00,3146.21,3146.26,3145.97,3146.0,107,24.1
2026-03-24 04:46:00,3146.0,3146.47,3145.84,3146.25,68,24.6
2026-03-24 04:47:00,3146.25,3146.31,3146.14,3146.24,43,24.4
2026-03-24 04:48:00,3146.24,3146.42,3145.64,3145.95,64,20.3
2026-03-24 04:49:00,3145.95,3145.98,3145.65,3145.77,113,21.6
2026-03-24 04:50:00,3145.77,3145.84,3145.49,3145.58,133,26.1
2026-03-24 04:51:00,3145.58,3145.72,3145.16,3145.41,76,23.0
2026-03-24 04:52:00,3145.41,3145.7,3144.94,3145.29,89,29.0
2026-03-24 04:53:00,3145.29,3145.36,3145.28,3145.34,139,23.7
2026-03-24 04:54:00,3145.34,3145.35,3145.13,3145.14,44,26.7
2026-03-24 04:55:00,3145.14,3145.17,3145.07,3145.13,1128,27.8
2026-03-24 04:56:00,3145.13,3145.27,3144.78,3144.86,50,28.5
2026-03-24 04:57:00,3144.86,3144.9,3144.3,3144.53,133,20.3
2026-03-24 04:58:00,3144.53,3144.56,3143.83,3144.2,56,28.7
2026-03-24 04:59:00,3144.2,3144.36,3144.03,3144.28,47,28.0
2026-03-24 05:00:00,3144.28,3144.56,3144.25,3144.54,131,26.1
2026-03-24 05:01:00,3144.54,3144.57,3144.51,3144.56,86,29.1
2026-03-24 05:02:00,3144.56,3144.66,3144.44,3144.59,50,25.4
2026-03-24 05:03:00,3144.59,3144.67,3144.4,3144.45,26,24.4
2026-03-24 05:04:00,3144.45,3144.48,3144.37,3144.4,49,28.6
2026-03-24 05:05:00,3144.4,3144.42,3144.33,3144.35,105,26.3
2026-03-24 05:06:00,3144.35,3144.58,3143.72,3143.82,136,25.1
2026-03-24 05:07:00,3143.82,3143.84,3143.52,3143.68,48,23.4
2026-03-24 05:08:00,3143.68,3143.9,3143.35,3143.45,33,23.2
2026-03-24 05:09:00,3143.45,3143.73,3143.37,3143.63,49,26.7
2026-03-24 05:10:00,3143.63,3143.77,3143.62,3143.74,92,27.6
2026-03-24 05:11:00,3143.74,3143.82,3143.71,3143.76,75,26.8
2026-03-24 05:12:00,3143.76,3143.79,3143.48,3143.65,85,28.5
2026-03-24 05:13:00,3143.65,3143.8,3143.25,3143.61,63,27.9
2026-03-24 05:14:00,3143.61,3143.78,3143.34,3143.43,64,23.1
2026-03-24 05:15:00,3143.43,3143.57,3143.07,3143.14,128,23.9
2026-03-24 05:16:00,3143.14,3143.26,3143.13,3143.2,109,24.6
2026-03-24 05:17:00,3143.2,3143.28,3142.88,3143.05,50,22.9
2026-03-24 05:18:00,3143.05,3143.1,3143.04,3143.08,45,26.2
2026-03-24 05:19:00,3143.08,3143.1,3142.6,3142.98,113,24.8
2026-03-24 05:20:00,3142.98,3143.08,3142.67,3142.75,32,27.1
2026-03-24 05:21:00,3142.75,3142.78,3142.6,3142.66,120,26.4
2026-03-24 05:22:00,3142.66,3142.93,3142.51,3142.74,100,29.8
2026-03-24 05:23:00,3142.74,3142.87,3142.71,3142.77,92,22.0
2026-03-24 05:24:00,3142.77,3142.78,3142.74,3142.76,114,26.9
2026-03-24 05:25:00,3142.76,3143.02,3142.74,3142.89,84,23.1
2026-03-24 05:26:00,3142.89,3142.99,3142.6,3142.63,102,23.6
2026-03-24 05:27:00,3142.63,3142.8,3142.63,3142.75,92,20.2
2026-03-24 05:28:00,3142.75,3142.91,3142.66,3142.85,147,29.9
2026-03-24 05:29:00,3142.85,3142.98,3142.77,3142.89,97,28.0
2026-03-24 05:30:00,3142.89,3142.9,3142.68,3142.72,133,25.6
2026-03-24 05:31:00,3142.72,3142.93,3142.2,3142.36,60,29.2
2026-03-24 05:32:00,3142.36,3142.46,3141.76,3142.06,48,28.9
2026-03-24 05:33:00,3142.06,3142.17,3141.82,3141.83,98,23.4
2026-03-24 05:34:00,3141.83,3141.83,3141.76,3141.79,44,26.2
2026-03-24 05:35:00,3141.79,3141.84,3141.64,3141.72,98,22.2
2026-03-24 05:36:00,3141.72,3141.83,3141.56,3141.61,43,28.9
2026-03-24 05:37:00,3141.61,3142.09,3141.46,3141.81,147,21.8
2026-03-24 05:38:00,3141.81,3142.11,3141.74,3141.84,45,28.7
2026-03-24 05:39:00,3141.84,3141.95,3141.77,3141.93,81,22.7
2026-03-24 05:40:00,3141.93,3141.95,3141.87,3141.89,51,29.5
2026-03-24 05:41:00,3141.89,3141.96,3141.8,3141.81,47,24.5
2026-03-24 05:42:00,3141.81,3141.89,3141.79,3141.87,145,25.8
2026-03-24 05:43:00,3141.87,3141.89,3141.84,3141.87,71,26.0
2026-03-24 05:44:00,3141.87,3141.87,3141.55,3141.73,78,25.1
2026-03-24 05:45:00,3141.73,3141.85,3141.21,3141.51,63,28.6
2026-03-24 05:46:00,3141.51,3142.02,3141.33,3141.8,27,27.0
2026-03-24 05:47:00,3141.8,3141.81,3141.69,3141.72,41,22.7
2026-03-24 05:48:00,3141.72,3141.72,3141.53,3141.61,51,21.4
2026-03-24 05:49:00,3141.61,3141.62,3141.44,3141.5,148,26.6
2026-03-24 05:50:00,3141.5,3141.69,3141.36,3141.61,125,28.1
2026-03-24 05:51:00,3141.61,3141.69,3141.41,3141.54,125,25.0
2026-03-24 05:52:00,3141.54,3141.86,3141.52,3141.74,77,20.3
2026-03-24 05:53:00,3141.74,3141.74,3141.51,3141.59,36,23.8
2026-03-24 05:54:00,3141.59,3141.78,3141.25,3141.48,139,20.7
2026-03-24 05:55:00,3141.48,3141.52,3141.2,3141.31,41,21.3
2026-03-24 05:56:00,3141.31,3141.57,3141.13,3141.18,88,25.4
2026-03-24 05:57:00,3141.18,3141.24,3141.17,3141.21,35,28.5
2026-03-24 05:58:00,3141.21,3141.37,3141.19,3141.31,57,27.2
2026-03-24 05:59:00,3141.31,3141.4,3140.98,3141.12,138,26.6
2026-03-24 06:00:00,3141.12,3141.55,3141.1,3141.47,119,29.0
2026-03-24 06:01:00,3141.47,3141.61,3141.47,3141.59,43,20.3
2026-03-24 06:02:00,3141.59,3141.62,3141.51,3141.51,86,28.4
2026-03-24 06:03:00,3141.51,3141.58,3141.28,3141.32,104,23.4
2026-03-24 06:04:00,3141.32,3141.46,3140.97,3141.12,68,24.4
2026-03-24 06:05:00,3141.12,3141.16,3141.04,3141.11,110,28.9
2026-03-24 06:06:00,3141.11,3141.5,3141.06,3141.38,28,27.6
2026-03-24 06:07:00,3141.38,3141.42,3141.37,3141.4,136,21.3
2026-03-24 06:08:00,3141.4,3141.74,3141.27,3141.57,149,24.5
2026-03-24 06:09:00,3141.57,3142.27,3141.53,3142.07,27,24.0
2026-03-24 06:10:00,3142.07,3142.18,3141.77,3141.87,92,27.4
2026-03-24 06:11:00,3141.87,3142.06,3141.63,3141.8,37,28.0
2026-03-24 06:12:00,3141.8,3141.96,3141.57,3141.88,116,26.3
2026-03-24 06:13:00,3141.88,3141.99,3141.52,3141.65,62,29.4
2026-03-24 06:14:00,3141.65,3141.71,3141.41,3141.46,117,25.2
2026-03-24 06:15:00,3141.46,3141.5,3141.43,3141.46,147,20.0
2026-03-24 06:16:00,3141.46,3141.7,3141.45,3141.65,149,27.6
2026-03-24 06:17:00,3141.65,3141.73,3141.63,3141.66,131,29.5
2026-03-24 06:18:00,3141.66,3142.0,3141.5,3141.93,117,22.3
2026-03-24 06:19:00,3141.93,3142.17,3141.92,3142.02,40,29.4
2026-03-24 06:20:00,3142.02,3142.31,3141.97,3142.15,81,25.2
2026-03-24 06:21:00,3142.15,3142.16,3142.13,3142.14,68,21.2
2026-03-24 06:22:00,3142.14,3142.19,3141.96,3141.98,105,29.5
2026-03-24 06:23:00,3141.98,3142.37,3141.93,3142.14,38,25.8
2026-03-24 06:24:00,3142.14,3142.49,3141.85,3141.98,133,27.3
2026-03-24 06:25:00,3141.98,3142.31,3141.93,3142.13,117,28.4
2026-03-24 06:26:00,3142.13,3142.17,3141.98,3142.09,57,29.0
2026-03-24 06:27:00,3142.09,3142.37,3142.03,3142.31,110,20.8
2026-03-24 06:28:00,3142.31,3142.63,3142.16,3142.47,97,30.0
2026-03-24 06:29:00,3142.47,3142.71,3142.36,3142.6,147,25.2
2026-03-24 06:30:00,3142.6,3142.7,3142.22,3142.53,115,20.9
2026-03-24 06:31:00,3142.53,3142.62,3142.22,3142.34,98,24.2
2026-03-24 06:32:00,3142.34,3142.6,3142.26,3142.49,80,20.4
2026-03-24 06:33:00,3142.49,3142.52,3142.04,3142.46,127,20.3
2026-03-24 06:34:00,3142.46,3142.55,3142.21,3142.44,70,24.6
2026-03-24 06:35:00,3142.44,3142.53,3142.37,3142.4,126,22.5
2026-03-24 06:36:00,3142.4,3142.61,3142.23,3142.41,121,25.6
2026-03-24 06:37:00,3142.41,3142.66,3142.34,3142.58,132,28.2
2026-03-24 06:38:00,3142.58,3142.68,3142.32,3142.33,76,23.2
2026-03-24 06:39:00,3142.33,3142.44,3142.31,3142.39,128,25.0
2026-03-24 06:40:00,3142.39,3142.54,3142.39,3142.52,49,23.6
2026-03-24 06:41:00,3142.52,3142.62,3142.37,3142.46,114,29.1
2026-03-24 06:42:00,3142.46,3142.64,3142.11,3142.28,134,20.9
2026-03-24 06:43:00,3142.28,3142.31,3141.71,3142.13,129,27.2
2026-03-24 06:44:00,3142.13,3142.24,3142.05,3142.1,53,28.0
2026-03-24 06:45:00,3142.1,3142.15,3141.77,3141.89,53,20.4
2026-03-24 06:46:00,3141.89,3141.92,3141.82,3141.82,56,22.3
2026-03-24 06:47:00,3141.82,3141.96,3141.62,3141.66,48,28.6
2026-03-24 06:48:00,3141.66,3141.81,3141.54,3141.67,120,25.8
2026-03-24 06:49:00,3141.67,3141.72,3141.35,3141.5,55,28.0
2026-03-24 06:50:00,3141.5,3141.77,3141.14,3141.7,114,23.6
2026-03-24 06:51:00,3141.7,3142.16,3141.57,3141.99,65,25.4
2026-03-24 06:52:00,3141.99,3142.35,3141.9,3142.29,149,28.3
2026-03-24 06:53:00,3142.29,3142.33,3142.06,3142.1,80,29.9
2026-03-24 06:54:00,3142.1,3142.15,3142.09,3142.14,139,30.0
2026-03-24 06:55:00,3142.14,3142.32,3142.11,3142.28,146,28.7
2026-03-24 06:56:00,3142.28,3142.55,3142.16,3142.46,42,20.3
2026-03-24 06:57:00,3142.46,3142.52,3142.14,3142.28,137,22.2
2026-03-24 06:58:00,3142.28,3142.57,3142.17,3142.33,945,24.1
2026-03-24 06:59:00,3142.33,3142.35,3142.32,3142.34,77,20.5
2026-03-24 07:00:00,3142.34,3142.39,3142.04,3142.14,47,27.3
2026-03-24 07:01:00,3142.14,3142.37,3142.09,3142.35,114,20.3
2026-03-24 07:02:00,3142.35,3142.42,3142.23,3142.25,68,23.9
2026-03-24 07:03:00,3142.25,3142.32,3142.24,3142.32,50,23.1
2026-03-24 07:04:00,3142.32,3142.53,3142.2,3142.46,92,29.9
2026-03-24 07:05:00,3142.46,3142.66,3142.46,3142.64,460,28.8
2026-03-24 07:06:00,3142.64,3142.74,3142.62,3142.71,134,23.8
2026-03-24 07:07:00,3142.71,3142.83,3142.58,3142.59,112,21.7
2026-03-24 07:08:00,3142.59,3142.71,3142.33,3142.46,137,26.0
2026-03-24 07:09:00,3142.46,3142.69,3142.34,3142.53,126,25.1
2026-03-24 07:10:00,3142.53,3142.55,3142.34,3142.38,48,28.1
2026-03-24 07:11:00,3142.38,3142.5,3142.36,3142.46,83,21.7
2026-03-24 07:12:00,3142.46,3142.57,3142.45,3142.53,95,25.5
2026-03-24 07:13:00,3142.53,3142.93,3142.52,3142.77,32,22.5
2026-03-24 07:14:00,3142.77,3143.41,3142.57,3143.07,132,29.2
2026-03-24 07:15:00,3143.07,3143.51,3142.84,3143.26,91,28.5
2026-03-24 07:16:00,3143.26,3143.41,3143.23,3143.38,50,25.5
2026-03-24 07:17:00,3143.38,3143.43,3143.22,3143.26,86,26.3
2026-03-24 07:18:00,3143.26,3143.94,3142.82,3143.35,114,23.1
2026-03-24 07:19:00,3143.35,3143.64,3143.2,3143.38,47,28.3
2026-03-24 07:20:00,3143.38,3143.45,3143.35,3143.44,49,27.4
2026-03-24 07:21:00,3143.44,3143.62,3143.36,3143.55,90,25.4
2026-03-24 07:22:00,3143.55,3143.58,3142.93,3143.35,139,27.0
2026-03-24 07:23:00,3143.35,3143.42,3143.31,3143.32,73,23.2
2026-03-24 07:24:00,3143.32,3143.32,3143.04,3143.15,129,26.9
2026-03-24 07:25:00,3143.15,3143.28,3143.13,3143.22,44,23.3
2026-03-24 07:26:00,3143.22,3143.55,3143.15,3143.36,98,22.5
2026-03-24 07:27:00,3143.36,3143.5,3143.14,3143.23,26,29.0
2026-03-24 07:28:00,3143.23,3143.73,3143.12,3143.57,87,24.1
2026-03-24 07:29:00,3143.57,3143.59,3143.4,3143.55,34,20.1
2026-03-24 07:30:00,3143.55,3143.69,3143.45,3143.52,66,21.2
2026-03-24 07:31:00,3143.52,3143.83,3143.46,3143.75,134,27.4
2026-03-24 07:32:00,3143.75,3143.78,3143.65,3143.69,146,21.1
2026-03-24 07:33:00,3143.69,3143.76,3143.69,3143.75,29,28.5
2026-03-24 07:34:00,3143.75,3144.16,3143.7,3143.92,103,21.8
2026-03-24 07:35:00,3143.92,3144.02,3143.44,3143.69,123,27.4
2026-03-24 07:36:00,3143.69,3143.94,3143.65,3143.78,146,23.2
2026-03-24 07:37:00,3143.78,3143.82,3143.35,3143.48,89,21.8
2026-03-24 07:38:00,3143.48,3143.6,3143.45,3143.56,136,21.8
2026-03-24 07:39:00,3143.56,3143.58,3143.44,3143.46,39,28.4
2026-03-24 07:40:00,3143.46,3143.53,3143.37,3143.39,144,24.1
2026-03-24 07:41:00,3143.39,3143.58,3143.39,3143.58,74,20.4
2026-03-24 07:42:00,3143.58,3143.62,3143.4,3143.45,204,21.2
2026-03-24 07:43:00,3143.45,3143.51,3143.25,3143.38,112,29.4
2026-03-24 07:44:00,3143.38,3143.68,3142.99,3143.29,140,22.5
2026-03-24 07:45:00,3143.29,3143.31,3143.07,3143.24,57,25.4
2026-03-24 07:46:00,3143.24,3143.33,3143.24,3143.31,83,23.7
2026-03-24 07:47:00,3143.31,3143.66,3143.29,3143.58,76,28.8
2026-03-24 07:48:00,3143.58,3143.69,3143.09,3143.23,71,24.2
2026-03-24 07:49:00,3143.23,3143.42,3143.19,3143.35,146,26.7
2026-03-24 07:50:00,3143.35,3143.68,3143.27,3143.49,122,26.6
2026-03-24 07:51:00,3143.49,3143.54,3143.39,3143.45,140,23.7
2026-03-24 07:52:00,3143.45,3143.6,3143.41,3143.59,95,27.7
2026-03-24 07:53:00,3143.59,3143.75,3143.51,3143.74,97,26.6
2026-03-24 07:54:00,3143.74,3143.84,3143.65,3143.69,76,22.7
2026-03-24 07:55:00,3143.69,3143.82,3143.64,3143.77,87,28.0
2026-03-24 07:56:00,3143.77,3144.01,3143.64,3143.88,111,29.3
2026-03-24 07:57:00,3143.88,3144.36,3143.85,3144.21,144,20.7
2026-03-24 07:58:00,3144.21,3144.27,3144.19,3144.26,71,22.0
2026-03-24 07:59:00,3144.26,3144.42,3144.24,3144.4,127,23.2
2026-03-24 08:00:00,3144.4,3144.44,3144.16,3144.22,208,21.3
2026-03-24 08:01:00,3144.22,3144.37,3143.85,3143.91,79,18.9
2026-03-24 08:02:00,3143.91,3144.08,3143.53,3143.57,147,16.0
2026-03-24 08:03:00,3143.57,3144.11,3143.13,3143.62,196,18.3
2026-03-24 08:04:00,3143.62,3144.48,3142.54,3143.23,276,21.3
2026-03-24 08:05:00,3143.23,3143.4,3142.79,3143.1,78,15.6
2026-03-24 08:06:00,3143.1,3143.62,3143.01,3143.24,232,20.5
2026-03-24 08:07:00,3143.24,3143.44,3142.48,3142.72,93,20.5
2026-03-24 08:08:00,3142.72,3143.89,3142.39,3143.41,56,16.8
2026-03-24 08:09:00,3143.41,3143.71,3143.34,3143.62,60,21.3
2026-03-24 08:10:00,3143.62,3143.93,3143.53,3143.7,58,22.0
2026-03-24 08:11:00,3143.7,3143.74,3143.22,3143.35,147,21.8
2026-03-24 08:12:00,3143.35,3143.42,3142.93,3143.01,181,19.9
2026-03-24 08:13:00,3143.01,3143.53,3142.27,3142.79,175,20.5
2026-03-24 08:14:00,3142.79,3143.11,3142.64,3142.94,283,15.6
2026-03-24 08:15:00,3142.94,3143.43,3142.91,3143.36,145,18.6
2026-03-24 08:16:00,3143.36,3143.75,3143.35,3143.73,1175,19.0
2026-03-24 08:17:00,3143.73,3143.95,3143.44,3143.6,273,21.1
2026-03-24 08:18:00,3143.6,3143.61,3143.44,3143.49,285,19.7
2026-03-24 08:19:00,3143.49,3144.31,3143.44,3144.11,62,15.6
2026-03-24 08:20:00,3144.11,3144.6,3143.83,3144.52,231,17.7
2026-03-24 08:21:00,3144.52,3144.94,3144.5,3144.62,97,19.2
2026-03-24 08:22:00,3144.62,3145.16,3143.83,3144.85,197,15.6
2026-03-24 08:23:00,3144.85,3144.87,3144.74,3144.82,91,19.9
2026-03-24 08:24:00,3144.82,3144.86,3144.61,3144.71,105,20.9
2026-03-24 08:25:00,3144.71,3144.95,3144.6,3144.68,243,20.8
2026-03-24 08:26:00,3144.68,3144.92,3144.29,3144.32,243,15.4
2026-03-24 08:27:00,3144.32,3144.38,3144.31,3144.36,200,15.6
2026-03-24 08:28:00,3144.36,3144.61,3143.37,3143.89,195,21.4
2026-03-24 08:29:00,3143.89,3144.04,3143.13,3143.43,130,20.9
2026-03-24 08:30:00,3143.43,3143.6,3143.35,3143.58,154,20.2
2026-03-24 08:31:00,3143.58,3144.69,3142.72,3144.1,165,18.2
2026-03-24 08:32:00,3144.1,3144.28,3143.62,3143.84,251,20.2
2026-03-24 08:33:00,3143.84,3143.89,3143.58,3143.64,94,21.9
2026-03-24 08:34:00,3143.64,3143.64,3143.34,3143.42,119,21.6
2026-03-24 08:35:00,3143.42,3143.83,3142.99,3143.22,174,15.2
2026-03-24 08:36:00,3143.22,3143.59,3143.13,3143.39,220,18.5
2026-03-24 08:37:00,3143.39,3143.72,3143.33,3143.63,291,21.7
2026-03-24 08:38:00,3143.63,3143.98,3143.51,3143.74,136,16.5
2026-03-24 08:39:00,3143.74,3143.76,3143.54,3143.61,256,19.8
2026-03-24 08:40:00,3143.61,3143.81,3143.61,3143.68,144,15.9
2026-03-24 08:41:00,3143.68,3143.83,3142.98,3143.58,298,16.5
2026-03-24 08:42:00,3143.58,3143.94,3143.48,3143.78,280,17.0
2026-03-24 08:43:00,3143.78,3143.91,3143.18,3143.25,259,17.3
2026-03-24 08:44:00,3143.25,3143.46,3141.87,3142.66,148,18.9
2026-03-24 08:45:00,3142.66,3143.33,3142.37,3142.97,118,19.4
2026-03-24 08:46:00,3142.97,3143.25,3142.9,3143.14,143,17.7
2026-03-24 08:47:00,3143.14,3143.26,3143.1,3143.16,87,15.4
2026-03-24 08:48:00,3143.16,3143.7,3142.91,3143.59,101,21.7
2026-03-24 08:49:00,3143.59,3144.13,3143.48,3143.98,99,19.5
2026-03-24 08:50:00,3143.98,3144.02,3143.79,3143.88,1340,18.5
2026-03-24 08:51:00,3143.88,3143.98,3143.75,3143.86,248,16.4
2026-03-24 08:52:00,3143.86,3144.12,3143.72,3143.94,244,16.0
2026-03-24 08:53:00,3143.94,3144.01,3143.54,3143.75,132,21.6
2026-03-24 08:54:00,3143.75,3144.16,3143.58,3143.81,130,15.9
2026-03-24 08:55:00,3143.81,3144.17,3143.7,3144.13,244,17.6
2026-03-24 08:56:00,3144.13,3144.34,3143.95,3144.18,64,17.0
2026-03-24 08:57:00,3144.18,3144.21,3143.45,3143.5,232,20.0
2026-03-24 08:58:00,3143.5,3143.89,3143.17,3143.52,242,20.3
2026-03-24 08:59:00,3143.52,3144.22,3143.28,3143.81,72,17.8
2026-03-24 09:00:00,3143.81,3144.01,3143.8,3143.94,111,18.1
2026-03-24 09:01:00,3143.94,3144.69,3143.92,3144.42,244,19.8
2026-03-24 09:02:00,3144.42,3144.88,3144.26,3144.55,243,16.1
2026-03-24 09:03:00,3144.55,3144.59,3144.33,3144.36,67,17.8
2026-03-24 09:04:00,3144.36,3144.46,3144.36,3144.41,229,19.1
2026-03-24 09:05:00,3144.41,3144.45,3143.9,3143.9,210,21.2
2026-03-24 09:06:00,3143.9,3144.06,3143.87,3143.93,101,17.0
2026-03-24 09:07:00,3143.93,3144.38,3143.85,3144.21,164,16.8
2026-03-24 09:08:00,3144.21,3145.07,3144.14,3144.87,60,19.6
2026-03-24 09:09:00,3144.87,3145.51,3144.76,3145.12,226,15.7
2026-03-24 09:10:00,3145.12,3145.26,3145.07,3145.1,210,21.2
2026-03-24 09:11:00,3145.1,3145.28,3145.05,3145.28,270,21.2
2026-03-24 09:12:00,3145.28,3145.51,3144.97,3145.16,150,18.5
2026-03-24 09:13:00,3145.16,3145.33,3144.64,3144.84,113,16.2
2026-03-24 09:14:00,3144.84,3144.92,3144.84,3144.92,52,15.8
2026-03-24 09:15:00,3144.92,3144.95,3144.87,3144.88,105,21.5
2026-03-24 09:16:00,3144.88,3145.42,3144.77,3145.22,217,21.8
2026-03-24 09:17:00,3145.22,3145.67,3145.09,3145.49,254,20.4
2026-03-24 09:18:00,3145.49,3145.73,3145.13,3145.4,275,15.8
2026-03-24 09:19:00,3145.4,3145.72,3145.33,3145.58,192,18.3
2026-03-24 09:20:00,3145.58,3145.67,3145.44,3145.66,105,15.2
2026-03-24 09:21:00,3145.66,3146.35,3145.15,3146.06,197,19.7
2026-03-24 09:22:00,3146.06,3147.08,3145.53,3146.19,234,19.6
2026-03-24 09:23:00,3146.19,3146.66,3145.94,3146.49,50,20.6
2026-03-24 09:24:00,3146.49,3146.83,3146.37,3146.59,229,15.3
2026-03-24 09:25:00,3146.59,3146.81,3146.52,3146.7,170,16.6
2026-03-24 09:26:00,3146.7,3147.08,3146.31,3146.69,132,17.6
2026-03-24 09:27:00,3146.69,3146.98,3146.63,3146.89,258,17.4
2026-03-24 09:28:00,3146.89,3147.41,3146.55,3147.22,72,21.2
2026-03-24 09:29:00,3147.22,3147.34,3146.95,3147.14,92,21.2
2026-03-24 09:30:00,3147.14,3148.3,3147.04,3147.44,137,17.4
2026-03-24 09:31:00,3147.44,3147.95,3147.42,3147.79,227,20.8
2026-03-24 09:32:00,3147.79,3149.14,3147.45,3148.31,183,20.8
2026-03-24 09:33:00,3148.31,3148.83,3148.18,3148.78,135,15.0
2026-03-24 09:34:00,3148.78,3148.94,3148.11,3148.66,183,17.3
2026-03-24 09:35:00,3148.66,3149.03,3148.16,3148.28,214,17.7
2026-03-24 09:36:00,3148.28,3148.38,3148.11,3148.11,253,20.8
2026-03-24 09:37:00,3148.11,3148.24,3147.05,3147.5,127,20.6
2026-03-24 09:38:00,3147.5,3147.63,3147.5,3147.58,57,18.8
2026-03-24 09:39:00,3147.58,3147.91,3147.57,3147.86,291,16.4
2026-03-24 09:40:00,3147.86,3147.97,3147.32,3147.52,103,17.8
2026-03-24 09:41:00,3147.52,3148.25,3147.19,3147.95,177,19.3
2026-03-24 09:42:00,3147.95,3148.22,3147.64,3147.8,187,15.2
2026-03-24 09:43:00,3147.8,3148.36,3146.26,3147.34,147,18.0
2026-03-24 09:44:00,3147.34,3147.63,3146.63,3147.08,71,18.4
2026-03-24 09:45:00,3147.08,3147.12,3146.95,3147.05,170,20.8
2026-03-24 09:46:00,3147.05,3147.34,3146.91,3147.01,155,17.2
2026-03-24 09:47:00,3147.01,3147.06,3146.69,3146.7,96,19.8
2026-03-24 09:48:00,3146.7,3146.85,3146.36,3146.51,62,19.9
2026-03-24 09:49:00,3146.51,3146.66,3146.38,3146.38,203,15.8
2026-03-24 09:50:00,3146.38,3146.48,3146.37,3146.43,174,15.8
2026-03-24 09:51:00,3146.43,3146.5,3146.41,3146.47,107,17.7
2026-03-24 09:52:00,3146.47,3146.59,3145.78,3146.1,229,19.8
2026-03-24 09:53:00,3146.1,3146.97,3146.07,3146.24,177,15.8
2026-03-24 09:54:00,3146.24,3146.48,3146.19,3146.44,212,19.9
2026-03-24 09:55:00,3146.44,3146.85,3146.4,3146.81,274,17.9
2026-03-24 09:56:00,3146.81,3147.13,3146.67,3146.94,274,17.5
2026-03-24 09:57:00,3146.94,3147.27,3146.88,3147.17,192,15.2
2026-03-24 09:58:00,3147.17,3147.43,3147.0,3147.33,193,15.5
2026-03-24 09:59:00,3147.33,3147.38,3147.14,3147.23,53,16.4
2026-03-24 10:00:00,3147.23,3147.77,3146.92,3147.77,85,19.7
2026-03-24 10:01:00,3147.77,3147.91,3147.54,3147.62,94,16.7
2026-03-24 10:02:00,3147.62,3147.92,3147.59,3147.71,82,19.4
2026-03-24 10:03:00,3147.71,3147.89,3147.53,3147.79,210,16.0
2026-03-24 10:04:00,3147.79,3147.83,3147.45,3147.51,65,20.9
2026-03-24 10:05:00,3147.51,3147.56,3147.41,3147.44,165,15.3
2026-03-24 10:06:00,3147.44,3147.85,3147.19,3147.78,252,21.1
2026-03-24 10:07:00,3147.78,3148.25,3147.69,3148.13,69,17.8
2026-03-24 10:08:00,3148.13,3148.14,3147.78,3147.89,87,15.2
2026-03-24 10:09:00,3147.89,3148.22,3147.8,3147.91,264,15.3
2026-03-24 10:10:00,3147.91,3148.43,3147.82,3148.21,148,17.3
2026-03-24 10:11:00,3148.21,3148.41,3147.59,3147.94,85,20.9
2026-03-24 10:12:00,3147.94,3148.01,3147.66,3147.8,211,15.6
2026-03-24 10:13:00,3147.8,3148.54,3147.44,3148.42,132,19.4
2026-03-24 10:14:00,3148.42,3148.47,3148.07,3148.23,182,19.0
2026-03-24 10:15:00,3148.23,3148.32,3147.79,3147.93,255,16.9
2026-03-24 10:16:00,3147.93,3148.05,3147.5,3147.73,132,17.1
2026-03-24 10:17:00,3147.73,3147.83,3147.54,3147.65,203,18.2
2026-03-24 10:18:00,3147.65,3147.74,3147.62,3147.69,112,20.8
2026-03-24 10:19:00,3147.69,3148.12,3147.67,3148.05,81,20.0
2026-03-24 10:20:00,3148.05,3148.06,3147.74,3147.98,289,20.7
2026-03-24 10:21:00,3147.98,3148.73,3147.76,3148.39,118,18.5
2026-03-24 10:22:00,3148.39,3148.94,3147.71,3148.3,149,18.0
2026-03-24 10:23:00,3148.3,3148.79,3148.21,3148.72,77,16.0
2026-03-24 10:24:00,3148.72,3149.64,3148.41,3149.08,102,16.9
2026-03-24 10:25:00,3149.08,3150.07,3148.82,3149.22,111,19.6
2026-03-24 10:26:00,3149.22,3149.35,3149.1,3149.27,265,19.3
2026-03-24 10:27:00,3149.27,3149.44,3148.75,3148.84,188,15.2
2026-03-24 10:28:00,3148.84,3148.91,3148.46,3148.59,119,21.7
2026-03-24 10:29:00,3148.59,3148.65,3148.53,3148.6,284,15.9
2026-03-24 10:30:00,3148.6,3148.97,3148.51,3148.91,203,15.8
2026-03-24 10:31:00,3148.91,3149.06,3148.89,3148.98,277,18.1
2026-03-24 10:32:00,3148.98,3149.76,3148.9,3149.56,275,19.3
2026-03-24 10:33:00,3149.56,3149.8,3149.53,3149.76,163,18.1
2026-03-24 10:34:00,3149.76,3149.95,3149.26,3149.57,146,17.6
2026-03-24 10:35:00,3149.57,3149.71,3149.48,3149.62,147,17.8
2026-03-24 10:36:00,3149.62,3150.01,3149.6,3149.9,228,18.3
2026-03-24 10:37:00,3149.9,3150.3,3149.81,3150.29,164,20.0
2026-03-24 10:38:00,3150.29,3150.38,3150.26,3150.35,116,15.6
2026-03-24 10:39:00,3150.35,3150.92,3150.11,3150.62,300,16.2
2026-03-24 10:40:00,3150.62,3150.73,3150.24,3150.28,207,15.3
2026-03-24 10:41:00,3150.28,3151.02,3150.0,3150.89,121,15.4
2026-03-24 10:42:00,3150.89,3151.28,3150.88,3151.23,273,16.3
2026-03-24 10:43:00,3151.23,3151.96,3150.75,3150.93,190,15.4
2026-03-24 10:44:00,3150.93,3150.94,3150.29,3150.5,204,18.0
2026-03-24 10:45:00,3150.5,3150.98,3150.42,3150.95,244,15.5
2026-03-24 10:46:00,3150.95,3151.35,3150.74,3151.29,133,16.3
2026-03-24 10:47:00,3151.29,3151.3,3151.2,3151.23,62,20.4
2026-03-24 10:48:00,3151.23,3151.27,3151.2,3151.23,250,20.9
2026-03-24 10:49:00,3151.23,3151.37,3151.16,3151.3,67,16.7
2026-03-24 10:50:00,3151.3,3151.51,3151.24,3151.43,243,16.0
2026-03-24 10:51:00,3151.43,3152.21,3150.74,3151.13,205,18.8
2026-03-24 10:52:00,3151.13,3151.4,3150.96,3151.34,92,20.9
2026-03-24 10:53:00,3151.34,3151.53,3151.28,3151.42,204,18.5
2026-03-24 10:54:00,3151.42,3151.42,3151.14,3151.23,1452,17.7
2026-03-24 10:55:00,3151.23,3151.44,3151.2,3151.23,253,20.4
2026-03-24 10:56:00,3151.23,3151.25,3150.85,3150.91,174,16.7
2026-03-24 10:57:00,3150.91,3150.98,3150.75,3150.77,87,20.0
2026-03-24 10:58:00,3150.77,3150.93,3150.71,3150.92,148,21.5
2026-03-24 10:59:00,3150.92,3151.48,3150.9,3151.15,272,21.1
2026-03-24 11:00:00,3151.15,3151.32,3151.08,3151.27,52,15.5
2026-03-24 11:01:00,3151.27,3151.27,3151.2,3151.21,56,16.0
2026-03-24 11:02:00,3151.21,3151.31,3150.86,3150.99,144,17.3
2026-03-24 11:03:00,3150.99,3151.45,3150.98,3151.22,249,18.6
2026-03-24 11:04:00,3151.22,3151.75,3151.19,3151.45,261,20.2
2026-03-24 11:05:00,3151.45,3151.48,3150.76,3151.01,73,19.6
2026-03-24 11:06:00,3151.01,3151.19,3151.01,3151.19,84,16.9
2026-03-24 11:07:00,3151.19,3151.29,3150.64,3150.7,284,19.0
2026-03-24 11:08:00,3150.7,3150.99,3150.61,3150.99,251,21.9
2026-03-24 11:09:00,3150.99,3151.71,3150.82,3151.67,280,18.3
2026-03-24 11:10:00,3151.67,3151.73,3151.43,3151.59,197,20.1
2026-03-24 11:11:00,3151.59,3151.9,3151.4,3151.7,263,21.2
2026-03-24 11:12:00,3151.7,3151.79,3151.28,3151.46,107,18.6
2026-03-24 11:13:00,3151.46,3151.56,3151.22,3151.36,63,18.0
2026-03-24 11:14:00,3151.36,3152.16,3151.26,3152.07,107,17.1
2026-03-24 11:15:00,3152.07,3152.41,3152.0,3152.4,142,16.5
2026-03-24 11:16:00,3152.4,3152.46,3152.24,3152.31,209,17.8
2026-03-24 11:17:00,3152.31,3152.88,3151.85,3152.55,89,21.5
2026-03-24 11:18:00,3152.55,3152.72,3152.51,3152.66,174,21.8
2026-03-24 11:19:00,3152.66,3153.31,3152.59,3153.05,206,18.4
2026-03-24 11:20:00,3153.05,3153.19,3152.68,3152.95,75,17.4
2026-03-24 11:21:00,3152.95,3153.36,3152.69,3153.33,256,20.6
2026-03-24 11:22:00,3153.33,3153.36,3153.33,3153.35,124,16.1
2026-03-24 11:23:00,3153.35,3153.44,3153.12,3153.13,278,17.6
2026-03-24 11:24:00,3153.13,3153.25,3152.55,3152.62,50,15.7
2026-03-24 11:25:00,3152.62,3152.94,3151.92,3152.77,207,16.3
2026-03-24 11:26:00,3152.77,3153.09,3152.63,3153.03,268,15.5
2026-03-24 11:27:00,3153.03,3153.19,3152.99,3153.0,268,19.5
2026-03-24 11:28:00,3153.0,3153.08,3152.64,3152.87,128,16.1
2026-03-24 11:29:00,3152.87,3153.06,3152.35,3152.43,133,19.9
2026-03-24 11:30:00,3152.43,3152.77,3152.41,3152.75,274,18.2
2026-03-24 11:31:00,3152.75,3152.8,3152.54,3152.59,198,15.8
2026-03-24 11:32:00,3152.59,3152.82,3152.5,3152.65,221,18.4
2026-03-24 11:33:00,3152.65,3152.86,3152.62,3152.85,99,19.1
2026-03-24 11:34:00,3152.85,3153.2,3152.54,3152.77,258,15.3
2026-03-24 11:35:00,3152.77,3152.8,3152.31,3152.4,297,19.6
2026-03-24 11:36:00,3152.4,3153.49,3151.7,3152.68,388,19.6
2026-03-24 11:37:00,3152.68,3152.85,3151.1,3152.39,111,21.7
2026-03-24 11:38:00,3152.39,3152.6,3152.37,3152.57,59,18.5
2026-03-24 11:39:00,3152.57,3152.57,3152.35,3152.44,261,19.4
2026-03-24 11:40:00,3152.44,3152.57,3151.7,3151.92,240,16.4
2026-03-24 11:41:00,3151.92,3153.02,3151.73,3152.66,293,18.7
2026-03-24 11:42:00,3152.66,3153.21,3151.69,3152.05,243,15.3
2026-03-24 11:43:00,3152.05,3152.53,3151.33,3152.46,156,17.0
2026-03-24 11:44:00,3152.46,3152.57,3152.38,3152.5,201,21.4
2026-03-24 11:45:00,3152.5,3153.43,3152.2,3152.96,151,16.9
2026-03-24 11:46:00,3152.96,3153.08,3152.53,3152.6,453,18.7
2026-03-24 11:47:00,3152.6,3152.97,3152.43,3152.68,178,21.7
2026-03-24 11:48:00,3152.68,3152.99,3152.05,3152.46,219,20.1
2026-03-24 11:49:00,3152.46,3152.58,3152.43,3152.56,149,21.9
2026-03-24 11:50:00,3152.56,3153.08,3152.35,3152.99,70,17.3
2026-03-24 11:51:00,3152.99,3153.46,3152.72,3152.86,124,16.7
2026-03-24 11:52:00,3152.86,3153.03,3152.77,3152.88,74,17.9
2026-03-24 11:53:00,3152.88,3153.38,3152.82,3153.35,81,17.0
2026-03-24 11:54:00,3153.35,3153.39,3153.28,3153.34,291,15.0
2026-03-24 11:55:00,3153.34,3153.56,3153.26,3153.37,180,16.3
2026-03-24 11:56:00,3153.37,3153.39,3152.94,3153.11,140,19.7
2026-03-24 11:57:00,3153.11,3153.17,3152.82,3152.89,253,20.6
2026-03-24 11:58:00,3152.89,3152.91,3152.79,3152.83,226,21.9
2026-03-24 11:59:00,3152.83,3153.35,3152.73,3153.21,160,18.4
2026-03-24 12:00:00,3153.21,3153.3,3152.91,3153.02,213,18.6
2026-03-24 12:01:00,3153.02,3153.34,3152.28,3152.76,249,19.1
2026-03-24 12:02:00,3152.76,3152.98,3151.9,3151.99,60,20.4
2026-03-24 12:03:00,3151.99,3152.08,3151.82,3151.94,241,16.3
2026-03-24 12:04:00,3151.94,3151.98,3151.41,3151.92,202,21.8
2026-03-24 12:05:00,3151.92,3152.07,3151.37,3151.64,80,20.4
2026-03-24 12:06:00,3151.64,3151.79,3151.27,3151.46,260,15.2
2026-03-24 12:07:00,3151.46,3152.57,3151.17,3152.02,258,15.3
2026-03-24 12:08:00,3152.02,3152.59,3152.0,3152.46,185,16.1
2026-03-24 12:09:00,3152.46,3152.46,3152.44,3152.44,73,18.5
2026-03-24 12:10:00,3152.44,3152.7,3152.0,3152.14,74,21.5
2026-03-24 12:11:00,3152.14,3152.26,3152.06,3152.08,62,20.4
2026-03-24 12:12:00,3152.08,3152.39,3151.89,3152.22,257,20.9
2026-03-24 12:13:00,3152.22,3153.02,3152.16,3152.49,153,21.5
2026-03-24 12:14:00,3152.49,3152.76,3151.65,3152.22,118,15.3
2026-03-24 12:15:00,3152.22,3153.03,3152.21,3152.82,257,16.0
2026-03-24 12:16:00,3152.82,3153.38,3152.71,3153.23,253,18.8
2026-03-24 12:17:00,3153.23,3153.54,3152.94,3153.5,170,17.3
2026-03-24 12:18:00,3153.5,3154.41,3153.3,3154.12,180,20.0
2026-03-24 12:19:00,3154.12,3154.31,3153.56,3153.86,176,17.9
2026-03-24 12:20:00,3153.86,3154.01,3153.26,3153.31,185,15.4
2026-03-24 12:21:00,3153.31,3153.71,3153.14,3153.61,277,16.0
2026-03-24 12:22:00,3153.61,3153.74,3153.23,3153.56,153,17.9
2026-03-24 12:23:00,3153.56,3153.8,3152.86,3153.41,113,20.2
2026-03-24 12:24:00,3153.41,3154.55,3151.55,3153.04,225,15.3
2026-03-24 12:25:00,3153.04,3153.04,3153.01,3153.01,684,21.8
2026-03-24 12:26:00,3153.01,3153.18,3152.89,3153.15,81,17.4
2026-03-24 12:27:00,3153.15,3153.31,3152.67,3152.77,212,17.3
2026-03-24 12:28:00,3152.77,3153.1,3152.66,3153.0,112,17.7
2026-03-24 12:29:00,3153.0,3153.03,3152.58,3152.78,263,21.6
2026-03-24 12:30:00,3152.78,3152.92,3152.69,3152.87,86,18.2
2026-03-24 12:31:00,3152.87,3152.93,3152.71,3152.9,127,16.2
2026-03-24 12:32:00,3152.9,3153.0,3152.33,3152.56,149,18.1
2026-03-24 12:33:00,3152.56,3152.81,3152.21,3152.41,292,18.4
2026-03-24 12:34:00,3152.41,3152.48,3152.39,3152.46,115,19.5
2026-03-24 12:35:00,3152.46,3152.47,3151.86,3152.16,276,16.9
2026-03-24 12:36:00,3152.16,3152.21,3151.45,3151.71,288,21.3
2026-03-24 12:37:00,3151.71,3151.87,3151.67,3151.81,88,19.3
2026-03-24 12:38:00,3151.81,3152.02,3151.18,3151.46,50,17.3
2026-03-24 12:39:00,3151.46,3151.56,3151.35,3151.4,101,16.3
2026-03-24 12:40:00,3151.4,3151.89,3150.51,3150.92,147,19.7
2026-03-24 12:41:00,3150.92,3150.96,3150.89,3150.92,135,16.4
2026-03-24 12:42:00,3150.92,3151.2,3150.9,3151.01,279,18.0
2026-03-24 12:43:00,3151.01,3151.59,3150.98,3151.32,299,17.9
2026-03-24 12:44:00,3151.32,3151.44,3151.29,3151.41,59,20.0
2026-03-24 12:45:00,3151.41,3151.83,3150.07,3150.63,73,21.4
2026-03-24 12:46:00,3150.63,3151.31,3150.49,3151.12,187,16.7
2026-03-24 12:47:00,3151.12,3151.15,3151.07,3151.14,1416,21.6
2026-03-24 12:48:00,3151.14,3151.56,3151.09,3151.47,72,20.7
2026-03-24 12:49:00,3151.47,3151.73,3151.19,3151.47,192,16.6
2026-03-24 12:50:00,3151.47,3151.48,3151.46,3151.46,120,15.2
2026-03-24 12:51:00,3151.46,3151.51,3151.45,3151.46,125,20.8
2026-03-24 12:52:00,3151.46,3151.56,3151.45,3151.55,283,19.6
2026-03-24 12:53:00,3151.55,3151.8,3151.27,3151.56,263,17.6
2026-03-24 12:54:00,3151.56,3151.62,3150.94,3151.05,225,18.3
2026-03-24 12:55:00,3151.05,3151.23,3151.03,3151.2,229,17.9
2026-03-24 12:56:00,3151.2,3151.42,3151.07,3151.28,293,16.9
2026-03-24 12:57:00,3151.28,3151.79,3151.11,3151.67,202,19.1
2026-03-24 12:58:00,3151.67,3151.97,3150.98,3151.57,253,19.0
2026-03-24 12:59:00,3151.57,3152.0,3150.89,3151.02,125,17.2
2026-03-24 13:00:00,3151.02,3151.97,3150.22,3150.38,340,18.7
2026-03-24 13:01:00,3150.38,3150.76,3149.98,3150.33,324,15.4
2026-03-24 13:02:00,3150.33,3150.44,3149.62,3149.77,163,20.2
2026-03-24 13:03:00,3149.77,3150.67,3149.5,3150.61,106,16.7
2026-03-24 13:04:00,3150.61,3150.97,3150.59,3150.89,142,18.8
2026-03-24 13:05:00,3150.89,3151.54,3150.84,3151.01,130,18.4
2026-03-24 13:06:00,3151.01,3151.28,3150.31,3150.8,198,15.5
2026-03-24 13:07:00,3150.8,3151.2,3150.79,3151.2,330,19.8
2026-03-24 13:08:00,3151.2,3151.24,3151.08,3151.18,360,21.0
2026-03-24 13:09:00,3151.18,3151.57,3150.31,3151.43,280,19.1
2026-03-24 13:10:00,3151.43,3152.06,3151.42,3151.57,132,15.4
2026-03-24 13:11:00,3151.57,3151.67,3151.05,3151.19,135,17.2
2026-03-24 13:12:00,3151.19,3151.49,3150.14,3150.47,262,20.7
2026-03-24 13:13:00,3150.47,3151.18,3150.46,3150.96,220,20.4
2026-03-24 13:14:00,3150.96,3151.66,3150.94,3151.64,328,18.6
2026-03-24 13:15:00,3151.64,3151.75,3151.24,3151.4,229,16.7
2026-03-24 13:16:00,3151.4,3152.03,3151.26,3151.73,198,15.9
2026-03-24 13:17:00,3151.73,3151.97,3151.39,3151.63,90,15.3
2026-03-24 13:18:00,3151.63,3151.96,3151.5,3151.88,288,15.4
2026-03-24 13:19:00,3151.88,3153.59,3151.25,3152.65,276,17.5
2026-03-24 13:20:00,3152.65,3152.65,3152.62,3152.64,225,15.5
2026-03-24 13:21:00,3152.64,3153.64,3152.14,3153.4,444,18.7
2026-03-24 13:22:00,3153.4,3154.0,3151.28,3152.76,273,16.2
2026-03-24 13:23:00,3152.76,3153.09,3152.6,3153.01,129,20.0
2026-03-24 13:24:00,3153.01,3153.67,3152.84,3153.6,331,19.3
2026-03-24 13:25:00,3153.6,3154.15,3153.44,3153.57,351,17.2
2026-03-24 13:26:00,3153.57,3153.7,3153.49,3153.65,106,18.7
2026-03-24 13:27:00,3153.65,3153.75,3152.07,3152.81,217,15.3
2026-03-24 13:28:00,3152.81,3153.62,3152.76,3153.5,333,21.1
2026-03-24 13:29:00,3153.5,3154.3,3153.02,3153.61,255,18.8
2026-03-24 13:30:00,3153.61,3153.95,3153.5,3153.87,387,17.9
2026-03-24 13:31:00,3153.87,3154.23,3153.78,3154.19,273,21.4
2026-03-24 13:32:00,3154.19,3154.42,3154.12,3154.23,393,21.9
2026-03-24 13:33:00,3154.23,3154.63,3153.87,3154.02,153,19.7
2026-03-24 13:34:00,3154.02,3154.61,3153.54,3154.33,172,16.5
2026-03-24 13:35:00,3154.33,3155.61,3154.27,3154.85,348,21.2
2026-03-24 13:36:00,3154.85,3155.96,3154.53,3155.35,307,18.7
2026-03-24 13:37:00,3155.35,3155.99,3155.09,3155.91,160,16.7
2026-03-24 13:38:00,3155.91,3156.29,3155.9,3156.28,363,17.8
2026-03-24 13:39:00,3156.28,3156.4,3156.19,3156.29,231,18.5
2026-03-24 13:40:00,3156.29,3156.3,3155.44,3155.89,154,20.0
2026-03-24 13:41:00,3155.89,3156.18,3155.82,3156.09,303,22.0
2026-03-24 13:42:00,3156.09,3156.31,3155.84,3156.13,265,15.1
2026-03-24 13:43:00,3156.13,3156.63,3156.13,3156.35,312,17.0
2026-03-24 13:44:00,3156.35,3156.46,3155.93,3156.31,103,17.7
2026-03-24 13:45:00,3156.31,3156.94,3155.98,3156.7,160,15.5
2026-03-24 13:46:00,3156.7,3157.09,3156.67,3157.08,231,18.7
2026-03-24 13:47:00,3157.08,3157.32,3157.0,3157.25,180,20.7
2026-03-24 13:48:00,3157.25,3157.65,3157.17,3157.51,403,17.9
2026-03-24 13:49:00,3157.51,3157.63,3156.45,3156.46,378,15.9
2026-03-24 13:50:00,3156.46,3156.57,3155.96,3156.22,91,18.4
2026-03-24 13:51:00,3156.22,3156.82,3155.4,3156.2,409,15.7
2026-03-24 13:52:00,3156.2,3156.29,3155.47,3155.73,108,18.6
2026-03-24 13:53:00,3155.73,3155.9,3155.15,3155.2,439,20.3
2026-03-24 13:54:00,3155.2,3156.08,3154.47,3155.65,270,16.5
2026-03-24 13:55:00,3155.65,3156.51,3155.41,3156.13,129,18.1
2026-03-24 13:56:00,3156.13,3156.81,3155.44,3156.53,118,21.9
2026-03-24 13:57:00,3156.53,3157.17,3156.42,3157.08,258,21.3
2026-03-24 13:58:00,3157.08,3157.41,3156.89,3157.09,156,21.4
2026-03-24 13:59:00,3157.09,3157.26,3156.71,3157.06,307,17.6
2026-03-24 14:00:00,3157.06,3158.07,3156.76,3156.91,186,18.6
2026-03-24 14:01:00,3156.91,3159.98,3156.57,3158.37,364,16.3
2026-03-24 14:02:00,3158.37,3159.08,3157.74,3158.52,384,19.0
2026-03-24 14:03:00,3158.52,3158.73,3157.99,3158.35,334,20.5
2026-03-24 14:04:00,3158.35,3159.03,3158.32,3158.89,375,21.0
2026-03-24 14:05:00,3158.89,3159.24,3158.89,3159.21,267,17.7
2026-03-24 14:06:00,3159.21,3159.69,3158.39,3159.11,415,19.0
2026-03-24 14:07:00,3159.11,3159.29,3158.95,3159.26,229,16.3
2026-03-24 14:08:00,3159.26,3159.42,3158.43,3158.44,288,21.7
2026-03-24 14:09:00,3158.44,3159.05,3157.83,3159.0,361,17.8
2026-03-24 14:10:00,3159.0,3160.09,3157.83,3159.51,199,18.9
2026-03-24 14:11:00,3159.51,3159.66,3158.0,3159.29,1820,19.2
2026-03-24 14:12:00,3159.29,3160.62,3158.54,3159.54,120,20.8
2026-03-24 14:13:00,3159.54,3159.66,3158.95,3159.1,229,21.3
2026-03-24 14:14:00,3159.1,3159.29,3158.74,3158.9,375,17.5
2026-03-24 14:15:00,3158.9,3159.11,3157.81,3158.54,385,19.0
2026-03-24 14:16:00,3158.54,3159.17,3158.44,3159.06,277,19.7
2026-03-24 14:17:00,3159.06,3159.97,3158.79,3159.26,132,17.4
2026-03-24 14:18:00,3159.26,3159.34,3159.02,3159.15,90,20.6
2026-03-24 14:19:00,3159.15,3159.63,3159.09,3159.53,304,20.8
2026-03-24 14:20:00,3159.53,3160.19,3159.35,3160.17,367,21.2
2026-03-24 14:21:00,3160.17,3160.86,3159.85,3160.43,84,16.4
2026-03-24 14:22:00,3160.43,3160.81,3160.34,3160.57,187,15.5
2026-03-24 14:23:00,3160.57,3160.6,3160.4,3160.55,150,15.5
2026-03-24 14:24:00,3160.55,3160.8,3160.37,3160.4,216,21.6
2026-03-24 14:25:00,3160.4,3161.05,3160.34,3160.92,348,17.0
2026-03-24 14:26:00,3160.92,3161.43,3160.73,3160.97,124,21.2
2026-03-24 14:27:00,3160.97,3161.51,3159.95,3160.78,429,17.4
2026-03-24 14:28:00,3160.78,3160.83,3160.64,3160.71,369,15.3
2026-03-24 14:29:00,3160.71,3161.7,3160.65,3161.32,249,15.2
2026-03-24 14:30:00,3161.32,3161.68,3159.99,3161.06,139,21.6
2026-03-24 14:31:00,3161.06,3161.53,3160.37,3160.64,420,21.4
2026-03-24 14:32:00,3160.64,3160.96,3160.6,3160.93,159,19.7
2026-03-24 14:33:00,3160.93,3161.06,3160.07,3160.26,207,16.7
2026-03-24 14:34:00,3160.26,3160.45,3160.04,3160.2,192,16.3
2026-03-24 14:35:00,3160.2,3161.14,3160.05,3161.07,270,15.3
2026-03-24 14:36:00,3161.07,3161.14,3160.83,3160.85,247,20.7
2026-03-24 14:37:00,3160.85,3161.28,3160.77,3161.25,378,16.8
2026-03-24 14:38:00,3161.25,3161.64,3160.48,3161.55,319,18.6
2026-03-24 14:39:00,3161.55,3161.9,3161.51,3161.79,432,18.4
2026-03-24 14:40:00,3161.79,3162.09,3161.0,3161.28,355,16.2
2026-03-24 14:41:00,3161.28,3161.43,3161.25,3161.32,118,18.1
2026-03-24 14:42:00,3161.32,3161.53,3160.39,3160.41,162,16.2
2026-03-24 14:43:00,3160.41,3160.64,3160.01,3160.37,229,18.1
2026-03-24 14:44:00,3160.37,3160.62,3159.65,3159.84,435,22.0
2026-03-24 14:45:00,3159.84,3159.86,3158.1,3159.03,219,21.3
2026-03-24 14:46:00,3159.03,3159.15,3158.39,3158.93,199,15.6
2026-03-24 14:47:00,3158.93,3159.22,3157.94,3158.21,246,15.6
2026-03-24 14:48:00,3158.21,3158.84,3158.18,3158.77,324,19.8
2026-03-24 14:49:00,3158.77,3159.47,3158.51,3159.01,441,16.2
2026-03-24 14:50:00,3159.01,3159.15,3158.69,3158.98,307,19.1
2026-03-24 14:51:00,3158.98,3160.06,3158.75,3159.73,381,20.5
2026-03-24 14:52:00,3159.73,3160.19,3158.41,3158.91,448,19.2
2026-03-24 14:53:00,3158.91,3159.01,3158.61,3158.9,399,20.0
2026-03-24 14:54:00,3158.9,3160.67,3158.7,3160.08,247,18.6
2026-03-24 14:55:00,3160.08,3161.0,3160.06,3160.8,429,18.6
2026-03-24 14:56:00,3160.8,3160.89,3160.54,3160.6,369,21.3
2026-03-24 14:57:00,3160.6,3161.06,3160.43,3161.03,351,16.3
2026-03-24 14:58:00,3161.03,3161.19,3160.66,3160.81,132,21.8
2026-03-24 14:59:00,3160.81,3161.46,3160.16,3160.3,273,19.0
2026-03-24 15:00:00,3160.3,3161.03,3160.02,3160.48,336,18.5
2026-03-24 15:01:00,3160.48,3160.71,3160.44,3160.7,85,17.8
2026-03-24 15:02:00,3160.7,3161.59,3160.23,3161.26,201,21.1
2026-03-24 15:03:00,3161.26,3161.58,3161.12,3161.46,205,19.0
2026-03-24 15:04:00,3161.46,3161.53,3161.43,3161.48,225,16.9
2026-03-24 15:05:00,3161.48,3161.93,3161.43,3161.61,279,17.5
2026-03-24 15:06:00,3161.61,3162.13,3161.05,3161.24,435,20.9
2026-03-24 15:07:00,3161.24,3162.24,3161.2,3162.15,336,21.7
2026-03-24 15:08:00,3162.15,3162.61,3160.85,3161.64,142,16.3
2026-03-24 15:09:00,3161.64,3162.1,3161.42,3161.9,159,17.4
2026-03-24 15:10:00,3161.9,3162.47,3161.44,3162.39,435,19.3
2026-03-24 15:11:00,3162.39,3162.94,3161.64,3162.03,222,18.9
2026-03-24 15:12:00,3162.03,3162.32,3162.0,3162.28,336,18.9
2026-03-24 15:13:00,3162.28,3163.15,3161.89,3162.64,391,16.8
2026-03-24 15:14:00,3162.64,3162.66,3162.61,3162.64,93,21.5
2026-03-24 15:15:00,3162.64,3162.69,3162.16,3162.45,225,20.8
2026-03-24 15:16:00,3162.45,3162.83,3162.35,3162.71,115,17.3
2026-03-24 15:17:00,3162.71,3162.9,3162.13,3162.45,111,16.2
2026-03-24 15:18:00,3162.45,3162.49,3161.3,3162.22,177,18.0
2026-03-24 15:19:00,3162.22,3163.0,3162.19,3162.73,372,16.0
2026-03-24 15:20:00,3162.73,3163.21,3162.01,3162.09,301,18.2
2026-03-24 15:21:00,3162.09,3162.1,3161.06,3161.39,165,18.9
2026-03-24 15:22:00,3161.39,3161.68,3160.67,3160.84,127,18.7
2026-03-24 15:23:00,3160.84,3161.96,3160.52,3161.49,298,18.9
2026-03-24 15:24:00,3161.49,3161.63,3160.92,3161.06,138,20.5
2026-03-24 15:25:00,3161.06,3161.38,3158.78,3159.75,355,19.9
2026-03-24 15:26:00,3159.75,3159.93,3159.1,3159.64,310,21.8
2026-03-24 15:27:00,3159.64,3159.65,3159.3,3159.41,202,18.5
2026-03-24 15:28:00,3159.41,3159.98,3159.38,3159.97,192,21.5
2026-03-24 15:29:00,3159.97,3160.12,3158.42,3159.75,414,16.6
2026-03-24 15:30:00,3159.75,3159.82,3159.4,3159.46,198,15.8
2026-03-24 15:31:00,3159.46,3159.7,3159.43,3159.62,190,15.2
2026-03-24 15:32:00,3159.62,3160.46,3159.31,3160.21,349,18.6
2026-03-24 15:33:00,3160.21,3161.18,3160.0,3160.99,243,18.5
2026-03-24 15:34:00,3160.99,3161.38,3159.77,3159.86,399,17.0
2026-03-24 15:35:00,3159.86,3160.22,3159.79,3160.05,384,20.2
2026-03-24 15:36:00,3160.05,3160.49,3159.96,3160.4,396,20.0
2026-03-24 15:37:00,3160.4,3160.98,3160.38,3160.91,219,16.4
2026-03-24 15:38:00,3160.91,3161.81,3160.69,3161.56,153,21.2
2026-03-24 15:39:00,3161.56,3162.01,3161.54,3161.81,249,18.2
2026-03-24 15:40:00,3161.81,3161.92,3161.77,3161.82,448,16.3
2026-03-24 15:41:00,3161.82,3162.58,3161.01,3161.36,312,19.4
2026-03-24 15:42:00,3161.36,3162.03,3161.11,3161.38,327,20.7
2026-03-24 15:43:00,3161.38,3161.47,3160.88,3160.91,255,20.1
2026-03-24 15:44:00,3160.91,3161.35,3160.78,3161.25,157,18.2
2026-03-24 15:45:00,3161.25,3162.85,3161.04,3162.32,295,19.6
2026-03-24 15:46:00,3162.32,3162.39,3162.03,3162.07,112,21.4
2026-03-24 15:47:00,3162.07,3162.17,3161.38,3161.71,165,20.6
2026-03-24 15:48:00,3161.71,3162.01,3160.86,3161.19,403,17.3
2026-03-24 15:49:00,3161.19,3161.34,3160.55,3160.8,357,16.4
2026-03-24 15:50:00,3160.8,3160.85,3160.61,3160.65,82,18.5
2026-03-24 15:51:00,3160.65,3160.96,3160.1,3160.6,144,16.8
2026-03-24 15:52:00,3160.6,3162.08,3160.6,3161.4,294,19.2
2026-03-24 15:53:00,3161.4,3162.24,3160.94,3161.69,265,15.5
2026-03-24 15:54:00,3161.69,3162.27,3161.63,3161.78,439,16.5
2026-03-24 15:55:00,3161.78,3162.21,3161.7,3161.77,379,21.4
2026-03-24 15:56:00,3161.77,3162.04,3161.68,3162.0,88,20.1
2026-03-24 15:57:00,3162.0,3163.0,3160.62,3161.4,268,16.9
2026-03-24 15:58:00,3161.4,3161.72,3160.73,3161.17,411,18.1
2026-03-24 15:59:00,3161.17,3161.42,3160.97,3161.4,363,18.6
2026-03-24 16:00:00,3161.4,3161.97,3161.22,3161.96,165,20.7
2026-03-24 16:01:00,3161.96,3162.35,3161.94,3162.29,394,19.5
2026-03-24 16:02:00,3162.29,3162.83,3160.28,3161.45,109,21.7
2026-03-24 16:03:00,3161.45,3161.84,3160.43,3160.74,84,16.0
2026-03-24 16:04:00,3160.74,3160.93,3160.19,3160.35,96,16.4
2026-03-24 16:05:00,3160.35,3160.89,3160.14,3160.79,109,16.4
2026-03-24 16:06:00,3160.79,3160.96,3160.66,3160.81,118,15.8
2026-03-24 16:07:00,3160.81,3160.94,3160.29,3160.54,94,15.8
2026-03-24 16:08:00,3160.54,3160.61,3159.61,3159.9,114,20.4
2026-03-24 16:09:00,3159.9,3160.77,3159.67,3160.43,429,16.3
2026-03-24 16:10:00,3160.43,3161.23,3160.24,3160.93,156,18.1
2026-03-24 16:11:00,3160.93,3161.17,3160.34,3160.56,411,19.0
2026-03-24 16:12:00,3160.56,3160.8,3160.32,3160.74,142,17.1
2026-03-24 16:13:00,3160.74,3160.98,3160.61,3160.91,78,17.0
2026-03-24 16:14:00,3160.91,3161.05,3160.13,3160.25,81,17.3
2026-03-24 16:15:00,3160.25,3161.11,3158.78,3160.12,99,19.1
2026-03-24 16:16:00,3160.12,3160.24,3159.6,3159.72,292,20.2
2026-03-24 16:17:00,3159.72,3159.72,3159.47,3159.54,120,15.9
2026-03-24 16:18:00,3159.54,3160.13,3158.28,3159.05,223,16.3
2026-03-24 16:19:00,3159.05,3160.23,3158.3,3159.08,84,21.5
2026-03-24 16:20:00,3159.08,3159.2,3159.05,3159.19,258,18.4
2026-03-24 16:21:00,3159.19,3159.94,3159.0,3159.76,240,18.5
2026-03-24 16:22:00,3159.76,3160.03,3159.54,3159.99,277,19.1
2026-03-24 16:23:00,3159.99,3160.59,3159.13,3159.8,2568,21.3
2026-03-24 16:24:00,3159.8,3160.16,3159.77,3160.09,310,20.0
2026-03-24 16:25:00,3160.09,3161.06,3159.81,3160.66,376,21.3
2026-03-24 16:26:00,3160.66,3160.82,3160.18,3160.51,217,15.5
2026-03-24 16:27:00,3160.51,3160.96,3159.92,3160.83,252,20.9
2026-03-24 16:28:00,3160.83,3161.07,3160.4,3160.72,271,15.8
2026-03-24 16:29:00,3160.72,3161.06,3160.61,3160.98,180,16.5
2026-03-24 16:30:00,3160.98,3161.12,3160.1,3160.29,273,15.6
2026-03-24 16:31:00,3160.29,3160.59,3160.11,3160.16,205,20.1
2026-03-24 16:32:00,3160.16,3160.33,3160.1,3160.32,169,18.2
2026-03-24 16:33:00,3160.32,3160.53,3158.78,3159.74,441,20.0
2026-03-24 16:34:00,3159.74,3160.97,3159.14,3160.77,504,17.1
2026-03-24 16:35:00,3160.77,3160.9,3160.06,3160.24,171,16.3
2026-03-24 16:36:00,3160.24,3160.34,3159.72,3160.13,382,16.4
2026-03-24 16:37:00,3160.13,3160.6,3159.09,3159.45,241,16.4
2026-03-24 16:38:00,3159.45,3160.03,3159.44,3159.94,166,18.1
2026-03-24 16:39:00,3159.94,3160.48,3159.06,3159.83,193,19.9
2026-03-24 16:40:00,3159.83,3159.85,3159.82,3159.85,246,19.4
2026-03-24 16:41:00,3159.85,3160.17,3159.8,3160.1,283,19.7
2026-03-24 16:42:00,3160.1,3160.83,3159.64,3160.34,346,18.9
2026-03-24 16:43:00,3160.34,3160.87,3158.68,3160.69,90,16.9
2026-03-24 16:44:00,3160.69,3160.71,3160.68,3160.7,304,19.3
2026-03-24 16:45:00,3160.7,3161.78,3158.76,3160.22,150,21.5
2026-03-24 16:46:00,3160.22,3160.68,3160.12,3160.6,361,18.1
2026-03-24 16:47:00,3160.6,3160.63,3160.44,3160.45,258,17.9
2026-03-24 16:48:00,3160.45,3161.25,3160.17,3160.59,154,16.7
2026-03-24 16:49:00,3160.59,3160.94,3159.8,3160.3,246,21.8
2026-03-24 16:50:00,3160.3,3160.5,3158.91,3159.78,400,15.5
2026-03-24 16:51:00,3159.78,3160.71,3159.56,3160.28,139,19.6
2026-03-24 16:52:00,3160.28,3160.94,3159.85,3160.37,316,17.9
2026-03-24 16:53:00,3160.37,3162.73,3159.42,3161.23,165,19.4
2026-03-24 16:54:00,3161.23,3162.16,3160.98,3161.82,373,19.9
2026-03-24 16:55:00,3161.82,3161.98,3161.62,3161.98,267,21.3
2026-03-24 16:56:00,3161.98,3162.44,3160.87,3161.87,400,21.8
2026-03-24 16:57:00,3161.87,3161.92,3161.54,3161.59,438,18.8
2026-03-24 16:58:00,3161.59,3162.18,3161.42,3161.8,243,17.5
2026-03-24 16:59:00,3161.8,3162.32,3161.71,3162.32,235,17.6
2026-03-24 17:00:00,3162.32,3162.37,3162.11,3162.18,132,25.8
2026-03-24 17:01:00,3162.18,3162.49,3161.59,3161.82,159,24.4
2026-03-24 17:02:00,3161.82,3162.41,3161.65,3162.09,252,26.7
2026-03-24 17:03:00,3162.09,3163.86,3161.42,3162.11,190,25.7
2026-03-24 17:04:00,3162.11,3162.24,3161.7,3161.76,226,22.3
2026-03-24 17:05:00,3161.76,3162.15,3161.71,3161.99,156,26.6
2026-03-24 17:06:00,3161.99,3162.41,3161.89,3162.19,131,29.2
2026-03-24 17:07:00,3162.19,3162.5,3161.49,3161.73,111,28.2
2026-03-24 17:08:00,3161.73,3162.4,3161.57,3161.87,185,29.1
2026-03-24 17:09:00,3161.87,3161.9,3161.66,3161.76,79,26.4
2026-03-24 17:10:00,3161.76,3161.8,3161.08,3161.15,259,22.1
2026-03-24 17:11:00,3161.15,3161.32,3161.05,3161.29,176,28.1
2026-03-24 17:12:00,3161.29,3161.34,3160.93,3161.06,97,28.2
2026-03-24 17:13:00,3161.06,3161.44,3160.92,3161.2,146,29.0
2026-03-24 17:14:00,3161.2,3161.44,3161.2,3161.37,61,22.5
2026-03-24 17:15:00,3161.37,3161.51,3160.62,3161.0,182,28.6
2026-03-24 17:16:00,3161.0,3161.08,3160.55,3160.77,98,23.3
2026-03-24 17:17:00,3160.77,3161.03,3160.55,3160.98,172,27.8
2026-03-24 17:18:00,3160.98,3161.22,3160.42,3160.84,127,25.2
2026-03-24 17:19:00,3160.84,3160.84,3160.79,3160.8,52,24.2
2026-03-24 17:20:00,3160.8,3161.08,3160.76,3160.96,239,27.6
2026-03-24 17:21:00,3160.96,3161.31,3160.3,3160.38,104,28.0
2026-03-24 17:22:00,3160.38,3160.46,3160.28,3160.45,253,26.6
2026-03-24 17:23:00,3160.45,3160.46,3160.09,3160.13,163,28.9
2026-03-24 17:24:00,3160.13,3160.26,3160.11,3160.22,135,22.8
2026-03-24 17:25:00,3160.22,3160.43,3159.79,3159.88,269,29.6
2026-03-24 17:26:00,3159.88,3159.94,3159.65,3159.78,175,27.6
2026-03-24 17:27:00,3159.78,3160.05,3159.7,3160.0,70,29.1
2026-03-24 17:28:00,3160.0,3160.2,3159.81,3160.15,224,23.1
2026-03-24 17:29:00,3160.15,3160.24,3160.05,3160.07,63,24.9
2026-03-24 17:30:00,3160.07,3160.14,3159.71,3159.83,172,27.8
2026-03-24 17:31:00,3159.83,3159.87,3159.54,3159.74,104,23.7
2026-03-24 17:32:00,3159.74,3160.0,3159.73,3160.0,195,26.8
2026-03-24 17:33:00,3160.0,3160.29,3159.93,3160.23,131,24.4
2026-03-24 17:34:00,3160.23,3160.67,3160.11,3160.5,186,27.5
2026-03-24 17:35:00,3160.5,3160.96,3160.34,3160.96,116,26.0
2026-03-24 17:36:00,3160.96,3161.23,3160.86,3161.12,51,28.9
2026-03-24 17:37:00,3161.12,3161.18,3160.97,3161.05,51,28.3
2026-03-24 17:38:00,3161.05,3161.41,3160.89,3161.28,132,23.9
2026-03-24 17:39:00,3161.28,3161.42,3161.17,3161.4,121,28.8
2026-03-24 17:40:00,3161.4,3161.68,3160.84,3161.67,142,24.8
2026-03-24 17:41:00,3161.67,3162.54,3161.37,3161.79,247,23.5
2026-03-24 17:42:00,3161.79,3162.02,3161.74,3162.0,60,27.3
2026-03-24 17:43:00,3162.0,3162.24,3161.92,3162.2,160,22.8
2026-03-24 17:44:00,3162.2,3162.97,3161.76,3162.59,45,24.0
2026-03-24 17:45:00,3162.59,3163.04,3162.42,3162.91,173,29.8
2026-03-24 17:46:00,3162.91,3162.99,3162.86,3162.95,146,29.0
2026-03-24 17:47:00,3162.95,3163.25,3162.88,3163.16,241,29.2
2026-03-24 17:48:00,3163.16,3163.19,3163.03,3163.08,56,28.5
2026-03-24 17:49:00,3163.08,3163.12,3162.95,3163.04,212,24.0
2026-03-24 17:50:00,3163.04,3163.14,3162.27,3162.49,190,28.0
2026-03-24 17:51:00,3162.49,3162.73,3162.44,3162.66,98,29.9
2026-03-24 17:52:00,3162.66,3162.74,3162.49,3162.62,55,29.0
2026-03-24 17:53:00,3162.62,3162.66,3162.57,3162.62,244,29.6
2026-03-24 17:54:00,3162.62,3163.21,3162.6,3163.03,208,29.0
2026-03-24 17:55:00,3163.03,3163.22,3162.09,3162.59,213,24.3
2026-03-24 17:56:00,3162.59,3162.71,3162.32,3162.48,100,22.7
2026-03-24 17:57:00,3162.48,3162.49,3162.33,3162.4,168,27.2
2026-03-24 17:58:00,3162.4,3162.43,3162.18,3162.24,195,23.4
2026-03-24 17:59:00,3162.24,3163.53,3162.04,3162.66,208,28.4
2026-03-24 18:00:00,3162.66,3163.11,3162.61,3162.85,210,22.3
2026-03-24 18:01:00,3162.85,3162.87,3162.74,3162.78,53,28.6
2026-03-24 18:02:00,3162.78,3163.81,3162.53,3163.34,209,28.9
2026-03-24 18:03:00,3163.34,3163.39,3162.85,3163.01,108,25.5
2026-03-24 18:04:00,3163.01,3163.17,3162.62,3162.99,234,29.3
2026-03-24 18:05:00,3162.99,3163.46,3162.89,3163.28,225,28.6
2026-03-24 18:06:00,3163.28,3163.52,3162.64,3162.98,198,22.1
2026-03-24 18:07:00,3162.98,3163.71,3162.8,3163.21,168,27.1
2026-03-24 18:08:00,3163.21,3163.57,3163.07,3163.44,162,28.4
2026-03-24 18:09:00,3163.44,3163.57,3163.4,3163.46,206,29.1
2026-03-24 18:10:00,3163.46,3163.54,3163.06,3163.09,131,25.8
2026-03-24 18:11:00,3163.09,3163.99,3162.87,3163.59,84,28.5
2026-03-24 18:12:00,3163.59,3163.95,3162.55,3162.98,81,29.2
2026-03-24 18:13:00,3162.98,3163.04,3162.96,3163.01,51,23.9
2026-03-24 18:14:00,3163.01,3163.37,3162.03,3162.85,163,28.5
2026-03-24 18:15:00,3162.85,3162.86,3162.76,3162.76,284,29.4
2026-03-24 18:16:00,3162.76,3162.77,3162.35,3162.42,151,23.4
2026-03-24 18:17:00,3162.42,3162.93,3162.26,3162.68,229,22.9
2026-03-24 18:18:00,3162.68,3162.73,3162.41,3162.5,88,27.7
2026-03-24 18:19:00,3162.5,3162.56,3162.22,3162.35,194,28.4
2026-03-24 18:20:00,3162.35,3163.28,3162.07,3162.92,108,29.5
2026-03-24 18:21:00,3162.92,3163.2,3162.82,3163.15,180,28.0
2026-03-24 18:22:00,3163.15,3163.15,3162.73,3162.84,48,27.4
2026-03-24 18:23:00,3162.84,3162.98,3162.72,3162.85,216,28.0
2026-03-24 18:24:00,3162.85,3162.85,3162.81,3162.83,144,25.5
2026-03-24 18:25:00,3162.83,3162.89,3162.62,3162.66,129,29.2
2026-03-24 18:26:00,3162.66,3162.85,3162.6,3162.78,96,22.7
2026-03-24 18:27:00,3162.78,3162.93,3162.34,3162.55,106,22.0
2026-03-24 18:28:00,3162.55,3162.62,3162.42,3162.62,219,25.8
2026-03-24 18:29:00,3162.62,3162.83,3162.55,3162.71,137,25.4
2026-03-24 18:30:00,3162.71,3163.32,3162.49,3163.03,172,26.9
2026-03-24 18:31:00,3163.03,3163.8,3161.99,3162.74,186,29.2
2026-03-24 18:32:00,3162.74,3162.9,3162.39,3162.58,239,22.2
2026-03-24 18:33:00,3162.58,3162.58,3162.22,3162.24,144,25.6
2026-03-24 18:34:00,3162.24,3162.68,3162.14,3162.49,177,28.1
2026-03-24 18:35:00,3162.49,3162.56,3162.2,3162.28,270,29.0
2026-03-24 18:36:00,3162.28,3162.41,3162.25,3162.4,121,24.9
2026-03-24 18:37:00,3162.4,3162.6,3162.3,3162.59,156,29.8
2026-03-24 18:38:00,3162.59,3162.81,3162.35,3162.76,236,26.8
2026-03-24 18:39:00,3162.76,3163.11,3162.71,3163.08,81,23.2
2026-03-24 18:40:00,3163.08,3163.38,3163.01,3163.27,231,29.5
2026-03-24 18:41:00,3163.27,3163.77,3163.25,3163.55,171,30.0
2026-03-24 18:42:00,3163.55,3163.74,3163.12,3163.22,224,24.3
2026-03-24 18:43:00,3163.22,3163.45,3163.06,3163.06,1416,22.0
2026-03-24 18:44:00,3163.06,3163.11,3162.73,3162.95,123,22.4
2026-03-24 18:45:00,3162.95,3163.03,3162.67,3162.73,85,29.6
2026-03-24 18:46:00,3162.73,3162.97,3162.56,3162.74,324,29.4
2026-03-24 18:47:00,3162.74,3162.78,3162.26,3162.35,148,25.9
2026-03-24 18:48:00,3162.35,3162.46,3161.49,3161.83,257,23.1
2026-03-24 18:49:00,3161.83,3162.3,3161.61,3161.89,217,28.2
2026-03-24 18:50:00,3161.89,3162.07,3161.7,3161.85,239,22.7
2026-03-24 18:51:00,3161.85,3162.31,3161.71,3162.2,54,28.5
2026-03-24 18:52:00,3162.2,3162.5,3162.09,3162.11,175,23.8
2026-03-24 18:53:00,3162.11,3162.34,3161.59,3161.6,155,22.4
2026-03-24 18:54:00,3161.6,3161.78,3161.13,3161.67,225,27.6
2026-03-24 18:55:00,3161.67,3161.86,3161.4,3161.57,139,27.7
2026-03-24 18:56:00,3161.57,3161.76,3161.26,3161.35,103,26.6
2026-03-24 18:57:00,3161.35,3161.79,3161.26,3161.69,257,25.8
2026-03-24 18:58:00,3161.69,3162.45,3161.65,3161.99,252,25.8
2026-03-24 18:59:00,3161.99,3162.28,3161.93,3162.19,137,28.2
2026-03-24 19:00:00,3162.19,3162.25,3162.06,3162.2,225,23.5
2026-03-24 19:01:00,3162.2,3162.32,3161.69,3162.14,141,24.9
2026-03-24 19:02:00,3162.14,3162.7,3162.14,3162.56,143,25.2
2026-03-24 19:03:00,3162.56,3162.63,3162.52,3162.6,89,26.7
2026-03-24 19:04:00,3162.6,3163.04,3162.43,3162.98,228,29.7
2026-03-24 19:05:00,3162.98,3163.06,3162.75,3162.77,232,29.8
2026-03-24 19:06:00,3162.77,3163.38,3162.66,3163.3,126,24.2
2026-03-24 19:07:00,3163.3,3163.45,3163.29,3163.45,260,29.7
2026-03-24 19:08:00,3163.45,3163.76,3163.38,3163.7,213,28.1
2026-03-24 19:09:00,3163.7,3164.68,3163.4,3163.82,161,29.9
2026-03-24 19:10:00,3163.82,3163.92,3163.52,3163.89,112,22.8
2026-03-24 19:11:00,3163.89,3163.99,3163.46,3163.54,187,25.6
2026-03-24 19:12:00,3163.54,3164.27,3163.25,3163.76,63,23.9
2026-03-24 19:13:00,3163.76,3164.18,3163.67,3164.04,252,30.0
2026-03-24 19:14:00,3164.04,3164.05,3163.69,3163.75,231,29.0
2026-03-24 19:15:00,3163.75,3164.16,3163.06,3163.6,124,22.4
2026-03-24 19:16:00,3163.6,3163.88,3163.42,3163.78,187,27.2
2026-03-24 19:17:00,3163.78,3164.33,3163.75,3164.24,74,25.5
2026-03-24 19:18:00,3164.24,3164.87,3163.9,3164.34,128,26.4
2026-03-24 19:19:00,3164.34,3164.43,3164.0,3164.04,200,29.3
2026-03-24 19:20:00,3164.04,3164.05,3163.15,3163.56,178,29.8
2026-03-24 19:21:00,3163.56,3163.57,3163.53,3163.57,268,24.2
2026-03-24 19:22:00,3163.57,3163.71,3163.42,3163.58,264,22.5
2026-03-24 19:23:00,3163.58,3163.89,3163.54,3163.81,217,27.2
2026-03-24 19:24:00,3163.81,3163.85,3163.39,3163.52,61,25.0
2026-03-24 19:25:00,3163.52,3163.52,3162.68,3162.84,261,25.3
2026-03-24 19:26:00,3162.84,3162.86,3162.82,3162.85,154,28.6
2026-03-24 19:27:00,3162.85,3163.84,3162.8,3163.52,249,28.2
2026-03-24 19:28:00,3163.52,3163.62,3162.66,3162.93,266,27.3
2026-03-24 19:29:00,3162.93,3163.35,3162.77,3163.16,121,28.9
2026-03-24 19:30:00,3163.16,3163.33,3163.13,3163.15,93,23.7
2026-03-24 19:31:00,3163.15,3163.36,3163.12,3163.3,179,24.5
2026-03-24 19:32:00,3163.3,3164.05,3163.2,3163.45,226,23.5
2026-03-24 19:33:00,3163.45,3163.63,3163.18,3163.45,250,24.6
2026-03-24 19:34:00,3163.45,3163.45,3163.34,3163.44,169,27.4
2026-03-24 19:35:00,3163.44,3163.49,3163.16,3163.4,146,25.3
2026-03-24 19:36:00,3163.4,3163.6,3163.03,3163.4,265,23.1
2026-03-24 19:37:00,3163.4,3163.61,3162.89,3163.08,118,29.3
2026-03-24 19:38:00,3163.08,3163.64,3162.99,3163.52,142,28.9
2026-03-24 19:39:00,3163.52,3163.67,3163.5,3163.54,46,25.2
2026-03-24 19:40:00,3163.54,3164.18,3163.52,3164.02,151,23.1
2026-03-24 19:41:00,3164.02,3164.07,3163.39,3163.93,238,29.1
2026-03-24 19:42:00,3163.93,3163.97,3163.63,3163.76,265,27.7
2026-03-24 19:43:00,3163.76,3163.86,3163.32,3163.41,72,27.2
2026-03-24 19:44:00,3163.41,3163.65,3162.86,3163.12,144,29.3
2026-03-24 19:45:00,3163.12,3163.22,3162.59,3162.77,247,22.9
2026-03-24 19:46:00,3162.77,3163.02,3162.58,3162.86,66,28.0
2026-03-24 19:47:00,3162.86,3163.18,3162.48,3162.7,220,26.1
2026-03-24 19:48:00,3162.7,3162.81,3162.13,3162.23,261,26.8
2026-03-24 19:49:00,3162.23,3162.3,3161.78,3162.02,243,29.3
2026-03-24 19:50:00,3162.02,3162.05,3161.85,3162.0,324,22.8
2026-03-24 19:51:00,3162.0,3162.24,3161.63,3161.71,197,26.4
2026-03-24 19:52:00,3161.71,3161.74,3161.32,3161.45,195,22.5
2026-03-24 19:53:00,3161.45,3161.47,3161.36,3161.41,127,23.1
2026-03-24 19:54:00,3161.41,3161.65,3160.69,3161.04,642,27.7
2026-03-24 19:55:00,3161.04,3161.28,3160.78,3161.22,74,27.1
2026-03-24 19:56:00,3161.22,3161.27,3160.67,3161.15,100,26.0
2026-03-24 19:57:00,3161.15,3161.61,3160.93,3161.47,138,23.6
2026-03-24 19:58:00,3161.47,3161.74,3161.01,3161.16,227,23.6
2026-03-24 19:59:00,3161.16,3161.28,3160.68,3160.84,96,29.5
2026-03-24 20:00:00,3160.84,3160.92,3160.83,3160.91,140,22.6
2026-03-24 20:01:00,3160.91,3161.08,3160.91,3160.98,261,28.5
2026-03-24 20:02:00,3160.98,3161.0,3160.74,3160.92,105,28.0
2026-03-24 20:03:00,3160.92,3161.03,3160.62,3160.67,63,29.7
2026-03-24 20:04:00,3160.67,3160.7,3160.54,3160.58,128,23.6
2026-03-24 20:05:00,3160.58,3161.25,3159.82,3160.84,246,29.1
2026-03-24 20:06:00,3160.84,3161.09,3160.75,3160.78,162,25.1
2026-03-24 20:07:00,3160.78,3161.52,3160.66,3161.1,53,24.9
2026-03-24 20:08:00,3161.1,3161.97,3160.6,3161.22,88,25.5
2026-03-24 20:09:00,3161.22,3161.26,3161.02,3161.08,239,26.5
2026-03-24 20:10:00,3161.08,3161.34,3160.94,3161.26,78,23.1
2026-03-24 20:11:00,3161.26,3161.61,3160.67,3160.95,118,28.3
2026-03-24 20:12:00,3160.95,3161.28,3160.08,3160.41,264,23.2
2026-03-24 20:13:00,3160.41,3160.79,3160.2,3160.75,138,27.9
2026-03-24 20:14:00,3160.75,3160.84,3160.61,3160.62,182,23.9
2026-03-24 20:15:00,3160.62,3161.09,3160.37,3160.68,266,25.0
2026-03-24 20:16:00,3160.68,3161.22,3160.37,3161.01,57,29.6
2026-03-24 20:17:00,3161.01,3161.04,3160.59,3161.02,62,23.9
2026-03-24 20:18:00,3161.02,3162.07,3160.78,3161.67,130,28.7
2026-03-24 20:19:00,3161.67,3162.14,3161.54,3161.96,159,24.1
2026-03-24 20:20:00,3161.96,3162.22,3161.29,3161.6,106,25.6
2026-03-24 20:21:00,3161.6,3161.94,3161.55,3161.8,174,29.5
2026-03-24 20:22:00,3161.8,3161.93,3161.56,3161.67,160,28.9
2026-03-24 20:23:00,3161.67,3161.7,3161.05,3161.12,49,28.5
2026-03-24 20:24:00,3161.12,3161.66,3160.9,3161.36,255,29.3
2026-03-24 20:25:00,3161.36,3161.44,3161.27,3161.42,130,26.1
2026-03-24 20:26:00,3161.42,3161.5,3160.77,3161.25,495,25.2
2026-03-24 20:27:00,3161.25,3161.51,3160.45,3160.95,259,23.1
2026-03-24 20:28:00,3160.95,3161.37,3160.78,3161.26,90,22.4
2026-03-24 20:29:00,3161.26,3161.8,3161.19,3161.71,209,29.2
2026-03-24 20:30:00,3161.71,3161.82,3161.42,3161.52,68,25.6
2026-03-24 20:31:00,3161.52,3161.9,3161.21,3161.84,234,27.4
2026-03-24 20:32:00,3161.84,3161.93,3161.44,3161.87,147,23.3
2026-03-24 20:33:00,3161.87,3161.97,3161.79,3161.83,251,29.5
2026-03-24 20:34:00,3161.83,3162.09,3161.78,3161.98,201,29.1
2026-03-24 20:35:00,3161.98,3162.33,3161.78,3162.27,232,27.4
2026-03-24 20:36:00,3162.27,3162.41,3162.17,3162.35,78,27.5
2026-03-24 20:37:00,3162.35,3162.42,3161.95,3162.01,760,25.6
2026-03-24 20:38:00,3162.01,3162.11,3161.82,3162.1,206,29.3
2026-03-24 20:39:00,3162.1,3162.19,3161.73,3161.78,163,23.2
2026-03-24 20:40:00,3161.78,3161.9,3161.74,3161.89,85,22.4
2026-03-24 20:41:00,3161.89,3162.11,3161.72,3162.0,183,22.5
2026-03-24 20:42:00,3162.0,3162.32,3161.71,3162.27,220,29.7
2026-03-24 20:43:00,3162.27,3162.27,3162.14,3162.15,131,28.4
2026-03-24 20:44:00,3162.15,3162.25,3161.81,3161.84,210,24.8
2026-03-24 20:45:00,3161.84,3161.9,3161.45,3161.49,130,27.2
2026-03-24 20:46:00,3161.49,3161.83,3161.17,3161.31,99,24.8
2026-03-24 20:47:00,3161.31,3161.38,3161.0,3161.13,183,23.2
2026-03-24 20:48:00,3161.13,3161.24,3160.44,3160.65,250,22.0
2026-03-24 20:49:00,3160.65,3160.66,3160.49,3160.56,52,23.8
2026-03-24 20:50:00,3160.56,3160.71,3160.55,3160.66,87,22.7
2026-03-24 20:51:00,3160.66,3161.61,3160.57,3161.09,53,26.0
2026-03-24 20:52:00,3161.09,3161.1,3160.91,3160.97,263,25.9
2026-03-24 20:53:00,3160.97,3161.54,3160.8,3161.23,266,26.4
2026-03-24 20:54:00,3161.23,3161.42,3160.59,3161.0,105,27.3
2026-03-24 20:55:00,3161.0,3161.05,3160.81,3160.85,270,24.1
2026-03-24 20:56:00,3160.85,3160.99,3160.59,3160.94,256,23.7
2026-03-24 20:57:00,3160.94,3161.25,3160.86,3161.22,198,22.1
2026-03-24 20:58:00,3161.22,3161.72,3161.0,3161.44,243,26.5
2026-03-24 20:59:00,3161.44,3161.49,3161.29,3161.37,122,27.9
2026-03-24 21:00:00,3161.37,3161.59,3160.94,3161.44,226,27.2
2026-03-24 21:01:00,3161.44,3161.45,3161.43,3161.44,227,28.9
2026-03-24 21:02:00,3161.44,3162.1,3161.38,3161.96,242,22.8
2026-03-24 21:03:00,3161.96,3162.33,3161.96,3162.2,223,24.4
2026-03-24 21:04:00,3162.2,3162.52,3162.15,3162.44,97,25.2
2026-03-24 21:05:00,3162.44,3162.47,3162.2,3162.28,127,27.8
2026-03-24 21:06:00,3162.28,3162.65,3161.7,3162.05,129,26.5
2026-03-24 21:07:00,3162.05,3162.25,3161.89,3162.02,856,29.8
2026-03-24 21:08:00,3162.02,3162.35,3161.96,3162.12,118,22.7
2026-03-24 21:09:00,3162.12,3162.51,3162.12,3162.14,83,26.0
2026-03-24 21:10:00,3162.14,3162.16,3162.02,3162.04,66,23.3
2026-03-24 21:11:00,3162.04,3162.12,3162.0,3162.1,252,27.3
2026-03-24 21:12:00,3162.1,3162.32,3162.03,3162.17,174,25.2
2026-03-24 21:13:00,3162.17,3162.58,3161.75,3162.42,222,25.8
2026-03-24 21:14:00,3162.42,3162.67,3162.35,3162.53,122,25.5
2026-03-24 21:15:00,3162.53,3162.62,3161.94,3162.23,260,29.7
2026-03-24 21:16:00,3162.23,3162.4,3161.97,3162.15,90,27.0
2026-03-24 21:17:00,3162.15,3162.23,3162.12,3162.17,225,22.7
2026-03-24 21:18:00,3162.17,3162.19,3161.89,3161.92,180,24.7
2026-03-24 21:19:00,3161.92,3162.1,3161.86,3161.96,149,28.7
2026-03-24 21:20:00,3161.96,3161.96,3161.62,3161.64,267,24.3
2026-03-24 21:21:00,3161.64,3161.71,3161.36,3161.49,180,25.2
2026-03-24 21:22:00,3161.49,3162.23,3161.35,3161.85,249,24.5
2026-03-24 21:23:00,3161.85,3162.45,3161.79,3162.36,205,27.5
2026-03-24 21:24:00,3162.36,3162.57,3162.3,3162.46,143,23.6
2026-03-24 21:25:00,3162.46,3162.62,3162.29,3162.33,205,29.7
2026-03-24 21:26:00,3162.33,3162.38,3162.32,3162.37,46,24.6
2026-03-24 21:27:00,3162.37,3162.48,3162.33,3162.44,63,24.8
2026-03-24 21:28:00,3162.44,3163.02,3162.14,3162.57,175,26.9
2026-03-24 21:29:00,3162.57,3162.63,3162.1,3162.43,217,26.9
2026-03-24 21:30:00,3162.43,3163.17,3162.26,3162.6,103,29.2
2026-03-24 21:31:00,3162.6,3162.71,3162.48,3162.54,184,28.3
2026-03-24 21:32:00,3162.54,3162.82,3162.35,3162.66,96,27.6
2026-03-24 21:33:00,3162.66,3162.92,3162.33,3162.61,83,24.2
2026-03-24 21:34:00,3162.61,3162.68,3162.56,3162.63,154,22.4
2026-03-24 21:35:00,3162.63,3162.93,3161.91,3162.17,260,23.7
2026-03-24 21:36:00,3162.17,3162.18,3161.83,3161.94,176,24.0
2026-03-24 21:37:00,3161.94,3162.41,3161.83,3162.18,241,22.5
2026-03-24 21:38:00,3162.18,3162.99,3162.05,3162.64,153,23.5
2026-03-24 21:39:00,3162.64,3162.64,3162.64,3162.64,240,23.1
2026-03-24 21:40:00,3162.64,3162.67,3162.51,3162.55,234,29.4
2026-03-24 21:41:00,3162.55,3162.72,3162.27,3162.63,121,29.2
2026-03-24 21:42:00,3162.63,3162.74,3162.48,3162.53,179,28.9
2026-03-24 21:43:00,3162.53,3163.09,3162.44,3162.5,176,27.4
2026-03-24 21:44:00,3162.5,3162.52,3162.46,3162.49,104,29.6
2026-03-24 21:45:00,3162.49,3162.9,3162.46,3162.49,91,25.2
2026-03-24 21:46:00,3162.49,3162.67,3162.24,3162.58,75,23.5
2026-03-24 21:47:00,3162.58,3162.6,3162.48,3162.49,114,24.0
2026-03-24 21:48:00,3162.49,3162.84,3162.33,3162.69,229,25.6
2026-03-24 21:49:00,3162.69,3162.85,3162.38,3162.61,117,28.3
2026-03-24 21:50:00,3162.61,3162.66,3162.4,3162.58,265,29.2
2026-03-24 21:51:00,3162.58,3162.93,3162.04,3162.35,152,29.1
2026-03-24 21:52:00,3162.35,3162.49,3162.0,3162.02,97,29.9
2026-03-24 21:53:00,3162.02,3162.05,3161.88,3161.95,142,28.3
2026-03-24 21:54:00,3161.95,3162.29,3161.72,3162.0,219,23.4
2026-03-24 21:55:00,3162.0,3162.0,3161.82,3161.83,120,23.6
2026-03-24 21:56:00,3161.83,3161.88,3161.78,3161.8,95,29.9
2026-03-24 21:57:00,3161.8,3161.94,3161.22,3161.38,128,25.3
2026-03-24 21:58:00,3161.38,3161.61,3161.17,3161.52,185,22.1
2026-03-24 21:59:00,3161.52,3161.55,3161.5,3161.51,63,28.5
2026-03-24 22:00:00,3161.51,3161.76,3161.45,3161.7,103,23.4
2026-03-24 22:01:00,3161.7,3161.78,3161.66,3161.73,50,23.9
2026-03-24 22:02:00,3161.73,3162.11,3161.57,3161.9,113,29.6
2026-03-24 22:03:00,3161.9,3161.92,3161.82,3161.83,58,22.7
2026-03-24 22:04:00,3161.83,3162.02,3161.45,3161.52,110,28.5
2026-03-24 22:05:00,3161.52,3161.83,3161.46,3161.73,104,27.8
2026-03-24 22:06:00,3161.73,3161.82,3161.47,3161.66,114,22.8
2026-03-24 22:07:00,3161.66,3161.75,3161.37,3161.59,68,25.1
2026-03-24 22:08:00,3161.59,3161.6,3161.47,3161.51,81,24.7
2026-03-24 22:09:00,3161.51,3161.55,3161.47,3161.52,113,29.6
2026-03-24 22:10:00,3161.52,3161.66,3161.15,3161.4,66,27.9
2026-03-24 22:11:00,3161.4,3161.41,3161.4,3161.4,66,29.5
2026-03-24 22:12:00,3161.4,3161.53,3161.24,3161.34,102,22.3
2026-03-24 22:13:00,3161.34,3161.45,3161.2,3161.22,104,26.9
2026-03-24 22:14:00,3161.22,3161.41,3160.84,3161.0,56,27.5
2026-03-24 22:15:00,3161.0,3161.02,3160.8,3160.87,98,29.8
2026-03-24 22:16:00,3160.87,3160.92,3160.68,3160.75,96,22.8
2026-03-24 22:17:00,3160.75,3160.77,3160.68,3160.69,58,23.8
2026-03-24 22:18:00,3160.69,3160.75,3160.59,3160.71,58,27.4
2026-03-24 22:19:00,3160.71,3160.92,3160.69,3160.78,49,23.5
2026-03-24 22:20:00,3160.78,3160.98,3160.65,3160.97,72,25.5
2026-03-24 22:21:00,3160.97,3161.06,3160.97,3160.99,58,26.8
2026-03-24 22:22:00,3160.99,3161.02,3160.94,3160.99,109,25.0
2026-03-24 22:23:00,3160.99,3161.01,3160.83,3160.91,87,28.3
2026-03-24 22:24:00,3160.91,3160.98,3160.88,3160.94,38,29.6
2026-03-24 22:25:00,3160.94,3161.07,3160.91,3160.91,28,26.0
2026-03-24 22:26:00,3160.91,3161.02,3160.91,3160.99,86,24.8
2026-03-24 22:27:00,3160.99,3161.1,3160.95,3161.08,114,27.8
2026-03-24 22:28:00,3161.08,3161.24,3161.04,3161.22,91,23.7
2026-03-24 22:29:00,3161.22,3161.36,3161.19,3161.23,83,23.9
2026-03-24 22:30:00,3161.23,3161.43,3161.1,3161.41,54,27.3
2026-03-24 22:31:00,3161.41,3161.62,3161.35,3161.59,42,27.0
2026-03-24 22:32:00,3161.59,3161.63,3161.59,3161.63,106,28.1
2026-03-24 22:33:00,3161.63,3161.8,3161.56,3161.79,37,28.8
2026-03-24 22:34:00,3161.79,3161.91,3161.74,3161.86,92,25.0
2026-03-24 22:35:00,3161.86,3161.9,3161.64,3161.75,30,23.2
2026-03-24 22:36:00,3161.75,3161.85,3161.75,3161.81,51,22.9
2026-03-24 22:37:00,3161.81,3161.92,3161.79,3161.91,71,28.0
2026-03-24 22:38:00,3161.91,3161.97,3161.61,3161.76,73,26.0
2026-03-24 22:39:00,3161.76,3161.87,3161.55,3161.67,96,27.9
2026-03-24 22:40:00,3161.67,3161.77,3161.66,3161.75,82,25.5
2026-03-24 22:41:00,3161.75,3161.79,3161.73,3161.79,24,29.4
2026-03-24 22:42:00,3161.79,3161.86,3161.71,3161.72,94,26.9
2026-03-24 22:43:00,3161.72,3161.9,3161.65,3161.88,82,26.1
2026-03-24 22:44:00,3161.88,3161.93,3161.62,3161.74,48,28.6
2026-03-24 22:45:00,3161.74,3161.77,3161.66,3161.66,42,26.2
2026-03-24 22:46:00,3161.66,3161.68,3161.54,3161.55,20,25.4
2026-03-24 22:47:00,3161.55,3161.61,3161.54,3161.58,232,24.8
2026-03-24 22:48:00,3161.58,3161.71,3161.42,3161.65,112,22.4
2026-03-24 22:49:00,3161.65,3161.83,3161.6,3161.79,37,27.7
2026-03-24 22:50:00,3161.79,3161.8,3161.68,3161.74,91,26.5
2026-03-24 22:51:00,3161.74,3161.8,3161.64,3161.75,110,28.6
2026-03-24 22:52:00,3161.75,3161.82,3161.3,3161.48,118,29.0
2026-03-24 22:53:00,3161.48,3161.55,3161.18,3161.32,118,28.5
2026-03-24 22:54:00,3161.32,3161.53,3161.24,3161.43,30,28.5
2026-03-24 22:55:00,3161.43,3161.58,3161.2,3161.49,100,26.4
2026-03-24 22:56:00,3161.49,3161.51,3161.38,3161.48,106,29.2
2026-03-24 22:57:00,3161.48,3161.58,3161.43,3161.44,68,29.8
2026-03-24 22:58:00,3161.44,3161.64,3161.39,3161.51,111,29.5
2026-03-24 22:59:00,3161.51,3161.55,3161.36,3161.44,20,25.1
2026-03-24 23:00:00,3161.44,3161.52,3161.24,3161.35,45,29.5
2026-03-24 23:01:00,3161.35,3161.38,3161.17,3161.22,31,27.0
2026-03-24 23:02:00,3161.22,3161.32,3161.2,3161.25,90,26.7
2026-03-24 23:03:00,3161.25,3161.83,3161.19,3161.34,60,27.3
2026-03-24 23:04:00,3161.34,3161.65,3161.18,3161.5,82,27.6
2026-03-24 23:05:00,3161.5,3161.64,3161.48,3161.6,111,26.6
2026-03-24 23:06:00,3161.6,3161.68,3161.58,3161.66,504,24.7
2026-03-24 23:07:00,3161.66,3161.86,3161.59,3161.79,34,27.9
2026-03-24 23:08:00,3161.79,3161.9,3161.68,3161.69,64,25.3
2026-03-24 23:09:00,3161.69,3161.79,3161.59,3161.7,70,25.2
2026-03-24 23:10:00,3161.7,3161.78,3161.67,3161.71,27,24.8
2026-03-24 23:11:00,3161.71,3161.73,3161.58,3161.6,105,23.5
2026-03-24 23:12:00,3161.6,3161.63,3161.47,3161.52,102,29.5
2026-03-24 23:13:00,3161.52,3161.52,3161.48,3161.48,81,30.0
2026-03-24 23:14:00,3161.48,3161.87,3161.42,3161.64,37,27.1
2026-03-24 23:15:00,3161.64,3161.78,3161.51,3161.76,76,29.1
2026-03-24 23:16:00,3161.76,3161.83,3161.67,3161.79,45,22.5
2026-03-24 23:17:00,3161.79,3161.88,3161.72,3161.82,102,22.8
2026-03-24 23:18:00,3161.82,3161.91,3161.8,3161.84,80,25.9
2026-03-24 23:19:00,3161.84,3162.0,3161.75,3161.94,21,24.1
2026-03-24 23:20:00,3161.94,3162.19,3161.48,3161.5,41,29.7
2026-03-24 23:21:00,3161.5,3161.58,3161.13,3161.22,56,24.8
2026-03-24 23:22:00,3161.22,3161.33,3161.08,3161.2,76,22.1
2026-03-24 23:23:00,3161.2,3161.34,3161.17,3161.22,65,26.5
2026-03-24 23:24:00,3161.22,3161.35,3160.78,3160.78,32,26.0
2026-03-24 23:25:00,3160.78,3160.81,3160.78,3160.81,58,23.3
2026-03-24 23:26:00,3160.81,3160.91,3160.48,3160.52,119,23.0
2026-03-24 23:27:00,3160.52,3160.53,3160.47,3160.49,112,26.8
2026-03-24 23:28:00,3160.49,3160.52,3160.31,3160.31,34,28.5
2026-03-24 23:29:00,3160.31,3160.43,3160.1,3160.13,115,23.0
2026-03-24 23:30:00,3160.13,3160.18,3159.88,3160.09,53,23.4
2026-03-24 23:31:00,3160.09,3160.14,3159.81,3159.9,112,29.5
2026-03-24 23:32:00,3159.9,3159.95,3159.55,3159.68,81,26.3
2026-03-24 23:33:00,3159.68,3159.7,3159.63,3159.67,28,23.4
2026-03-24 23:34:00,3159.67,3159.72,3159.31,3159.36,104,24.3
2026-03-24 23:35:00,3159.36,3159.36,3159.31,3159.31,108,26.8
2026-03-24 23:36:00,3159.31,3159.4,3159.09,3159.18,84,27.7
2026-03-24 23:37:00,3159.18,3159.29,3158.83,3158.96,76,26.0
2026-03-24 23:38:00,3158.96,3158.97,3158.79,3158.86,51,27.4
2026-03-24 23:39:00,3158.86,3158.88,3158.86,3158.88,70,28.7
2026-03-24 23:40:00,3158.88,3158.94,3158.88,3158.93,107,22.7
2026-03-24 23:41:00,3158.93,3158.96,3158.68,3158.72,57,24.9
2026-03-24 23:42:00,3158.72,3158.75,3158.48,3158.53,96,24.9
2026-03-24 23:43:00,3158.53,3158.54,3158.49,3158.51,120,24.4
2026-03-24 23:44:00,3158.51,3158.63,3158.14,3158.17,54,23.6
2026-03-24 23:45:00,3158.17,3158.21,3158.01,3158.11,26,26.1
2026-03-24 23:46:00,3158.11,3158.23,3157.82,3157.99,63,23.9
2026-03-24 23:47:00,3157.99,3158.14,3157.48,3157.6,37,26.1
2026-03-24 23:48:00,3157.6,3157.64,3157.43,3157.46,52,25.8
2026-03-24 23:49:00,3157.46,3157.5,3157.44,3157.46,53,24.5
2026-03-24 23:50:00,3157.46,3157.53,3157.43,3157.45,77,25.9
2026-03-24 23:51:00,3157.45,3157.48,3157.27,3157.28,68,24.8
2026-03-24 23:52:00,3157.28,3157.35,3157.01,3157.08,26,25.0
2026-03-24 23:53:00,3157.08,3157.11,3156.91,3156.97,101,23.8
2026-03-24 23:54:00,3156.97,3157.02,3156.7,3156.77,100,29.8
2026-03-24 23:55:00,3156.77,3156.8,3156.77,3156.79,112,22.3
2026-03-24 23:56:00,3156.79,3156.81,3156.57,3156.7,75,29.4
2026-03-24 23:57:00,3156.7,3156.76,3156.4,3156.54,72,27.3
2026-03-24 23:58:00,3156.54,3156.66,3156.38,3156.5,94,24.4
2026-03-24 23:59:00,3156.5,3156.53,3156.46,3156.49,84,25.0
2026-03-25 00:00:00,3156.49,3156.61,3156.36,3156.49,91,25.0
2026-03-25 00:01:00,3156.49,3156.64,3156.44,3156.59,93,21.8
2026-03-25 00:02:00,3156.59,3156.81,3156.55,3156.71,93,20.8
2026-03-25 00:03:00,3156.71,3157.01,3156.58,3156.8,142,29.5
2026-03-25 00:04:00,3156.8,3157.05,3156.69,3156.91,81,28.4
2026-03-25 00:05:00,3156.91,3156.96,3156.89,3156.92,130,20.5
2026-03-25 00:06:00,3156.92,3157.31,3156.78,3157.19,121,20.9
2026-03-25 00:07:00,3157.19,3157.41,3157.16,3157.31,600,27.2
2026-03-25 00:08:00,3157.31,3157.52,3157.3,3157.4,56,21.2
2026-03-25 00:09:00,3157.4,3157.88,3157.35,3157.75,40,25.3
2026-03-25 00:10:00,3157.75,3157.87,3157.42,3157.5,93,24.3
2026-03-25 00:11:00,3157.5,3157.66,3157.47,3157.58,116,28.6
2026-03-25 00:12:00,3157.58,3157.98,3157.36,3157.63,92,24.0
2026-03-25 00:13:00,3157.63,3157.67,3157.41,3157.45,101,23.8
2026-03-25 00:14:00,3157.45,3157.88,3157.44,3157.73,25,22.5
2026-03-25 00:15:00,3157.73,3158.44,3157.6,3158.23,147,25.4
2026-03-25 00:16:00,3158.23,3158.27,3158.23,3158.26,73,26.7
2026-03-25 00:17:00,3158.26,3158.45,3158.18,3158.41,75,24.9
2026-03-25 00:18:00,3158.41,3158.84,3158.24,3158.63,85,26.1
2026-03-25 00:19:00,3158.63,3158.97,3158.58,3158.84,25,24.6
2026-03-25 00:20:00,3158.84,3158.84,3158.74,3158.78,57,22.5
2026-03-25 00:21:00,3158.78,3158.88,3158.77,3158.84,146,27.0
2026-03-25 00:22:00,3158.84,3159.05,3158.79,3158.96,63,28.9
2026-03-25 00:23:00,3158.96,3159.56,3158.88,3159.43,42,22.7
2026-03-25 00:24:00,3159.43,3159.49,3159.42,3159.46,42,22.1
2026-03-25 00:25:00,3159.46,3159.85,3159.35,3159.73,99,25.1
2026-03-25 00:26:00,3159.73,3159.95,3159.69,3159.95,127,23.2
2026-03-25 00:27:00,3159.95,3160.37,3159.76,3160.02,113,25.0
2026-03-25 00:28:00,3160.02,3160.46,3159.92,3160.37,145,25.7
2026-03-25 00:29:00,3160.37,3160.5,3160.09,3160.44,131,24.5
2026-03-25 00:30:00,3160.44,3160.8,3160.26,3160.67,40,23.3
2026-03-25 00:31:00,3160.67,3161.57,3160.34,3161.15,125,28.9
2026-03-25 00:32:00,3161.15,3161.38,3160.97,3161.29,131,23.8
2026-03-25 00:33:00,3161.29,3161.44,3161.23,3161.43,95,23.1
2026-03-25 00:34:00,3161.43,3161.79,3161.34,3161.7,52,26.5
2026-03-25 00:35:00,3161.7,3161.74,3161.47,3161.52,104,27.6
2026-03-25 00:36:00,3161.52,3161.77,3161.46,3161.7,78,29.4
2026-03-25 00:37:00,3161.7,3161.87,3161.7,3161.85,58,21.9
2026-03-25 00:38:00,3161.85,3162.09,3161.83,3162.0,29,28.5
2026-03-25 00:39:00,3162.0,3162.09,3161.99,3162.08,113,23.6
2026-03-25 00:40:00,3162.08,3162.2,3162.04,3162.17,59,25.9
2026-03-25 00:41:00,3162.17,3162.43,3162.13,3162.38,37,27.8
2026-03-25 00:42:00,3162.38,3162.4,3162.24,3162.29,28,29.2
2026-03-25 00:43:00,3162.29,3162.73,3161.76,3162.14,51,27.4
2026-03-25 00:44:00,3162.14,3162.93,3161.68,3162.27,48,23.7
2026-03-25 00:45:00,3162.27,3162.59,3162.26,3162.53,131,22.7
2026-03-25 00:46:00,3162.53,3162.56,3162.48,3162.49,73,20.4
2026-03-25 00:47:00,3162.49,3162.71,3162.31,3162.67,44,24.7
2026-03-25 00:48:00,3162.67,3163.0,3162.63,3162.89,127,20.3
2026-03-25 00:49:00,3162.89,3163.17,3162.88,3162.89,84,21.4
2026-03-25 00:50:00,3162.89,3162.95,3162.89,3162.94,147,23.1
2026-03-25 00:51:00,3162.94,3163.22,3162.8,3163.2,29,29.7
2026-03-25 00:52:00,3163.2,3163.33,3163.16,3163.32,97,21.7
2026-03-25 00:53:00,3163.32,3163.61,3163.31,3163.57,130,25.1
2026-03-25 00:54:00,3163.57,3163.62,3163.44,3163.52,39,28.7
2026-03-25 00:55:00,3163.52,3164.03,3163.52,3163.75,57,21.1
2026-03-25 00:56:00,3163.75,3164.19,3163.62,3164.08,63,24.1
2026-03-25 00:57:00,3164.08,3164.31,3164.08,3164.25,68,27.9
2026-03-25 00:58:00,3164.25,3164.29,3164.2,3164.29,141,29.1
2026-03-25 00:59:00,3164.29,3164.45,3164.14,3164.27,48,27.3
2026-03-25 01:00:00,3164.27,3164.37,3164.18,3164.3,65,20.2
2026-03-25 01:01:00,3164.3,3164.42,3164.24,3164.33,28,29.2
2026-03-25 01:02:00,3164.33,3164.47,3164.28,3164.43,99,26.8
2026-03-25 01:03:00,3164.43,3164.62,3164.3,3164.6,93,21.1
2026-03-25 01:04:00,3164.6,3164.74,3164.55,3164.71,121,28.4
2026-03-25 01:05:00,3164.71,3164.97,3164.63,3164.9,141,27.3
2026-03-25 01:06:00,3164.9,3164.93,3164.6,3164.7,987,26.7
2026-03-25 01:07:00,3164.7,3164.86,3164.58,3164.76,149,22.7
2026-03-25 01:08:00,3164.76,3164.94,3164.68,3164.86,97,25.6
2026-03-25 01:09:00,3164.86,3165.33,3164.65,3165.1,123,24.4
2026-03-25 01:10:00,3165.1,3165.36,3165.04,3165.23,131,29.7
2026-03-25 01:11:00,3165.23,3165.39,3165.12,3165.35,30,23.3
2026-03-25 01:12:00,3165.35,3165.75,3165.29,3165.63,80,21.2
2026-03-25 01:13:00,3165.63,3165.84,3165.6,3165.78,145,27.1
2026-03-25 01:14:00,3165.78,3165.85,3165.72,3165.82,122,28.7
2026-03-25 01:15:00,3165.82,3166.08,3165.75,3166.04,76,20.6
2026-03-25 01:16:00,3166.04,3166.11,3165.98,3166.1,123,25.9
2026-03-25 01:17:00,3166.1,3166.21,3165.91,3166.2,133,30.0
2026-03-25 01:18:00,3166.2,3166.33,3166.16,3166.3,112,25.7
2026-03-25 01:19:00,3166.3,3166.43,3166.23,3166.33,119,29.3
2026-03-25 01:20:00,3166.33,3166.37,3166.15,3166.17,94,20.4
2026-03-25 01:21:00,3166.17,3166.61,3166.12,3166.49,56,29.5
2026-03-25 01:22:00,3166.49,3166.6,3166.33,3166.43,60,20.2
2026-03-25 01:23:00,3166.43,3166.81,3166.41,3166.52,37,22.5
2026-03-25 01:24:00,3166.52,3166.64,3166.5,3166.61,113,20.9
2026-03-25 01:25:00,3166.61,3166.75,3166.6,3166.67,58,25.0
2026-03-25 01:26:00,3166.67,3166.7,3166.22,3166.33,60,26.6
2026-03-25 01:27:00,3166.33,3166.37,3166.11,3166.22,115,20.3
2026-03-25 01:28:00,3166.22,3166.75,3166.2,3166.58,95,24.0
2026-03-25 01:29:00,3166.58,3166.66,3166.56,3166.57,89,28.8
2026-03-25 01:30:00,3166.57,3166.62,3166.23,3166.35,61,21.4
2026-03-25 01:31:00,3166.35,3166.53,3166.34,3166.45,58,21.5
2026-03-25 01:32:00,3166.45,3166.51,3166.41,3166.44,149,29.0
2026-03-25 01:33:00,3166.44,3166.6,3166.25,3166.58,45,23.1
2026-03-25 01:34:00,3166.58,3166.61,3166.52,3166.59,38,29.9
2026-03-25 01:35:00,3166.59,3167.15,3166.51,3166.83,27,26.9
2026-03-25 01:36:00,3166.83,3166.89,3166.79,3166.79,102,28.7
2026-03-25 01:37:00,3166.79,3166.82,3166.79,3166.81,83,20.6
2026-03-25 01:38:00,3166.81,3167.17,3166.75,3166.86,140,20.9
2026-03-25 01:39:00,3166.86,3167.06,3166.79,3167.05,58,27.4
2026-03-25 01:40:00,3167.05,3167.05,3167.01,3167.02,66,27.2
2026-03-25 01:41:00,3167.02,3167.42,3166.84,3167.31,149,28.1
2026-03-25 01:42:00,3167.31,3167.61,3166.98,3167.15,53,26.6
2026-03-25 01:43:00,3167.15,3167.26,3167.15,3167.2,88,23.0
2026-03-25 01:44:00,3167.2,3167.81,3167.06,3167.22,133,28.0
2026-03-25 01:45:00,3167.22,3167.26,3167.09,3167.11,145,22.3
2026-03-25 01:46:00,3167.11,3167.22,3166.98,3167.1,48,21.0
2026-03-25 01:47:00,3167.1,3167.18,3166.75,3166.85,114,29.9
2026-03-25 01:48:00,3166.85,3166.95,3166.83,3166.87,143,29.5
2026-03-25 01:49:00,3166.87,3167.4,3166.83,3167.21,104,24.4
2026-03-25 01:50:00,3167.21,3167.25,3167.21,3167.24,51,24.7
2026-03-25 01:51:00,3167.24,3167.43,3167.19,3167.36,63,20.4
2026-03-25 01:52:00,3167.36,3167.41,3167.35,3167.39,31,21.3
2026-03-25 01:53:00,3167.39,3167.42,3167.39,3167.42,126,24.2
2026-03-25 01:54:00,3167.42,3167.52,3167.29,3167.32,57,28.4
2026-03-25 01:55:00,3167.32,3167.62,3167.22,3167.57,123,21.7
2026-03-25 01:56:00,3167.57,3167.68,3167.52,3167.57,35,26.7
2026-03-25 01:57:00,3167.57,3167.87,3167.5,3167.84,125,24.6
2026-03-25 01:58:00,3167.84,3167.91,3167.83,3167.88,91,28.7
2026-03-25 01:59:00,3167.88,3168.04,3167.46,3167.47,133,28.0
2026-03-25 02:00:00,3167.47,3167.47,3167.37,3167.4,72,21.0
2026-03-25 02:01:00,3167.4,3167.42,3167.39,3167.39,76,26.6
2026-03-25 02:02:00,3167.39,3167.94,3167.04,3167.7,55,26.1
2026-03-25 02:03:00,3167.7,3167.78,3167.69,3167.7,32,21.0
2026-03-25 02:04:00,3167.7,3167.8,3167.3,3167.44,102,22.0
2026-03-25 02:05:00,3167.44,3167.69,3167.11,3167.59,85,20.5
2026-03-25 02:06:00,3167.59,3167.82,3167.57,3167.69,130,22.4
2026-03-25 02:07:00,3167.69,3167.73,3167.47,3167.51,143,26.5
2026-03-25 02:08:00,3167.51,3167.78,3167.41,3167.68,31,29.9
2026-03-25 02:09:00,3167.68,3167.89,3167.3,3167.62,136,22.6
2026-03-25 02:10:00,3167.62,3167.62,3167.59,3167.6,53,20.1
2026-03-25 02:11:00,3167.6,3167.81,3167.54,3167.77,81,21.7
2026-03-25 02:12:00,3167.77,3167.96,3167.72,3167.92,116,20.0
2026-03-25 02:13:00,3167.92,3167.98,3167.7,3167.83,85,21.1
2026-03-25 02:14:00,3167.83,3168.21,3167.57,3167.95,100,21.5
2026-03-25 02:15:00,3167.95,3168.02,3167.57,3167.73,30,23.8
2026-03-25 02:16:00,3167.73,3168.1,3167.73,3167.81,127,24.2
2026-03-25 02:17:00,3167.81,3167.93,3167.64,3167.82,232,20.1
2026-03-25 02:18:00,3167.82,3167.87,3167.39,3167.67,52,22.6
2026-03-25 02:19:00,3167.67,3167.87,3167.56,3167.86,102,29.6
2026-03-25 02:20:00,3167.86,3168.22,3167.81,3168.14,510,23.8
2026-03-25 02:21:00,3168.14,3168.18,3167.91,3168.08,142,26.8
2026-03-25 02:22:00,3168.08,3168.71,3168.05,3168.25,32,27.0
2026-03-25 02:23:00,3168.25,3168.51,3168.13,3168.51,52,28.4
2026-03-25 02:24:00,3168.51,3168.8,3168.13,3168.38,58,20.5
2026-03-25 02:25:00,3168.38,3168.71,3168.22,3168.56,98,21.6
2026-03-25 02:26:00,3168.56,3168.56,3168.41,3168.41,63,25.4
2026-03-25 02:27:00,3168.41,3168.49,3168.16,3168.23,43,27.4
2026-03-25 02:28:00,3168.23,3168.3,3168.02,3168.11,116,29.1
2026-03-25 02:29:00,3168.11,3168.14,3168.05,3168.09,135,23.9
2026-03-25 02:30:00,3168.09,3168.37,3168.09,3168.36,40,23.1
2026-03-25 02:31:00,3168.36,3168.65,3167.64,3168.29,99,22.8
2026-03-25 02:32:00,3168.29,3168.35,3168.28,3168.33,66,28.6
2026-03-25 02:33:00,3168.33,3168.56,3168.3,3168.52,128,29.1
2026-03-25 02:34:00,3168.52,3168.76,3168.47,3168.68,68,22.3
2026-03-25 02:35:00,3168.68,3169.09,3168.58,3168.85,54,21.5
2026-03-25 02:36:00,3168.85,3168.88,3168.65,3168.73,132,20.2
2026-03-25 02:37:00,3168.73,3168.74,3168.59,3168.62,28,27.7
2026-03-25 02:38:00,3168.62,3168.76,3168.58,3168.74,58,20.6
2026-03-25 02:39:00,3168.74,3169.19,3168.7,3169.03,87,24.8
2026-03-25 02:40:00,3169.03,3169.16,3168.95,3169.07,62,29.8
2026-03-25 02:41:00,3169.07,3169.08,3168.97,3168.97,97,28.4
2026-03-25 02:42:00,3168.97,3169.17,3168.91,3169.01,43,22.6
2026-03-25 02:43:00,3169.01,3169.03,3168.92,3168.93,26,21.9
2026-03-25 02:44:00,3168.93,3168.98,3168.8,3168.96,135,28.9
2026-03-25 02:45:00,3168.96,3169.12,3168.64,3168.87,42,22.1
2026-03-25 02:46:00,3168.87,3169.31,3168.71,3169.12,85,21.3
2026-03-25 02:47:00,3169.12,3169.19,3169.1,3169.14,75,24.1
2026-03-25 02:48:00,3169.14,3169.16,3169.14,3169.15,55,22.3
2026-03-25 02:49:00,3169.15,3169.65,3169.03,3169.38,98,23.5
2026-03-25 02:50:00,3169.38,3169.54,3169.16,3169.32,146,20.8
2026-03-25 02:51:00,3169.32,3169.34,3169.28,3169.32,89,20.1
2026-03-25 02:52:00,3169.32,3169.53,3169.3,3169.45,133,24.6
2026-03-25 02:53:00,3169.45,3169.68,3169.42,3169.65,51,27.0
2026-03-25 02:54:00,3169.65,3169.67,3169.61,3169.62,115,27.5
2026-03-25 02:55:00,3169.62,3169.76,3169.39,3169.58,108,29.4
2026-03-25 02:56:00,3169.58,3169.59,3169.55,3169.56,32,24.3
2026-03-25 02:57:00,3169.56,3169.64,3169.54,3169.59,95,21.6
2026-03-25 02:58:00,3169.59,3169.89,3168.94,3169.41,26,23.7
2026-03-25 02:59:00,3169.41,3169.43,3169.29,3169.35,97,28.6
2026-03-25 03:00:00,3169.35,3169.94,3169.14,3169.3,75,20.1
2026-03-25 03:01:00,3169.3,3169.55,3169.07,3169.4,488,28.3
2026-03-25 03:02:00,3169.4,3169.41,3169.38,3169.39,124,28.1
2026-03-25 03:03:00,3169.39,3169.41,3169.29,3169.35,83,23.4
2026-03-25 03:04:00,3169.35,3169.36,3169.26,3169.27,128,29.2
2026-03-25 03:05:00,3169.27,3169.3,3169.19,3169.22,147,25.6
2026-03-25 03:06:00,3169.22,3169.3,3168.97,3168.99,137,27.4
2026-03-25 03:07:00,3168.99,3169.0,3168.97,3168.99,53,27.3
2026-03-25 03:08:00,3168.99,3169.29,3168.29,3168.73,36,27.0
2026-03-25 03:09:00,3168.73,3168.77,3168.57,3168.7,129,25.7
2026-03-25 03:10:00,3168.7,3168.75,3168.47,3168.53,67,21.3
2026-03-25 03:11:00,3168.53,3168.57,3168.5,3168.56,104,24.5
2026-03-25 03:12:00,3168.56,3168.7,3168.54,3168.66,94,25.9
2026-03-25 03:13:00,3168.66,3168.71,3168.29,3168.43,46,28.2
2026-03-25 03:14:00,3168.43,3168.46,3168.29,3168.44,133,20.1
2026-03-25 03:15:00,3168.44,3168.49,3168.35,3168.38,129,20.5
2026-03-25 03:16:00,3168.38,3168.41,3168.36,3168.36,53,20.3
2026-03-25 03:17:00,3168.36,3168.43,3168.35,3168.39,33,21.6
2026-03-25 03:18:00,3168.39,3168.63,3168.14,3168.28,149,28.1
2026-03-25 03:19:00,3168.28,3168.34,3168.07,3168.14,29,26.2
2026-03-25 03:20:00,3168.14,3168.27,3167.44,3167.61,113,24.0
2026-03-25 03:21:00,3167.61,3167.69,3167.45,3167.54,142,26.2
2026-03-25 03:22:00,3167.54,3167.57,3167.32,3167.35,120,24.3
2026-03-25 03:23:00,3167.35,3167.45,3167.13,3167.28,45,30.0
2026-03-25 03:24:00,3167.28,3167.4,3167.19,3167.27,141,20.6
2026-03-25 03:25:00,3167.27,3167.3,3167.21,3167.23,34,26.0
2026-03-25 03:26:00,3167.23,3167.24,3167.11,3167.19,74,23.1
2026-03-25 03:27:00,3167.19,3167.21,3167.06,3167.1,126,27.7
2026-03-25 03:28:00,3167.1,3167.11,3167.07,3167.09,86,21.3
2026-03-25 03:29:00,3167.09,3167.34,3167.04,3167.12,134,27.2
2026-03-25 03:30:00,3167.12,3167.16,3167.08,3167.15,114,29.2
2026-03-25 03:31:00,3167.15,3167.27,3167.11,3167.27,109,26.2
2026-03-25 03:32:00,3167.27,3167.46,3167.25,3167.38,49,25.3
2026-03-25 03:33:00,3167.38,3167.38,3167.22,3167.23,51,21.1
2026-03-25 03:34:00,3167.23,3167.26,3167.21,3167.24,132,21.4
2026-03-25 03:35:00,3167.24,3167.29,3166.8,3166.96,41,28.5
2026-03-25 03:36:00,3166.96,3167.03,3166.94,3166.98,94,27.4
2026-03-25 03:37:00,3166.98,3167.08,3166.8,3166.82,48,28.2
2026-03-25 03:38:00,3166.82,3166.87,3166.6,3166.66,80,29.7
2026-03-25 03:39:00,3166.66,3166.92,3166.05,3166.32,96,23.8
2026-03-25 03:40:00,3166.32,3166.59,3166.08,3166.14,84,21.0
2026-03-25 03:41:00,3166.14,3166.38,3166.01,3166.26,125,26.7
2026-03-25 03:42:00,3166.26,3166.28,3166.22,3166.23,124,25.3
2026-03-25 03:43:00,3166.23,3166.26,3166.14,3166.25,75,24.4
2026-03-25 03:44:00,3166.25,3166.32,3165.93,3166.17,135,26.6
2026-03-25 03:45:00,3166.17,3166.19,3166.15,3166.17,48,28.7
2026-03-25 03:46:00,3166.17,3166.17,3166.07,3166.11,109,20.1
2026-03-25 03:47:00,3166.11,3166.18,3166.09,3166.12,122,24.1
2026-03-25 03:48:00,3166.12,3166.24,3165.64,3165.67,45,21.8
2026-03-25 03:49:00,3165.67,3165.76,3165.53,3165.63,108,22.7
2026-03-25 03:50:00,3165.63,3165.83,3165.55,3165.82,25,21.7
2026-03-25 03:51:00,3165.82,3165.97,3165.55,3165.66,33,28.3
2026-03-25 03:52:00,3165.66,3165.97,3165.61,3165.9,31,22.9
2026-03-25 03:53:00,3165.9,3165.95,3165.89,3165.92,63,20.8
2026-03-25 03:54:00,3165.92,3166.18,3165.6,3166.07,113,20.9
2026-03-25 03:55:00,3166.07,3166.15,3166.03,3166.14,76,29.7
2026-03-25 03:56:00,3166.14,3166.2,3166.06,3166.11,80,26.9
2026-03-25 03:57:00,3166.11,3166.15,3165.92,3166.14,54,23.9
2026-03-25 03:58:00,3166.14,3166.39,3166.09,3166.32,43,22.0
2026-03-25 03:59:00,3166.32,3166.43,3166.32,3166.4,144,26.7
2026-03-25 04:00:00,3166.4,3166.98,3166.33,3166.69,145,22.6
2026-03-25 04:01:00,3166.69,3166.78,3166.48,3166.5,47,21.0
2026-03-25 04:02:00,3166.5,3166.83,3166.38,3166.76,139,26.6
2026-03-25 04:03:00,3166.76,3166.85,3166.73,3166.83,30,20.3
2026-03-25 04:04:00,3166.83,3166.93,3166.51,3166.75,37,28.8
2026-03-25 04:05:00,3166.75,3167.16,3166.72,3167.03,63,24.4
2026-03-25 04:06:00,3167.03,3167.04,3167.01,3167.03,59,20.4
2026-03-25 04:07:00,3167.03,3167.09,3166.84,3166.92,89,20.8
2026-03-25 04:08:00,3166.92,3166.99,3166.92,3166.92,70,25.7
2026-03-25 04:09:00,3166.92,3166.95,3166.68,3166.85,30,27.7
2026-03-25 04:10:00,3166.85,3166.95,3166.82,3166.93,33,24.7
2026-03-25 04:11:00,3166.93,3167.12,3166.82,3167.06,86,29.8
2026-03-25 04:12:00,3167.06,3167.08,3167.06,3167.06,124,22.7
2026-03-25 04:13:00,3167.06,3167.16,3167.05,3167.12,79,20.2
2026-03-25 04:14:00,3167.12,3167.19,3166.91,3166.93,53,24.9
2026-03-25 04:15:00,3166.93,3166.97,3166.76,3166.81,94,29.6
2026-03-25 04:16:00,3166.81,3166.95,3166.59,3166.8,139,28.4
2026-03-25 04:17:00,3166.8,3166.82,3166.68,3166.73,148,24.7
2026-03-25 04:18:00,3166.73,3166.79,3166.54,3166.6,129,23.7
2026-03-25 04:19:00,3166.6,3166.75,3166.58,3166.65,132,26.1
2026-03-25 04:20:00,3166.65,3166.66,3166.63,3166.66,132,27.8
2026-03-25 04:21:00,3166.66,3166.72,3166.63,3166.63,140,23.9
2026-03-25 04:22:00,3166.63,3166.85,3166.57,3166.74,56,27.1
2026-03-25 04:23:00,3166.74,3166.75,3166.56,3166.6,138,24.0
2026-03-25 04:24:00,3166.6,3166.65,3166.38,3166.42,138,25.5
2026-03-25 04:25:00,3166.42,3166.54,3166.16,3166.26,107,29.1
2026-03-25 04:26:00,3166.26,3166.3,3165.94,3166.06,130,23.3
2026-03-25 04:27:00,3166.06,3166.16,3166.02,3166.1,113,24.7
2026-03-25 04:28:00,3166.1,3166.51,3166.09,3166.25,133,28.5
2026-03-25 04:29:00,3166.25,3166.29,3166.21,3166.23,131,29.9
2026-03-25 04:30:00,3166.23,3166.31,3166.21,3166.26,114,24.6
2026-03-25 04:31:00,3166.26,3166.28,3166.05,3166.06,32,25.5
2026-03-25 04:32:00,3166.06,3166.28,3166.02,3166.2,548,24.0
2026-03-25 04:33:00,3166.2,3166.39,3166.09,3166.12,97,29.4
2026-03-25 04:34:00,3166.12,3166.17,3166.02,3166.07,66,29.3
2026-03-25 04:35:00,3166.07,3166.1,3166.06,3166.09,93,27.7
2026-03-25 04:36:00,3166.09,3166.11,3165.87,3165.98,45,28.3
2026-03-25 04:37:00,3165.98,3166.15,3165.77,3165.79,123,27.2
2026-03-25 04:38:00,3165.79,3165.89,3165.51,3165.66,39,23.3
2026-03-25 04:39:00,3165.66,3165.68,3165.53,3165.54,103,27.8
2026-03-25 04:40:00,3165.54,3165.56,3165.37,3165.44,92,25.4
2026-03-25 04:41:00,3165.44,3165.54,3165.31,3165.48,128,30.0
2026-03-25 04:42:00,3165.48,3166.1,3165.23,3165.81,84,21.5
2026-03-25 04:43:00,3165.81,3165.86,3165.4,3165.51,59,21.1
2026-03-25 04:44:00,3165.51,3165.62,3165.48,3165.56,121,26.8
2026-03-25 04:45:00,3165.56,3165.82,3165.49,3165.74,109,29.2
2026-03-25 04:46:00,3165.74,3165.92,3165.71,3165.87,82,28.5
2026-03-25 04:47:00,3165.87,3166.12,3165.86,3166.06,137,21.1
2026-03-25 04:48:00,3166.06,3166.13,3165.97,3166.12,135,20.3
2026-03-25 04:49:00,3166.12,3166.21,3166.11,3166.17,108,20.7
2026-03-25 04:50:00,3166.17,3166.28,3166.12,3166.24,28,23.0
2026-03-25 04:51:00,3166.24,3166.41,3166.17,3166.35,107,20.2
2026-03-25 04:52:00,3166.35,3166.52,3166.35,3166.49,144,26.3
2026-03-25 04:53:00,3166.49,3166.54,3166.04,3166.23,75,21.1
2026-03-25 04:54:00,3166.23,3166.35,3166.0,3166.04,40,25.6
2026-03-25 04:55:00,3166.04,3166.3,3165.95,3166.21,60,26.4
2026-03-25 04:56:00,3166.21,3166.36,3165.69,3165.75,57,23.3
2026-03-25 04:57:00,3165.75,3165.83,3165.73,3165.83,62,25.2
2026-03-25 04:58:00,3165.83,3165.84,3165.59,3165.67,52,29.3
2026-03-25 04:59:00,3165.67,3166.23,3165.56,3165.96,48,20.2
2026-03-25 05:00:00,3165.96,3166.27,3165.84,3166.14,32,22.7
2026-03-25 05:01:00,3166.14,3166.22,3166.0,3166.14,42,23.8
2026-03-25 05:02:00,3166.14,3166.16,3166.12,3166.13,122,28.9
2026-03-25 05:03:00,3166.13,3166.35,3166.03,3166.3,444,25.0
2026-03-25 05:04:00,3166.3,3166.46,3166.1,3166.38,90,28.7
2026-03-25 05:05:00,3166.38,3166.77,3166.11,3166.52,145,21.2
2026-03-25 05:06:00,3166.52,3167.31,3166.13,3166.38,29,24.1
2026-03-25 05:07:00,3166.38,3166.42,3166.2,3166.21,72,28.1
2026-03-25 05:08:00,3166.21,3166.32,3165.95,3166.08,140,25.7
2026-03-25 05:09:00,3166.08,3166.2,3165.98,3166.18,97,27.5
2026-03-25 05:10:00,3166.18,3166.18,3166.1,3166.15,144,20.1
2026-03-25 05:11:00,3166.15,3166.29,3166.04,3166.2,101,24.1
2026-03-25 05:12:00,3166.2,3166.71,3165.87,3166.43,95,21.5
2026-03-25 05:13:00,3166.43,3166.66,3166.11,3166.37,88,23.2
2026-03-25 05:14:00,3166.37,3166.59,3166.28,3166.42,56,21.9
2026-03-25 05:15:00,3166.42,3166.48,3166.2,3166.23,66,21.7
2026-03-25 05:16:00,3166.23,3166.33,3166.23,3166.29,41,25.3
2026-03-25 05:17:00,3166.29,3166.58,3166.24,3166.5,144,20.3
2026-03-25 05:18:00,3166.5,3166.72,3166.35,3166.53,64,28.4
2026-03-25 05:19:00,3166.53,3166.99,3166.48,3166.81,280,26.6
2026-03-25 05:20:00,3166.81,3166.83,3166.58,3166.68,94,28.1
2026-03-25 05:21:00,3166.68,3166.71,3166.64,3166.66,120,20.3
2026-03-25 05:22:00,3166.66,3166.68,3166.66,3166.66,149,29.4
2026-03-25 05:23:00,3166.66,3166.67,3166.41,3166.66,79,21.5
2026-03-25 05:24:00,3166.66,3166.8,3166.64,3166.75,104,29.4
2026-03-25 05:25:00,3166.75,3166.98,3166.16,3166.48,29,29.2
2026-03-25 05:26:00,3166.48,3166.49,3166.42,3166.42,85,28.6
2026-03-25 05:27:00,3166.42,3166.69,3166.35,3166.67,98,22.5
2026-03-25 05:28:00,3166.67,3166.86,3166.55,3166.71,148,24.8
2026-03-25 05:29:00,3166.71,3167.18,3166.67,3166.93,45,28.5
2026-03-25 05:30:00,3166.93,3167.14,3166.84,3167.04,133,29.6
2026-03-25 05:31:00,3167.04,3167.05,3166.79,3166.97,69,20.1
2026-03-25 05:32:00,3166.97,3167.28,3166.94,3167.08,30,24.2
2026-03-25 05:33:00,3167.08,3167.09,3166.95,3166.98,86,23.3
2026-03-25 05:34:00,3166.98,3167.02,3166.83,3166.89,134,24.6
2026-03-25 05:35:00,3166.89,3166.89,3166.8,3166.81,81,22.8
2026-03-25 05:36:00,3166.81,3167.26,3166.73,3166.98,33,25.3
2026-03-25 05:37:00,3166.98,3167.08,3166.95,3167.02,125,28.8
2026-03-25 05:38:00,3167.02,3167.19,3166.66,3166.97,70,20.3
2026-03-25 05:39:00,3166.97,3167.23,3166.93,3167.17,74,27.0
2026-03-25 05:40:00,3167.17,3167.26,3167.06,3167.25,450,22.6
2026-03-25 05:41:00,3167.25,3167.7,3167.2,3167.57,59,25.4
2026-03-25 05:42:00,3167.57,3167.85,3167.44,3167.79,142,26.2
2026-03-25 05:43:00,3167.79,3167.96,3167.73,3167.9,635,26.5
2026-03-25 05:44:00,3167.9,3168.05,3167.83,3168.0,122,23.2
2026-03-25 05:45:00,3168.0,3168.11,3167.97,3168.08,100,29.2
2026-03-25 05:46:00,3168.08,3168.27,3168.08,3168.1,90,27.7
2026-03-25 05:47:00,3168.1,3168.17,3167.93,3168.0,109,28.2
2026-03-25 05:48:00,3168.0,3168.04,3167.98,3168.02,68,25.4
2026-03-25 05:49:00,3168.02,3168.24,3167.93,3168.1,68,29.0
2026-03-25 05:50:00,3168.1,3168.38,3168.01,3168.36,63,21.3
2026-03-25 05:51:00,3168.36,3169.04,3168.23,3168.73,89,20.2
2026-03-25 05:52:00,3168.73,3168.83,3168.59,3168.66,30,26.1
2026-03-25 05:53:00,3168.66,3168.74,3168.5,3168.6,138,27.2
2026-03-25 05:54:00,3168.6,3168.6,3168.57,3168.58,43,28.7
2026-03-25 05:55:00,3168.58,3168.97,3168.53,3168.84,127,23.8
2026-03-25 05:56:00,3168.84,3168.95,3168.83,3168.92,62,21.9
2026-03-25 05:57:00,3168.92,3168.92,3168.82,3168.85,666,28.0
2026-03-25 05:58:00,3168.85,3168.87,3168.69,3168.74,114,29.5
2026-03-25 05:59:00,3168.74,3168.99,3168.08,3168.4,35,20.6
2026-03-25 06:00:00,3168.4,3168.41,3168.24,3168.31,68,20.6
2026-03-25 06:01:00,3168.31,3168.57,3168.0,3168.04,77,25.8
2026-03-25 06:02:00,3168.04,3168.24,3168.04,3168.14,54,23.3
2026-03-25 06:03:00,3168.14,3168.15,3167.86,3167.93,96,21.4
2026-03-25 06:04:00,3167.93,3168.27,3167.91,3168.06,143,20.1
2026-03-25 06:05:00,3168.06,3168.18,3168.06,3168.18,118,23.9
2026-03-25 06:06:00,3168.18,3168.25,3168.08,3168.19,104,26.4
2026-03-25 06:07:00,3168.19,3168.45,3168.18,3168.28,119,21.2
2026-03-25 06:08:00,3168.28,3168.29,3168.06,3168.1,45,20.3
2026-03-25 06:09:00,3168.1,3168.17,3167.89,3167.93,39,27.7
2026-03-25 06:10:00,3167.93,3167.96,3167.68,3167.94,93,28.2
2026-03-25 06:11:00,3167.94,3168.19,3167.87,3168.04,66,21.3
2026-03-25 06:12:00,3168.04,3168.17,3167.98,3167.98,61,22.7
2026-03-25 06:13:00,3167.98,3168.02,3167.92,3167.93,27,29.6
2026-03-25 06:14:00,3167.93,3168.08,3167.86,3168.02,92,21.2
2026-03-25 06:15:00,3168.02,3168.18,3167.94,3168.13,101,28.9
2026-03-25 06:16:00,3168.13,3168.19,3167.89,3167.89,114,23.7
2026-03-25 06:17:00,3167.89,3168.27,3167.83,3168.02,79,20.1
2026-03-25 06:18:00,3168.02,3168.07,3167.87,3167.96,140,20.1
2026-03-25 06:19:00,3167.96,3168.03,3167.96,3168.02,72,20.2
2026-03-25 06:20:00,3168.02,3168.26,3167.96,3168.24,146,26.8
2026-03-25 06:21:00,3168.24,3168.39,3168.24,3168.34,41,25.0
2026-03-25 06:22:00,3168.34,3168.43,3168.33,3168.4,97,23.0
2026-03-25 06:23:00,3168.4,3168.62,3168.31,3168.61,113,27.1
2026-03-25 06:24:00,3168.61,3168.65,3168.46,3168.53,98,29.2
2026-03-25 06:25:00,3168.53,3168.59,3168.21,3168.39,144,20.8
2026-03-25 06:26:00,3168.39,3168.45,3168.14,3168.21,40,27.2
2026-03-25 06:27:00,3168.21,3168.26,3168.05,3168.09,95,21.9
2026-03-25 06:28:00,3168.09,3168.37,3167.98,3168.25,120,23.7
2026-03-25 06:29:00,3168.25,3168.28,3168.2,3168.24,37,28.5
2026-03-25 06:30:00,3168.24,3168.3,3168.11,3168.15,49,21.6
2026-03-25 06:31:00,3168.15,3168.19,3168.04,3168.06,135,21.4
2026-03-25 06:32:00,3168.06,3168.11,3167.78,3167.8,55,22.6
2026-03-25 06:33:00,3167.8,3168.19,3167.71,3168.07,48,28.2
2026-03-25 06:34:00,3168.07,3168.27,3167.6,3167.91,53,24.4
2026-03-25 06:35:00,3167.91,3167.92,3167.82,3167.85,57,28.7
2026-03-25 06:36:00,3167.85,3167.87,3167.7,3167.78,47,20.0
2026-03-25 06:37:00,3167.78,3167.86,3167.7,3167.78,138,22.9
2026-03-25 06:38:00,3167.78,3167.99,3167.7,3167.88,67,28.0
2026-03-25 06:39:00,3167.88,3168.13,3167.75,3167.95,113,26.9
2026-03-25 06:40:00,3167.95,3168.06,3167.95,3168.03,116,20.7
2026-03-25 06:41:00,3168.03,3168.14,3168.01,3168.1,105,27.9
2026-03-25 06:42:00,3168.1,3168.11,3168.04,3168.06,51,21.5
2026-03-25 06:43:00,3168.06,3168.07,3167.97,3168.0,118,24.1
2026-03-25 06:44:00,3168.0,3168.03,3167.67,3167.74,55,29.3
2026-03-25 06:45:00,3167.74,3167.77,3167.55,3167.64,35,20.3
2026-03-25 06:46:00,3167.64,3167.71,3167.45,3167.55,41,20.4
2026-03-25 06:47:00,3167.55,3167.64,3167.3,3167.38,79,22.7
2026-03-25 06:48:00,3167.38,3167.38,3166.86,3167.08,131,21.4
2026-03-25 06:49:00,3167.08,3167.21,3166.97,3167.06,133,28.4
2026-03-25 06:50:00,3167.06,3167.48,3166.8,3167.18,118,29.4
2026-03-25 06:51:00,3167.18,3167.21,3167.04,3167.13,52,25.7
2026-03-25 06:52:00,3167.13,3167.4,3167.05,3167.3,94,27.0
2026-03-25 06:53:00,3167.3,3167.39,3167.15,3167.22,100,28.4
2026-03-25 06:54:00,3167.22,3167.22,3167.08,3167.16,114,28.9
2026-03-25 06:55:00,3167.16,3167.27,3167.15,3167.24,53,22.1
2026-03-25 06:56:00,3167.24,3167.26,3166.95,3166.98,95,22.6
2026-03-25 06:57:00,3166.98,3167.16,3166.65,3166.74,61,29.3
2026-03-25 06:58:00,3166.74,3166.74,3166.66,3166.66,112,23.4
2026-03-25 06:59:00,3166.66,3166.96,3166.6,3166.94,92,27.4
2026-03-25 07:00:00,3166.94,3166.96,3166.77,3166.89,106,23.0
2026-03-25 07:01:00,3166.89,3167.0,3166.54,3166.68,92,24.0
2026-03-25 07:02:00,3166.68,3166.72,3166.67,3166.7,86,29.7
2026-03-25 07:03:00,3166.7,3166.8,3166.64,3166.79,118,26.6
2026-03-25 07:04:00,3166.79,3166.83,3166.69,3166.74,120,27.2
2026-03-25 07:05:00,3166.74,3167.26,3166.69,3167.1,79,26.0
2026-03-25 07:06:00,3167.1,3167.2,3166.97,3167.0,111,26.2
2026-03-25 07:07:00,3167.0,3167.18,3166.91,3167.15,31,29.7
2026-03-25 07:08:00,3167.15,3167.29,3166.73,3166.89,246,20.6
2026-03-25 07:09:00,3166.89,3167.16,3166.84,3167.06,88,23.2
2026-03-25 07:10:00,3167.06,3167.09,3166.78,3166.89,138,25.2
2026-03-25 07:11:00,3166.89,3166.97,3166.88,3166.97,92,21.0
2026-03-25 07:12:00,3166.97,3167.13,3166.68,3166.92,62,25.2
2026-03-25 07:13:00,3166.92,3166.93,3166.66,3166.77,135,23.6
2026-03-25 07:14:00,3166.77,3166.88,3166.68,3166.81,25,20.7
2026-03-25 07:15:00,3166.81,3167.21,3166.8,3166.83,124,28.5
2026-03-25 07:16:00,3166.83,3166.99,3166.83,3166.98,27,23.2
2026-03-25 07:17:00,3166.98,3167.24,3166.76,3167.15,90,24.1
2026-03-25 07:18:00,3167.15,3167.19,3167.14,3167.18,94,20.6
2026-03-25 07:19:00,3167.18,3167.63,3167.12,3167.35,110,25.3
2026-03-25 07:20:00,3167.35,3167.37,3167.31,3167.36,101,25.8
2026-03-25 07:21:00,3167.36,3167.52,3167.33,3167.42,44,28.4
2026-03-25 07:22:00,3167.42,3167.48,3167.13,3167.21,63,21.1
2026-03-25 07:23:00,3167.21,3167.31,3167.19,3167.25,90,20.4
2026-03-25 07:24:00,3167.25,3167.55,3167.15,3167.46,98,20.1
2026-03-25 07:25:00,3167.46,3167.47,3167.1,3167.29,640,20.2
2026-03-25 07:26:00,3167.29,3167.58,3167.21,3167.5,30,26.2
2026-03-25 07:27:00,3167.5,3167.56,3167.04,3167.36,103,29.7
2026-03-25 07:28:00,3167.36,3167.5,3167.35,3167.47,37,20.2
2026-03-25 07:29:00,3167.47,3167.51,3167.27,3167.32,146,24.4
2026-03-25 07:30:00,3167.32,3167.37,3167.3,3167.32,141,23.1
2026-03-25 07:31:00,3167.32,3167.38,3167.22,3167.35,125,27.2
2026-03-25 07:32:00,3167.35,3167.68,3167.3,3167.49,98,28.7
2026-03-25 07:33:00,3167.49,3167.49,3167.25,3167.47,117,22.4
2026-03-25 07:34:00,3167.47,3167.5,3167.24,3167.35,86,27.2
2026-03-25 07:35:00,3167.35,3167.66,3167.3,3167.66,132,25.2
2026-03-25 07:36:00,3167.66,3168.04,3167.6,3167.88,128,26.6
2026-03-25 07:37:00,3167.88,3167.9,3167.85,3167.87,73,28.9
2026-03-25 07:38:00,3167.87,3167.93,3167.56,3167.67,132,28.2
2026-03-25 07:39:00,3167.67,3167.73,3167.6,3167.68,82,24.2
2026-03-25 07:40:00,3167.68,3167.72,3167.68,3167.72,85,29.5
2026-03-25 07:41:00,3167.72,3168.0,3167.55,3167.88,136,25.7
2026-03-25 07:42:00,3167.88,3167.89,3167.68,3167.83,60,25.4
2026-03-25 07:43:00,3167.83,3167.91,3167.46,3167.52,65,29.8
2026-03-25 07:44:00,3167.52,3167.58,3167.2,3167.29,94,25.9
2026-03-25 07:45:00,3167.29,3167.34,3167.07,3167.08,88,20.4
2026-03-25 07:46:00,3167.08,3167.12,3166.95,3167.0,116,25.6
2026-03-25 07:47:00,3167.0,3167.03,3166.91,3166.94,92,21.7
2026-03-25 07:48:00,3166.94,3166.97,3166.73,3166.74,55,21.6
2026-03-25 07:49:00,3166.74,3166.93,3166.62,3166.78,67,26.8
2026-03-25 07:50:00,3166.78,3167.02,3166.55,3166.99,107,25.5
2026-03-25 07:51:00,3166.99,3167.11,3166.67,3166.71,128,25.2
2026-03-25 07:52:00,3166.71,3166.75,3166.71,3166.75,133,28.3
2026-03-25 07:53:00,3166.75,3166.77,3166.74,3166.76,96,20.4
2026-03-25 07:54:00,3166.76,3166.84,3166.53,3166.76,90,25.5
2026-03-25 07:55:00,3166.76,3166.77,3166.41,3166.54,30,28.5
2026-03-25 07:56:00,3166.54,3166.61,3166.14,3166.26,118,23.3
2026-03-25 07:57:00,3166.26,3166.33,3166.15,3166.2,119,30.0
2026-03-25 07:58:00,3166.2,3166.45,3166.16,3166.22,66,21.7
2026-03-25 07:59:00,3166.22,3166.34,3165.94,3166.0,107,26.3
2026-03-25 08:00:00,3166.0,3166.34,3165.31,3165.43,120,18.3
2026-03-25 08:01:00,3165.43,3165.65,3165.22,3165.59,129,17.0
2026-03-25 08:02:00,3165.59,3166.04,3164.92,3165.56,242,21.2
2026-03-25 08:03:00,3165.56,3165.6,3165.18,3165.3,79,16.6
2026-03-25 08:04:00,3165.3,3165.67,3164.59,3164.97,240,20.3
2026-03-25 08:05:00,3164.97,3165.11,3164.82,3165.1,109,19.5
2026-03-25 08:06:00,3165.1,3165.22,3164.51,3164.76,124,17.1
2026-03-25 08:07:00,3164.76,3165.41,3163.72,3164.43,158,21.8
2026-03-25 08:08:00,3164.43,3164.43,3164.12,3164.21,290,18.0
2026-03-25 08:09:00,3164.21,3164.43,3164.05,3164.17,291,17.2
2026-03-25 08:10:00,3164.17,3164.91,3163.72,3164.4,87,18.2
2026-03-25 08:11:00,3164.4,3164.53,3163.5,3163.53,194,16.6
2026-03-25 08:12:00,3163.53,3163.63,3163.32,3163.38,91,17.3
2026-03-25 08:13:00,3163.38,3163.71,3163.28,3163.33,138,16.6
2026-03-25 08:14:00,3163.33,3163.37,3163.3,3163.33,292,16.8
2026-03-25 08:15:00,3163.33,3163.38,3163.1,3163.15,81,16.5
2026-03-25 08:16:00,3163.15,3163.38,3163.13,3163.32,210,19.4
2026-03-25 08:17:00,3163.32,3163.82,3163.24,3163.68,292,20.2
2026-03-25 08:18:00,3163.68,3163.7,3163.33,3163.49,68,16.2
2026-03-25 08:19:00,3163.49,3163.75,3163.39,3163.6,172,21.6
2026-03-25 08:20:00,3163.6,3163.67,3163.28,3163.51,227,21.2
2026-03-25 08:21:00,3163.51,3164.97,3163.44,3164.49,153,18.1
2026-03-25 08:22:00,3164.49,3164.68,3164.39,3164.65,257,19.5
2026-03-25 08:23:00,3164.65,3164.92,3163.72,3164.13,148,21.7
2026-03-25 08:24:00,3164.13,3164.19,3163.35,3163.53,167,16.3
2026-03-25 08:25:00,3163.53,3163.84,3162.76,3163.84,241,20.2
2026-03-25 08:26:00,3163.84,3163.89,3163.81,3163.82,253,16.7
2026-03-25 08:27:00,3163.82,3163.92,3163.45,3163.46,280,15.9
2026-03-25 08:28:00,3163.46,3164.03,3161.48,3162.7,174,20.1
2026-03-25 08:29:00,3162.7,3163.36,3162.47,3163.2,120,20.2
2026-03-25 08:30:00,3163.2,3163.68,3163.16,3163.53,248,15.8
2026-03-25 08:31:00,3163.53,3163.65,3163.4,3163.43,257,15.4
2026-03-25 08:32:00,3163.43,3163.8,3163.23,3163.71,147,15.4
2026-03-25 08:33:00,3163.71,3164.04,3163.38,3163.77,135,19.0
2026-03-25 08:34:00,3163.77,3163.92,3163.3,3163.49,267,20.3
2026-03-25 08:35:00,3163.49,3163.54,3163.39,3163.46,258,20.7
2026-03-25 08:36:00,3163.46,3163.62,3163.43,3163.54,236,15.0
2026-03-25 08:37:00,3163.54,3164.96,3163.4,3164.27,190,16.5
2026-03-25 08:38:00,3164.27,3164.41,3163.76,3163.96,126,16.0
2026-03-25 08:39:00,3163.96,3164.04,3163.88,3163.98,71,16.7
2026-03-25 08:40:00,3163.98,3164.28,3163.89,3164.21,79,18.4
2026-03-25 08:41:00,3164.21,3164.3,3163.83,3163.86,273,20.5
2026-03-25 08:42:00,3163.86,3164.03,3163.76,3163.95,216,17.0
2026-03-25 08:43:00,3163.95,3164.38,3163.92,3164.11,235,15.7
2026-03-25 08:44:00,3164.11,3164.62,3163.99,3164.54,133,18.4
2026-03-25 08:45:00,3164.54,3164.69,3164.41,3164.58,53,15.5
2026-03-25 08:46:00,3164.58,3164.96,3164.41,3164.92,153,18.8
2026-03-25 08:47:00,3164.92,3164.93,3164.7,3164.83,216,17.2
2026-03-25 08:48:00,3164.83,3165.24,3164.79,3165.09,286,16.0
2026-03-25 08:49:00,3165.09,3165.27,3165.08,3165.26,97,15.5
2026-03-25 08:50:00,3165.26,3165.42,3164.96,3165.19,226,16.3
2026-03-25 08:51:00,3165.19,3165.56,3164.84,3165.45,74,21.4
2026-03-25 08:52:00,3165.45,3165.56,3165.44,3165.48,69,16.1
2026-03-25 08:53:00,3165.48,3165.86,3164.31,3165.43,102,20.2
2026-03-25 08:54:00,3165.43,3165.46,3165.39,3165.4,58,18.6
2026-03-25 08:55:00,3165.4,3165.58,3165.29,3165.56,217,16.6
2026-03-25 08:56:00,3165.56,3165.79,3165.18,3165.53,79,21.7
2026-03-25 08:57:00,3165.53,3165.54,3165.44,3165.46,96,16.8
2026-03-25 08:58:00,3165.46,3165.68,3165.43,3165.65,203,21.7
2026-03-25 08:59:00,3165.65,3165.68,3165.38,3165.44,126,20.8
2026-03-25 09:00:00,3165.44,3165.75,3165.41,3165.57,199,17.1
2026-03-25 09:01:00,3165.57,3165.75,3165.36,3165.51,161,18.0
2026-03-25 09:02:00,3165.51,3166.36,3165.27,3166.0,120,19.5
2026-03-25 09:03:00,3166.0,3166.05,3165.77,3165.87,248,18.9
2026-03-25 09:04:00,3165.87,3167.21,3165.0,3165.73,258,19.8
2026-03-25 09:05:00,3165.73,3165.75,3165.54,3165.68,273,20.9
2026-03-25 09:06:00,3165.68,3166.57,3165.6,3166.18,171,15.4
2026-03-25 09:07:00,3166.18,3166.24,3165.94,3166.18,249,17.6
2026-03-25 09:08:00,3166.18,3167.05,3166.02,3166.76,109,16.9
2026-03-25 09:09:00,3166.76,3166.88,3166.47,3166.65,197,18.9
2026-03-25 09:10:00,3166.65,3166.7,3166.01,3166.23,231,17.4
2026-03-25 09:11:00,3166.23,3166.47,3166.22,3166.42,167,17.7
2026-03-25 09:12:00,3166.42,3166.44,3166.25,3166.37,288,19.9
2026-03-25 09:13:00,3166.37,3166.8,3166.26,3166.63,221,16.9
2026-03-25 09:14:00,3166.63,3166.66,3166.56,3166.57,194,17.9
2026-03-25 09:15:00,3166.57,3166.9,3166.18,3166.22,74,19.5
2026-03-25 09:16:00,3166.22,3166.28,3165.53,3165.92,250,16.6
2026-03-25 09:17:00,3165.92,3165.93,3165.87,3165.88,147,16.4
2026-03-25 09:18:00,3165.88,3166.29,3165.55,3165.93,120,19.8
2026-03-25 09:19:00,3165.93,3166.14,3165.5,3165.58,237,18.0
2026-03-25 09:20:00,3165.58,3165.66,3165.56,3165.65,250,16.5
2026-03-25 09:21:00,3165.65,3165.81,3165.59,3165.75,241,20.4
2026-03-25 09:22:00,3165.75,3165.85,3165.41,3165.46,242,20.8
2026-03-25 09:23:00,3165.46,3165.61,3165.41,3165.54,200,21.4
2026-03-25 09:24:00,3165.54,3165.82,3165.51,3165.71,266,17.1
2026-03-25 09:25:00,3165.71,3166.26,3165.59,3166.07,167,22.0
2026-03-25 09:26:00,3166.07,3166.41,3165.31,3166.37,190,17.9
2026-03-25 09:27:00,3166.37,3166.45,3166.01,3166.34,247,17.3
2026-03-25 09:28:00,3166.34,3166.42,3166.05,3166.32,237,15.8
2026-03-25 09:29:00,3166.32,3166.59,3166.26,3166.54,220,20.3
2026-03-25 09:30:00,3166.54,3167.19,3166.43,3166.68,253,18.4
2026-03-25 09:31:00,3166.68,3166.83,3165.95,3166.21,271,15.3
2026-03-25 09:32:00,3166.21,3166.27,3165.96,3166.03,73,19.2
2026-03-25 09:33:00,3166.03,3166.18,3165.75,3165.97,62,15.1
2026-03-25 09:34:00,3165.97,3167.28,3165.95,3166.43,185,19.6
2026-03-25 09:35:00,3166.43,3167.06,3166.42,3166.88,296,21.2
2026-03-25 09:36:00,3166.88,3166.92,3166.33,3166.36,266,19.3
2026-03-25 09:37:00,3166.36,3167.03,3166.32,3166.94,65,16.8
2026-03-25 09:38:00,3166.94,3167.11,3166.36,3166.55,221,16.4
2026-03-25 09:39:00,3166.55,3167.01,3166.5,3166.7,251,20.9
2026-03-25 09:40:00,3166.7,3167.09,3166.59,3166.67,274,21.0
2026-03-25 09:41:00,3166.67,3166.68,3166.39,3166.48,281,19.9
2026-03-25 09:42:00,3166.48,3166.54,3166.33,3166.38,217,21.1
2026-03-25 09:43:00,3166.38,3166.86,3166.31,3166.66,174,15.6
2026-03-25 09:44:00,3166.66,3167.16,3166.36,3166.96,267,15.5
2026-03-25 09:45:00,3166.96,3167.02,3166.67,3166.9,70,18.4
2026-03-25 09:46:00,3166.9,3167.47,3166.78,3167.24,147,19.5
2026-03-25 09:47:00,3167.24,3167.25,3167.17,3167.22,69,19.0
2026-03-25 09:48:00,3167.22,3167.54,3167.15,3167.47,219,15.6
2026-03-25 09:49:00,3167.47,3167.51,3167.24,3167.26,132,19.6
2026-03-25 09:50:00,3167.26,3167.93,3167.26,3167.49,212,19.6
2026-03-25 09:51:00,3167.49,3167.94,3167.33,3167.77,120,18.4
2026-03-25 09:52:00,3167.77,3167.89,3167.04,3167.15,195,21.4
2026-03-25 09:53:00,3167.15,3167.33,3167.11,3167.26,137,19.2
2026-03-25 09:54:00,3167.26,3167.41,3167.16,3167.28,249,17.4
2026-03-25 09:55:00,3167.28,3167.45,3167.23,3167.42,153,21.2
2026-03-25 09:56:00,3167.42,3167.43,3167.22,3167.3,52,19.6
2026-03-25 09:57:00,3167.3,3168.06,3166.94,3167.91,51,19.6
2026-03-25 09:58:00,3167.91,3168.75,3167.61,3168.3,116,17.6
2026-03-25 09:59:00,3168.3,3168.3,3167.38,3167.88,258,19.9
2026-03-25 10:00:00,3167.88,3168.2,3167.79,3168.16,244,18.8
2026-03-25 10:01:00,3168.16,3168.56,3168.15,3168.47,139,15.9
2026-03-25 10:02:00,3168.47,3168.86,3168.45,3168.83,94,19.6
2026-03-25 10:03:00,3168.83,3169.11,3168.35,3168.6,205,17.0
2026-03-25 10:04:00,3168.6,3168.62,3168.59,3168.62,191,17.1
2026-03-25 10:05:00,3168.62,3169.34,3168.21,3168.93,138,19.2
2026-03-25 10:06:00,3168.93,3169.53,3168.69,3169.22,249,20.8
2026-03-25 10:07:00,3169.22,3169.9,3169.22,3169.53,287,21.5
2026-03-25 10:08:00,3169.53,3170.36,3169.14,3170.0,192,15.8
2026-03-25 10:09:00,3170.0,3170.04,3169.8,3169.88,56,19.2
2026-03-25 10:10:00,3169.88,3170.16,3169.77,3170.02,112,15.7
2026-03-25 10:11:00,3170.02,3170.62,3169.99,3170.23,217,19.3
2026-03-25 10:12:00,3170.23,3170.28,3170.09,3170.21,210,18.3
2026-03-25 10:13:00,3170.21,3170.86,3170.2,3170.62,106,15.3
2026-03-25 10:14:00,3170.62,3171.44,3170.0,3170.89,222,18.5
2026-03-25 10:15:00,3170.89,3170.9,3170.82,3170.86,235,18.3
2026-03-25 10:16:00,3170.86,3171.61,3170.36,3170.88,153,18.1
2026-03-25 10:17:00,3170.88,3172.09,3170.27,3171.13,201,15.1
2026-03-25 10:18:00,3171.13,3171.19,3170.85,3170.87,279,19.9
2026-03-25 10:19:00,3170.87,3171.06,3170.58,3170.72,89,20.8
2026-03-25 10:20:00,3170.72,3170.77,3170.47,3170.62,149,20.6
2026-03-25 10:21:00,3170.62,3170.94,3170.61,3170.77,131,18.2
2026-03-25 10:22:00,3170.77,3171.79,3170.34,3171.36,126,17.9
2026-03-25 10:23:00,3171.36,3171.62,3171.33,3171.6,152,18.9
2026-03-25 10:24:00,3171.6,3172.01,3171.52,3171.85,167,16.1
2026-03-25 10:25:00,3171.85,3172.18,3171.69,3172.17,97,18.5
2026-03-25 10:26:00,3172.17,3172.19,3172.07,3172.13,246,16.0
2026-03-25 10:27:00,3172.13,3172.29,3171.85,3172.16,151,15.6
2026-03-25 10:28:00,3172.16,3172.22,3171.85,3172.0,199,17.3
2026-03-25 10:29:00,3172.0,3172.34,3171.97,3172.29,165,17.7
2026-03-25 10:30:00,3172.29,3172.38,3171.95,3172.06,136,22.0
2026-03-25 10:31:00,3172.06,3172.31,3171.99,3172.24,85,17.0
2026-03-25 10:32:00,3172.24,3172.73,3172.22,3172.53,161,16.6
2026-03-25 10:33:00,3172.53,3172.54,3172.42,3172.48,90,21.3
2026-03-25 10:34:00,3172.48,3172.48,3172.14,3172.19,287,20.8
2026-03-25 10:35:00,3172.19,3172.22,3172.1,3172.15,171,21.3
2026-03-25 10:36:00,3172.15,3172.56,3172.01,3172.34,242,20.8
2026-03-25 10:37:00,3172.34,3172.65,3172.16,3172.56,260,16.5
2026-03-25 10:38:00,3172.56,3172.57,3172.16,3172.24,77,16.3
2026-03-25 10:39:00,3172.24,3172.48,3172.13,3172.36,50,19.5
2026-03-25 10:40:00,3172.36,3173.12,3172.18,3172.78,146,15.2
2026-03-25 10:41:00,3172.78,3172.86,3172.33,3172.45,144,20.9
2026-03-25 10:42:00,3172.45,3172.86,3172.35,3172.8,257,19.2
2026-03-25 10:43:00,3172.8,3173.11,3172.64,3172.7,109,16.6
2026-03-25 10:44:00,3172.7,3173.46,3172.4,3173.22,246,17.7
2026-03-25 10:45:00,3173.22,3173.42,3172.66,3173.12,80,17.3
2026-03-25 10:46:00,3173.12,3173.83,3172.95,3173.61,76,21.6
2026-03-25 10:47:00,3173.61,3174.06,3173.59,3173.93,95,19.7
2026-03-25 10:48:00,3173.93,3173.96,3173.89,3173.9,197,19.5
2026-03-25 10:49:00,3173.9,3173.98,3173.81,3173.83,234,15.6
2026-03-25 10:50:00,3173.83,3173.92,3173.53,3173.6,210,16.1
2026-03-25 10:51:00,3173.6,3174.19,3173.5,3174.03,84,21.5
2026-03-25 10:52:00,3174.03,3174.13,3174.02,3174.11,272,19.8
2026-03-25 10:53:00,3174.11,3174.2,3173.6,3173.88,71,20.7
2026-03-25 10:54:00,3173.88,3173.92,3173.86,3173.87,290,20.9
2026-03-25 10:55:00,3173.87,3174.02,3173.2,3173.54,88,18.2
2026-03-25 10:56:00,3173.54,3174.16,3173.46,3174.12,203,19.9
2026-03-25 10:57:00,3174.12,3174.18,3173.69,3173.83,232,18.5
2026-03-25 10:58:00,3173.83,3174.42,3173.7,3174.13,137,18.4
2026-03-25 10:59:00,3174.13,3174.14,3174.01,3174.04,120,21.2
2026-03-25 11:00:00,3174.04,3174.3,3173.92,3174.23,150,15.2
2026-03-25 11:01:00,3174.23,3174.94,3173.75,3174.65,174,18.0
2026-03-25 11:02:00,3174.65,3174.82,3173.37,3174.21,113,17.0
2026-03-25 11:03:00,3174.21,3174.42,3173.65,3174.1,116,20.8
2026-03-25 11:04:00,3174.1,3174.14,3173.79,3173.88,255,18.6
2026-03-25 11:05:00,3173.88,3173.95,3173.88,3173.93,155,20.0
2026-03-25 11:06:00,3173.93,3173.98,3173.72,3173.89,269,21.8
2026-03-25 11:07:00,3173.89,3174.28,3173.84,3174.2,176,20.7
2026-03-25 11:08:00,3174.2,3174.64,3173.99,3174.32,199,21.6
2026-03-25 11:09:00,3174.32,3174.89,3174.28,3174.77,272,16.8
2026-03-25 11:10:00,3174.77,3174.79,3174.33,3174.36,278,17.6
2026-03-25 11:11:00,3174.36,3175.21,3174.36,3174.82,283,18.9
2026-03-25 11:12:00,3174.82,3175.12,3174.22,3174.28,79,18.4
2026-03-25 11:13:00,3174.28,3174.35,3174.04,3174.11,73,17.0
2026-03-25 11:14:00,3174.11,3174.58,3173.23,3173.85,248,18.9
2026-03-25 11:15:00,3173.85,3173.86,3173.83,3173.85,131,18.1
2026-03-25 11:16:00,3173.85,3174.0,3173.57,3173.69,151,21.5
2026-03-25 11:17:00,3173.69,3174.03,3173.19,3173.43,51,19.4
2026-03-25 11:18:00,3173.43,3173.95,3172.91,3172.93,292,21.9
2026-03-25 11:19:00,3172.93,3172.98,3172.79,3172.88,114,21.2
2026-03-25 11:20:00,3172.88,3173.03,3172.49,3172.54,267,21.1
2026-03-25 11:21:00,3172.54,3173.34,3172.43,3173.08,153,19.0
2026-03-25 11:22:00,3173.08,3173.18,3173.08,3173.17,135,20.2
2026-03-25 11:23:00,3173.17,3174.24,3173.15,3173.73,144,16.8
2026-03-25 11:24:00,3173.73,3173.75,3173.0,3173.43,87,17.0
2026-03-25 11:25:00,3173.43,3174.26,3172.82,3173.89,298,17.6
2026-03-25 11:26:00,3173.89,3173.94,3173.33,3173.42,171,15.0
2026-03-25 11:27:00,3173.42,3173.56,3173.28,3173.3,293,21.3
2026-03-25 11:28:00,3173.3,3173.59,3172.67,3172.69,115,18.6
2026-03-25 11:29:00,3172.69,3172.99,3172.61,3172.91,69,15.4
2026-03-25 11:30:00,3172.91,3173.08,3172.9,3173.01,181,20.8
2026-03-25 11:31:00,3173.01,3173.01,3172.68,3172.76,76,18.3
2026-03-25 11:32:00,3172.76,3172.89,3172.74,3172.84,265,18.6
2026-03-25 11:33:00,3172.84,3173.7,3172.64,3173.61,283,18.8
2026-03-25 11:34:00,3173.61,3174.04,3173.44,3173.79,102,17.8
2026-03-25 11:35:00,3173.79,3174.43,3173.26,3174.05,300,15.7
2026-03-25 11:36:00,3174.05,3174.49,3173.95,3174.22,141,15.6
2026-03-25 11:37:00,3174.22,3174.39,3174.22,3174.3,132,20.0
2026-03-25 11:38:00,3174.3,3174.76,3174.12,3174.5,141,17.3
2026-03-25 11:39:00,3174.5,3174.68,3174.26,3174.36,293,15.5
2026-03-25 11:40:00,3174.36,3174.92,3174.21,3174.6,122,16.7
2026-03-25 11:41:00,3174.6,3175.09,3174.37,3174.82,67,17.8
2026-03-25 11:42:00,3174.82,3175.19,3174.74,3175.1,204,18.8
2026-03-25 11:43:00,3175.1,3175.32,3175.09,3175.26,280,15.0
2026-03-25 11:44:00,3175.26,3175.41,3174.87,3175.13,215,16.3
2026-03-25 11:45:00,3175.13,3175.2,3174.73,3174.79,182,17.2
2026-03-25 11:46:00,3174.79,3174.83,3174.24,3174.39,169,17.1
2026-03-25 11:47:00,3174.39,3175.2,3173.83,3175.07,52,21.6
2026-03-25 11:48:00,3175.07,3175.2,3175.01,3175.12,293,20.4
2026-03-25 11:49:00,3175.12,3175.18,3174.2,3174.66,124,18.3
2026-03-25 11:50:00,3174.66,3175.11,3174.34,3174.81,700,15.9
2026-03-25 11:51:00,3174.81,3174.85,3174.66,3174.71,121,15.4
2026-03-25 11:52:00,3174.71,3174.8,3174.64,3174.77,63,17.1
2026-03-25 11:53:00,3174.77,3175.19,3174.6,3175.05,263,19.6
2026-03-25 11:54:00,3175.05,3175.08,3174.51,3174.69,211,20.0
2026-03-25 11:55:00,3174.69,3174.83,3174.41,3174.63,125,17.6
2026-03-25 11:56:00,3174.63,3174.81,3174.22,3174.33,123,19.3
2026-03-25 11:57:00,3174.33,3174.41,3174.09,3174.13,85,15.1
2026-03-25 11:58:00,3174.13,3174.2,3173.75,3173.96,101,17.7
2026-03-25 11:59:00,3173.96,3174.31,3173.72,3174.18,53,16.3
2026-03-25 12:00:00,3174.18,3174.3,3173.76,3173.86,245,17.5
2026-03-25 12:01:00,3173.86,3174.04,3173.22,3173.78,74,18.4
2026-03-25 12:02:00,3173.78,3173.85,3173.65,3173.65,179,17.8
2026-03-25 12:03:00,3173.65,3173.98,3172.73,3173.2,203,17.8
2026-03-25 12:04:00,3173.2,3173.31,3172.82,3173.01,178,18.9
2026-03-25 12:05:00,3173.01,3173.41,3172.96,3173.32,73,17.5
2026-03-25 12:06:00,3173.32,3173.94,3171.99,3173.06,212,17.7
2026-03-25 12:07:00,3173.06,3173.34,3172.98,3173.32,293,17.0
2026-03-25 12:08:00,3173.32,3173.48,3172.76,3172.83,182,16.0
2026-03-25 12:09:00,3172.83,3172.88,3172.24,3172.52,221,17.7
2026-03-25 12:10:00,3172.52,3173.51,3172.14,3173.03,218,15.0
2026-03-25 12:11:00,3173.03,3173.13,3172.94,3172.95,72,18.8
2026-03-25 12:12:00,3172.95,3172.98,3172.81,3172.83,274,18.9
2026-03-25 12:13:00,3172.83,3173.08,3172.59,3172.85,131,21.7
2026-03-25 12:14:00,3172.85,3173.22,3172.45,3172.94,263,20.9
2026-03-25 12:15:00,3172.94,3173.26,3172.77,3173.01,202,20.7
2026-03-25 12:16:00,3173.01,3173.08,3173.01,3173.06,290,15.5
2026-03-25 12:17:00,3173.06,3173.59,3172.96,3173.23,293,20.8
2026-03-25 12:18:00,3173.23,3173.52,3173.06,3173.18,224,17.3
2026-03-25 12:19:00,3173.18,3173.46,3173.13,3173.39,112,20.2
2026-03-25 12:20:00,3173.39,3173.61,3173.29,3173.45,257,17.8
2026-03-25 12:21:00,3173.45,3173.51,3173.22,3173.3,196,21.9
2026-03-25 12:22:00,3173.3,3173.39,3172.78,3173.0,50,18.2
2026-03-25 12:23:00,3173.0,3173.23,3172.52,3173.17,224,21.4
2026-03-25 12:24:00,3173.17,3174.29,3172.64,3174.09,160,16.5
2026-03-25 12:25:00,3174.09,3174.18,3172.99,3173.75,81,16.4
2026-03-25 12:26:00,3173.75,3173.9,3173.59,3173.85,237,16.0
2026-03-25 12:27:00,3173.85,3174.01,3173.5,3173.84,75,19.5
2026-03-25 12:28:00,3173.84,3173.91,3173.34,3173.69,257,18.4
2026-03-25 12:29:00,3173.69,3174.19,3173.68,3173.71,236,17.9
2026-03-25 12:30:00,3173.71,3174.18,3173.3,3174.08,94,21.2
2026-03-25 12:31:00,3174.08,3174.33,3173.4,3173.77,226,16.3
2026-03-25 12:32:00,3173.77,3173.92,3173.73,3173.89,93,19.5
2026-03-25 12:33:00,3173.89,3174.1,3173.17,3173.38,198,21.4
2026-03-25 12:34:00,3173.38,3173.41,3172.86,3172.99,209,20.7
2026-03-25 12:35:00,3172.99,3173.23,3172.21,3172.23,264,18.3
2026-03-25 12:36:00,3172.23,3173.13,3171.97,3172.55,286,18.9
2026-03-25 12:37:00,3172.55,3172.88,3172.42,3172.68,134,20.0
2026-03-25 12:38:00,3172.68,3172.88,3172.57,3172.61,295,19.1
2026-03-25 12:39:00,3172.61,3172.74,3171.91,3172.17,265,17.5
2026-03-25 12:40:00,3172.17,3172.6,3172.13,3172.48,427,18.7
2026-03-25 12:41:00,3172.48,3172.55,3172.37,3172.42,277,16.3
2026-03-25 12:42:00,3172.42,3173.9,3171.62,3172.87,248,19.5
2026-03-25 12:43:00,3172.87,3173.32,3172.86,3173.2,179,16.4
2026-03-25 12:44:00,3173.2,3173.59,3173.01,3173.53,55,19.4
2026-03-25 12:45:00,3173.53,3173.71,3172.86,3172.97,103,19.5
2026-03-25 12:46:00,3172.97,3173.83,3172.96,3173.78,250,19.4
2026-03-25 12:47:00,3173.78,3173.95,3173.73,3173.93,231,19.5
2026-03-25 12:48:00,3173.93,3174.16,3173.84,3173.94,291,16.8
2026-03-25 12:49:00,3173.94,3174.65,3173.78,3174.39,256,19.4
2026-03-25 12:50:00,3174.39,3174.47,3174.26,3174.36,280,16.9
2026-03-25 12:51:00,3174.36,3174.49,3174.11,3174.25,142,20.4
2026-03-25 12:52:00,3174.25,3174.28,3174.14,3174.25,121,16.8
2026-03-25 12:53:00,3174.25,3174.42,3173.3,3173.88,100,18.0
2026-03-25 12:54:00,3173.88,3174.03,3173.61,3173.76,269,21.1
2026-03-25 12:55:00,3173.76,3173.79,3173.41,3173.52,176,21.6
2026-03-25 12:56:00,3173.52,3174.14,3173.4,3173.81,57,21.9
2026-03-25 12:57:00,3173.81,3173.86,3173.34,3173.44,112,20.7
2026-03-25 12:58:00,3173.44,3173.63,3173.36,3173.49,218,21.2
2026-03-25 12:59:00,3173.49,3173.61,3173.44,3173.51,187,16.8
2026-03-25 13:00:00,3173.51,3175.05,3172.87,3174.72,213,15.2
2026-03-25 13:01:00,3174.72,3175.12,3174.72,3174.87,250,15.2
2026-03-25 13:02:00,3174.87,3176.41,3174.57,3175.18,91,16.2
2026-03-25 13:03:00,3175.18,3175.85,3175.12,3175.62,318,18.1
2026-03-25 13:04:00,3175.62,3175.9,3175.2,3175.34,429,17.4
2026-03-25 13:05:00,3175.34,3175.35,3174.56,3174.61,342,18.0
2026-03-25 13:06:00,3174.61,3176.25,3174.12,3175.81,111,17.1
2026-03-25 13:07:00,3175.81,3176.08,3175.63,3175.99,333,17.4
2026-03-25 13:08:00,3175.99,3176.31,3175.23,3175.81,201,20.8
2026-03-25 13:09:00,3175.81,3175.85,3175.72,3175.77,180,20.6
2026-03-25 13:10:00,3175.77,3175.96,3175.32,3175.55,132,16.2
2026-03-25 13:11:00,3175.55,3175.6,3175.3,3175.33,214,20.9
2026-03-25 13:12:00,3175.33,3175.81,3175.22,3175.52,205,18.7
2026-03-25 13:13:00,3175.52,3176.16,3175.17,3175.56,298,16.8
2026-03-25 13:14:00,3175.56,3176.09,3174.07,3174.31,393,15.7
2026-03-25 13:15:00,3174.31,3174.43,3174.31,3174.39,145,20.3
2026-03-25 13:16:00,3174.39,3174.98,3174.31,3174.87,111,15.8
2026-03-25 13:17:00,3174.87,3175.6,3174.64,3175.2,367,16.0
2026-03-25 13:18:00,3175.2,3175.68,3175.15,3175.39,237,16.2
2026-03-25 13:19:00,3175.39,3176.61,3175.38,3176.28,313,16.8
2026-03-25 13:20:00,3176.28,3177.37,3176.13,3177.1,82,18.0
2026-03-25 13:21:00,3177.1,3177.19,3176.64,3176.79,193,16.6
2026-03-25 13:22:00,3176.79,3177.21,3176.13,3176.5,426,20.0
2026-03-25 13:23:00,3176.5,3176.61,3176.19,3176.36,439,21.4
2026-03-25 13:24:00,3176.36,3176.53,3175.62,3175.9,277,17.0
2026-03-25 13:25:00,3175.9,3176.25,3175.26,3175.3,216,17.2
2026-03-25 13:26:00,3175.3,3176.19,3175.04,3176.16,286,16.7
2026-03-25 13:27:00,3176.16,3176.72,3176.03,3176.42,253,20.1
2026-03-25 13:28:00,3176.42,3176.67,3176.36,3176.63,361,19.3
2026-03-25 13:29:00,3176.63,3177.51,3176.49,3177.05,414,16.8
2026-03-25 13:30:00,3177.05,3177.61,3176.12,3176.7,403,16.6
2026-03-25 13:31:00,3176.7,3176.84,3176.24,3176.47,336,21.9
2026-03-25 13:32:00,3176.47,3177.23,3176.1,3176.48,375,21.6
2026-03-25 13:33:00,3176.48,3176.75,3176.42,3176.73,337,20.7
2026-03-25 13:34:00,3176.73,3176.97,3176.01,3176.55,133,20.2
2026-03-25 13:35:00,3176.55,3176.57,3176.55,3176.56,250,19.2
2026-03-25 13:36:00,3176.56,3177.45,3176.18,3177.13,336,18.4
2026-03-25 13:37:00,3177.13,3177.37,3176.48,3176.86,217,15.0
2026-03-25 13:38:00,3176.86,3176.87,3176.3,3176.52,1136,15.4
2026-03-25 13:39:00,3176.52,3176.84,3176.29,3176.63,360,17.6
2026-03-25 13:40:00,3176.63,3176.77,3175.96,3176.3,228,19.5
2026-03-25 13:41:00,3176.3,3176.45,3176.22,3176.35,153,17.8
2026-03-25 13:42:00,3176.35,3177.32,3176.08,3177.12,280,19.8
2026-03-25 13:43:00,3177.12,3177.25,3177.1,3177.25,285,16.0
2026-03-25 13:44:00,3177.25,3177.41,3176.61,3176.69,168,18.1
2026-03-25 13:45:00,3176.69,3177.01,3176.61,3176.99,285,17.6
2026-03-25 13:46:00,3176.99,3177.35,3176.89,3177.22,337,20.6
2026-03-25 13:47:00,3177.22,3177.54,3176.81,3176.96,2779,21.2
2026-03-25 13:48:00,3176.96,3177.0,3175.83,3176.47,258,19.0
2026-03-25 13:49:00,3176.47,3176.73,3175.75,3176.07,238,20.2
2026-03-25 13:50:00,3176.07,3176.08,3175.73,3175.77,349,15.3
2026-03-25 13:51:00,3175.77,3175.78,3175.66,3175.71,409,15.4
2026-03-25 13:52:00,3175.71,3176.14,3175.58,3175.71,144,20.6
2026-03-25 13:53:00,3175.71,3176.23,3175.09,3175.18,175,15.0
2026-03-25 13:54:00,3175.18,3175.86,3175.02,3175.74,129,17.1
2026-03-25 13:55:00,3175.74,3175.79,3175.55,3175.56,243,17.4
2026-03-25 13:56:00,3175.56,3175.79,3175.52,3175.7,234,19.8
2026-03-25 13:57:00,3175.7,3175.77,3175.67,3175.73,220,20.9
2026-03-25 13:58:00,3175.73,3176.15,3175.65,3176.15,154,18.1
2026-03-25 13:59:00,3176.15,3177.07,3176.12,3176.46,354,16.4
2026-03-25 14:00:00,3176.46,3177.23,3175.61,3176.0,220,19.8
2026-03-25 14:01:00,3176.0,3176.29,3175.91,3176.22,75,17.1
2026-03-25 14:02:00,3176.22,3176.36,3174.99,3175.31,337,19.8
2026-03-25 14:03:00,3175.31,3175.58,3175.18,3175.53,279,19.4
2026-03-25 14:04:00,3175.53,3176.03,3175.51,3175.71,171,16.5
2026-03-25 14:05:00,3175.71,3176.38,3175.7,3176.14,219,17.6
2026-03-25 14:06:00,3176.14,3176.15,3176.0,3176.08,261,20.5
2026-03-25 14:07:00,3176.08,3176.22,3175.93,3176.18,448,21.4
2026-03-25 14:08:00,3176.18,3177.58,3175.49,3176.9,118,21.7
2026-03-25 14:09:00,3176.9,3177.46,3176.88,3177.3,175,16.2
2026-03-25 14:10:00,3177.3,3177.56,3177.07,3177.12,247,20.2
2026-03-25 14:11:00,3177.12,3177.13,3177.06,3177.08,342,18.6
2026-03-25 14:12:00,3177.08,3177.32,3176.88,3177.3,202,21.9
2026-03-25 14:13:00,3177.3,3177.37,3176.97,3177.19,417,18.7
2026-03-25 14:14:00,3177.19,3177.22,3176.21,3176.34,408,19.3
2026-03-25 14:15:00,3176.34,3176.91,3176.21,3176.77,273,18.4
2026-03-25 14:16:00,3176.77,3177.18,3176.43,3177.13,1335,18.9
2026-03-25 14:17:00,3177.13,3177.98,3176.01,3176.67,168,18.4
2026-03-25 14:18:00,3176.67,3176.79,3175.7,3176.16,441,17.9
2026-03-25 14:19:00,3176.16,3176.55,3175.82,3176.47,307,17.5
2026-03-25 14:20:00,3176.47,3176.5,3175.42,3175.79,417,18.4
2026-03-25 14:21:00,3175.79,3175.83,3175.07,3175.63,438,21.0
2026-03-25 14:22:00,3175.63,3176.06,3174.98,3175.0,103,15.3
2026-03-25 14:23:00,3175.0,3175.32,3174.88,3175.25,339,18.5
2026-03-25 14:24:00,3175.25,3176.12,3174.9,3175.88,405,21.4
2026-03-25 14:25:00,3175.88,3177.03,3175.86,3176.73,256,16.9
2026-03-25 14:26:00,3176.73,3177.19,3176.32,3176.93,267,19.2
2026-03-25 14:27:00,3176.93,3177.85,3176.75,3177.61,366,19.9
2026-03-25 14:28:00,3177.61,3178.39,3176.91,3177.14,316,16.1
2026-03-25 14:29:00,3177.14,3177.39,3177.13,3177.3,304,21.4
2026-03-25 14:30:00,3177.3,3177.78,3175.89,3176.36,397,16.3
2026-03-25 14:31:00,3176.36,3176.39,3176.11,3176.34,388,21.6
2026-03-25 14:32:00,3176.34,3177.11,3176.32,3176.87,282,16.3
2026-03-25 14:33:00,3176.87,3177.3,3176.4,3176.84,196,19.0
2026-03-25 14:34:00,3176.84,3177.2,3176.79,3177.18,418,17.2
2026-03-25 14:35:00,3177.18,3177.47,3176.63,3176.65,300,18.3
2026-03-25 14:36:00,3176.65,3177.32,3176.5,3177.04,126,19.6
2026-03-25 14:37:00,3177.04,3179.13,3176.54,3178.31,250,21.4
2026-03-25 14:38:00,3178.31,3178.7,3178.2,3178.57,109,20.4
2026-03-25 14:39:00,3178.57,3179.6,3177.46,3178.85,247,18.6
2026-03-25 14:40:00,3178.85,3179.04,3178.8,3178.97,1792,19.8
2026-03-25 14:41:00,3178.97,3179.51,3178.52,3178.59,310,17.1
2026-03-25 14:42:00,3178.59,3179.07,3178.02,3178.06,333,20.5
2026-03-25 14:43:00,3178.06,3178.2,3177.63,3178.1,324,16.3
2026-03-25 14:44:00,3178.1,3178.67,3178.0,3178.49,402,17.0
2026-03-25 14:45:00,3178.49,3178.61,3178.2,3178.36,76,19.7
2026-03-25 14:46:00,3178.36,3178.53,3177.81,3178.12,120,17.2
2026-03-25 14:47:00,3178.12,3178.23,3177.11,3177.43,295,18.6
2026-03-25 14:48:00,3177.43,3177.72,3176.0,3176.38,99,17.2
2026-03-25 14:49:00,3176.38,3176.51,3175.81,3176.02,337,18.3
2026-03-25 14:50:00,3176.02,3177.03,3175.12,3176.78,330,15.4
2026-03-25 14:51:00,3176.78,3177.28,3176.74,3177.08,295,20.5
2026-03-25 14:52:00,3177.08,3177.21,3176.91,3177.13,348,16.2
2026-03-25 14:53:00,3177.13,3177.6,3177.06,3177.56,163,19.1
2026-03-25 14:54:00,3177.56,3177.69,3177.25,3177.37,282,15.7
2026-03-25 14:55:00,3177.37,3177.88,3176.73,3176.99,181,16.3
2026-03-25 14:56:00,3176.99,3177.12,3175.91,3176.22,271,21.0
2026-03-25 14:57:00,3176.22,3176.85,3176.12,3176.52,165,16.9
2026-03-25 14:58:00,3176.52,3177.61,3176.38,3177.28,241,18.3
2026-03-25 14:59:00,3177.28,3178.5,3177.15,3177.74,169,16.8
2026-03-25 15:00:00,3177.74,3179.12,3177.18,3177.85,205,16.2
2026-03-25 15:01:00,3177.85,3178.0,3176.84,3177.39,402,16.9
2026-03-25 15:02:00,3177.39,3178.49,3177.22,3178.11,178,21.3
2026-03-25 15:03:00,3178.11,3178.75,3177.89,3178.61,409,21.4
2026-03-25 15:04:00,3178.61,3178.79,3177.51,3177.86,255,17.0
2026-03-25 15:05:00,3177.86,3177.86,3176.58,3177.07,381,15.3
2026-03-25 15:06:00,3177.07,3177.7,3177.0,3177.28,180,16.9
2026-03-25 15:07:00,3177.28,3177.54,3176.78,3176.93,300,20.2
2026-03-25 15:08:00,3176.93,3177.05,3176.59,3176.64,343,19.1
2026-03-25 15:09:00,3176.64,3177.29,3176.31,3177.26,313,19.5
2026-03-25 15:10:00,3177.26,3177.42,3176.39,3176.61,174,15.6
2026-03-25 15:11:00,3176.61,3177.23,3176.51,3177.05,240,21.7
2026-03-25 15:12:00,3177.05,3177.16,3176.72,3176.85,436,15.0
2026-03-25 15:13:00,3176.85,3177.13,3176.38,3176.47,183,15.7
2026-03-25 15:14:00,3176.47,3176.68,3176.32,3176.49,295,21.8
2026-03-25 15:15:00,3176.49,3178.15,3176.2,3177.59,375,15.1
2026-03-25 15:16:00,3177.59,3177.88,3177.31,3177.52,193,21.0
2026-03-25 15:17:00,3177.52,3177.66,3177.51,3177.59,393,20.8
2026-03-25 15:18:00,3177.59,3178.28,3177.18,3177.32,442,19.1
2026-03-25 15:19:00,3177.32,3178.92,3176.5,3178.24,262,15.9
2026-03-25 15:20:00,3178.24,3178.93,3178.1,3178.63,378,16.2
2026-03-25 15:21:00,3178.63,3178.77,3178.52,3178.73,405,17.9
2026-03-25 15:22:00,3178.73,3178.82,3178.12,3178.26,81,15.4
2026-03-25 15:23:00,3178.26,3178.53,3178.22,3178.45,202,15.6
2026-03-25 15:24:00,3178.45,3178.45,3177.43,3177.66,427,20.6
2026-03-25 15:25:00,3177.66,3178.78,3177.47,3178.55,256,17.6
2026-03-25 15:26:00,3178.55,3178.59,3177.75,3178.09,361,16.5
2026-03-25 15:27:00,3178.09,3178.22,3177.7,3178.04,219,16.8
2026-03-25 15:28:00,3178.04,3178.12,3177.7,3177.83,132,20.0
2026-03-25 15:29:00,3177.83,3178.15,3177.8,3177.83,412,17.6
2026-03-25 15:30:00,3177.83,3177.89,3177.63,3177.73,252,15.9
2026-03-25 15:31:00,3177.73,3177.79,3177.51,3177.6,342,16.2
2026-03-25 15:32:00,3177.6,3178.87,3177.08,3177.81,387,19.3
2026-03-25 15:33:00,3177.81,3179.31,3177.42,3178.76,435,20.5
2026-03-25 15:34:00,3178.76,3178.86,3178.46,3178.65,246,18.5
2026-03-25 15:35:00,3178.65,3180.77,3178.02,3179.38,253,20.5
2026-03-25 15:36:00,3179.38,3179.54,3178.83,3178.83,406,18.3
2026-03-25 15:37:00,3178.83,3179.57,3178.81,3179.44,364,18.3
2026-03-25 15:38:00,3179.44,3179.87,3179.08,3179.82,376,16.5
2026-03-25 15:39:00,3179.82,3179.85,3179.52,3179.57,352,20.0
2026-03-25 15:40:00,3179.57,3179.6,3179.45,3179.49,442,16.7
2026-03-25 15:41:00,3179.49,3180.5,3178.0,3179.27,124,19.6
2026-03-25 15:42:00,3179.27,3179.58,3179.2,3179.51,1101,18.0
2026-03-25 15:43:00,3179.51,3181.41,3178.78,3181.32,387,16.8
2026-03-25 15:44:00,3181.32,3182.26,3181.28,3181.72,304,21.9
2026-03-25 15:45:00,3181.72,3182.5,3181.04,3181.13,114,19.2
2026-03-25 15:46:00,3181.13,3181.27,3180.75,3180.91,180,17.2
2026-03-25 15:47:00,3180.91,3180.95,3180.78,3180.92,322,15.5
2026-03-25 15:48:00,3180.92,3181.01,3180.37,3180.5,232,18.4
2026-03-25 15:49:00,3180.5,3181.4,3180.49,3180.67,217,19.6
2026-03-25 15:50:00,3180.67,3180.81,3180.19,3180.31,276,17.6
2026-03-25 15:51:00,3180.31,3180.31,3180.15,3180.25,345,15.5
2026-03-25 15:52:00,3180.25,3180.26,3179.53,3179.64,259,18.0
2026-03-25 15:53:00,3179.64,3179.66,3178.82,3178.84,411,19.4
2026-03-25 15:54:00,3178.84,3179.5,3178.76,3179.39,168,17.7
2026-03-25 15:55:00,3179.39,3180.16,3179.23,3179.89,189,19.1
2026-03-25 15:56:00,3179.89,3180.28,3179.86,3180.23,912,20.8
2026-03-25 15:57:00,3180.23,3181.09,3180.08,3180.67,211,21.1
2026-03-25 15:58:00,3180.67,3182.0,3180.09,3181.37,232,18.8
2026-03-25 15:59:00,3181.37,3181.54,3180.86,3181.07,103,21.1
2026-03-25 16:00:00,3181.07,3181.21,3181.05,3181.16,420,16.3
2026-03-25 16:01:00,3181.16,3181.37,3180.61,3180.89,372,17.9
2026-03-25 16:02:00,3180.89,3182.14,3180.5,3181.72,205,19.5
2026-03-25 16:03:00,3181.72,3182.72,3181.47,3182.35,103,20.6
2026-03-25 16:04:00,3182.35,3182.82,3182.22,3182.64,273,21.8
2026-03-25 16:05:00,3182.64,3183.25,3182.31,3183.11,436,21.8
2026-03-25 16:06:00,3183.11,3183.75,3182.96,3183.5,285,19.1
2026-03-25 16:07:00,3183.5,3183.58,3183.04,3183.43,222,20.4
2026-03-25 16:08:00,3183.43,3184.01,3181.81,3182.1,135,15.9
2026-03-25 16:09:00,3182.1,3182.79,3181.05,3181.84,397,19.3
2026-03-25 16:10:00,3181.84,3182.42,3181.81,3182.28,421,21.5
2026-03-25 16:11:00,3182.28,3183.06,3182.2,3182.98,321,15.6
2026-03-25 16:12:00,3182.98,3183.45,3182.94,3183.43,147,16.4
2026-03-25 16:13:00,3183.43,3184.19,3183.25,3184.0,310,17.2
2026-03-25 16:14:00,3184.0,3184.24,3183.87,3184.11,195,20.2
2026-03-25 16:15:00,3184.11,3184.67,3183.55,3184.44,190,17.8
2026-03-25 16:16:00,3184.44,3185.23,3183.94,3184.11,231,18.9
2026-03-25 16:17:00,3184.11,3184.14,3183.85,3183.86,312,21.0
2026-03-25 16:18:00,3183.86,3183.91,3183.63,3183.7,361,20.6
2026-03-25 16:19:00,3183.7,3183.73,3183.68,3183.71,343,19.5
2026-03-25 16:20:00,3183.71,3183.73,3183.5,3183.6,121,19.5
2026-03-25 16:21:00,3183.6,3184.16,3183.42,3184.14,211,16.0
2026-03-25 16:22:00,3184.14,3184.37,3182.8,3183.3,373,17.8
2026-03-25 16:23:00,3183.3,3183.62,3182.38,3182.76,1800,16.0
2026-03-25 16:24:00,3182.76,3182.81,3182.67,3182.72,433,19.0
2026-03-25 16:25:00,3182.72,3182.99,3182.64,3182.96,130,17.5
2026-03-25 16:26:00,3182.96,3183.76,3182.85,3183.22,204,21.7
2026-03-25 16:27:00,3183.22,3183.33,3183.08,3183.29,108,20.1
2026-03-25 16:28:00,3183.29,3183.69,3182.93,3183.66,271,16.3
2026-03-25 16:29:00,3183.66,3186.23,3183.2,3184.77,384,20.6
2026-03-25 16:30:00,3184.77,3185.08,3184.7,3185.0,875,17.0
2026-03-25 16:31:00,3185.0,3185.95,3183.87,3185.34,445,20.9
2026-03-25 16:32:00,3185.34,3185.39,3185.14,3185.19,447,20.0
2026-03-25 16:33:00,3185.19,3185.2,3183.73,3184.21,201,18.5
2026-03-25 16:34:00,3184.21,3184.95,3183.81,3184.74,277,17.5
2026-03-25 16:35:00,3184.74,3185.01,3184.55,3184.76,313,18.6
2026-03-25 16:36:00,3184.76,3185.02,3184.25,3184.4,123,15.5
2026-03-25 16:37:00,3184.4,3185.88,3181.55,3183.7,288,16.0
2026-03-25 16:38:00,3183.7,3183.9,3182.95,3183.27,246,21.5
2026-03-25 16:39:00,3183.27,3183.34,3183.24,3183.27,351,15.6
2026-03-25 16:40:00,3183.27,3183.59,3183.07,3183.32,354,21.0
2026-03-25 16:41:00,3183.32,3183.35,3183.31,3183.32,250,16.2
2026-03-25 16:42:00,3183.32,3183.59,3182.36,3183.04,289,20.1
2026-03-25 16:43:00,3183.04,3184.09,3182.69,3183.73,201,17.5
2026-03-25 16:44:00,3183.73,3184.6,3183.25,3184.21,172,15.9
2026-03-25 16:45:00,3184.21,3184.46,3183.13,3183.77,220,20.3
2026-03-25 16:46:00,3183.77,3184.64,3183.19,3184.21,328,16.0
2026-03-25 16:47:00,3184.21,3184.85,3184.21,3184.7,367,16.3
2026-03-25 16:48:00,3184.7,3184.74,3184.31,3184.42,270,16.5
2026-03-25 16:49:00,3184.42,3184.71,3184.07,3184.4,264,18.0
2026-03-25 16:50:00,3184.4,3184.51,3183.55,3183.81,258,19.3
2026-03-25 16:51:00,3183.81,3183.87,3183.0,3183.13,318,20.1
2026-03-25 16:52:00,3183.13,3183.21,3182.59,3182.82,201,21.6
2026-03-25 16:53:00,3182.82,3183.04,3181.81,3182.19,108,16.1
2026-03-25 16:54:00,3182.19,3182.53,3182.0,3182.18,415,15.5
2026-03-25 16:55:00,3182.18,3182.72,3180.58,3181.46,312,16.1
2026-03-25 16:56:00,3181.46,3181.85,3181.4,3181.72,196,16.8
2026-03-25 16:57:00,3181.72,3181.77,3181.39,3181.47,238,17.5
2026-03-25 16:58:00,3181.47,3181.52,3180.0,3181.17,208,20.1
2026-03-25 16:59:00,3181.17,3182.01,3181.12,3181.36,357,20.7
2026-03-25 17:00:00,3181.36,3181.46,3181.3,3181.41,73,25.8
2026-03-25 17:01:00,3181.41,3181.7,3181.26,3181.45,139,28.1
2026-03-25 17:02:00,3181.45,3181.51,3181.09,3181.27,55,26.5
2026-03-25 17:03:00,3181.27,3182.0,3181.23,3181.77,113,28.4
2026-03-25 17:04:00,3181.77,3182.24,3180.94,3181.26,99,22.6
2026-03-25 17:05:00,3181.26,3181.56,3180.47,3180.61,107,29.0
2026-03-25 17:06:00,3180.61,3181.12,3180.54,3181.08,186,22.1
2026-03-25 17:07:00,3181.08,3181.69,3180.85,3181.03,75,25.9
2026-03-25 17:08:00,3181.03,3181.69,3180.87,3181.47,113,24.7
2026-03-25 17:09:00,3181.47,3181.66,3181.23,3181.34,215,22.5
2026-03-25 17:10:00,3181.34,3181.47,3181.22,3181.24,63,27.5
2026-03-25 17:11:00,3181.24,3182.11,3180.91,3181.66,172,29.6
2026-03-25 17:12:00,3181.66,3181.72,3181.51,3181.58,76,22.2
2026-03-25 17:13:00,3181.58,3181.96,3181.29,3181.66,162,23.3
2026-03-25 17:14:00,3181.66,3181.89,3181.62,3181.85,49,28.0
2026-03-25 17:15:00,3181.85,3182.47,3181.82,3182.26,161,28.6
2026-03-25 17:16:00,3182.26,3182.52,3182.15,3182.48,108,25.9
2026-03-25 17:17:00,3182.48,3182.49,3182.25,3182.35,187,28.3
2026-03-25 17:18:00,3182.35,3182.41,3181.98,3182.25,122,26.2
2026-03-25 17:19:00,3182.25,3182.31,3181.76,3181.98,775,25.8
2026-03-25 17:20:00,3181.98,3182.27,3181.82,3182.08,191,24.4
2026-03-25 17:21:00,3182.08,3182.14,3181.89,3182.11,228,23.8
2026-03-25 17:22:00,3182.11,3182.41,3181.64,3181.77,185,29.6
2026-03-25 17:23:00,3181.77,3181.96,3181.12,3181.22,127,22.4
2026-03-25 17:24:00,3181.22,3182.61,3181.1,3181.59,263,25.7
2026-03-25 17:25:00,3181.59,3181.71,3181.36,3181.4,61,24.0
2026-03-25 17:26:00,3181.4,3181.61,3181.36,3181.45,261,27.3
2026-03-25 17:27:00,3181.45,3181.47,3181.23,3181.34,190,29.7
2026-03-25 17:28:00,3181.34,3181.75,3181.26,3181.51,93,22.8
2026-03-25 17:29:00,3181.51,3181.57,3181.46,3181.52,236,24.5
2026-03-25 17:30:00,3181.52,3182.06,3181.35,3181.67,182,28.0
2026-03-25 17:31:00,3181.67,3181.78,3181.56,3181.77,253,25.9
2026-03-25 17:32:00,3181.77,3181.8,3181.66,3181.72,82,29.3
2026-03-25 17:33:00,3181.72,3181.72,3181.32,3181.32,68,27.9
2026-03-25 17:34:00,3181.32,3181.93,3179.45,3180.75,103,28.5
2026-03-25 17:35:00,3180.75,3181.06,3179.81,3180.38,72,25.9
2026-03-25 17:36:00,3180.38,3180.62,3179.98,3180.15,94,27.7
2026-03-25 17:37:00,3180.15,3180.15,3180.04,3180.08,134,24.3
2026-03-25 17:38:00,3180.08,3180.19,3179.66,3179.81,54,22.6
2026-03-25 17:39:00,3179.81,3180.28,3179.67,3180.07,157,25.5
2026-03-25 17:40:00,3180.07,3180.16,3180.05,3180.12,67,27.6
2026-03-25 17:41:00,3180.12,3180.79,3179.93,3180.49,222,27.6
2026-03-25 17:42:00,3180.49,3180.98,3180.41,3180.79,90,26.7
2026-03-25 17:43:00,3180.79,3181.13,3180.6,3180.82,54,25.9
2026-03-25 17:44:00,3180.82,3181.51,3180.77,3181.37,63,25.6
2026-03-25 17:45:00,3181.37,3181.37,3181.27,3181.3,55,23.8
2026-03-25 17:46:00,3181.3,3181.47,3181.26,3181.4,186,29.3
2026-03-25 17:47:00,3181.4,3181.52,3181.18,3181.31,146,25.2
2026-03-25 17:48:00,3181.31,3181.48,3180.28,3181.13,90,29.1
2026-03-25 17:49:00,3181.13,3181.17,3181.12,3181.16,229,28.8
2026-03-25 17:50:00,3181.16,3181.37,3181.05,3181.13,234,27.0
2026-03-25 17:51:00,3181.13,3181.78,3180.23,3181.23,153,23.4
2026-03-25 17:52:00,3181.23,3181.46,3181.03,3181.08,161,29.6
2026-03-25 17:53:00,3181.08,3181.1,3180.74,3180.76,90,26.2
2026-03-25 17:54:00,3180.76,3181.0,3180.72,3180.91,81,23.3
2026-03-25 17:55:00,3180.91,3181.36,3180.63,3181.15,238,22.7
2026-03-25 17:56:00,3181.15,3181.51,3181.05,3181.34,148,26.9
2026-03-25 17:57:00,3181.34,3181.39,3181.0,3181.25,117,27.0
2026-03-25 17:58:00,3181.25,3181.87,3181.1,3181.84,167,29.4
2026-03-25 17:59:00,3181.84,3181.89,3181.72,3181.8,48,28.1
2026-03-25 18:00:00,3181.8,3181.87,3181.62,3181.69,67,23.2
2026-03-25 18:01:00,3181.69,3182.13,3181.57,3181.91,251,23.7
2026-03-25 18:02:00,3181.91,3181.96,3181.51,3181.54,51,26.0
2026-03-25 18:03:00,3181.54,3181.67,3181.2,3181.36,70,24.1
2026-03-25 18:04:00,3181.36,3181.38,3181.31,3181.33,162,23.4
2026-03-25 18:05:00,3181.33,3181.8,3181.33,3181.59,141,28.2
2026-03-25 18:06:00,3181.59,3181.63,3181.37,3181.44,131,25.9
2026-03-25 18:07:00,3181.44,3181.96,3181.3,3181.72,87,26.8
2026-03-25 18:08:00,3181.72,3181.73,3181.71,3181.72,135,26.0
2026-03-25 18:09:00,3181.72,3181.94,3181.51,3181.93,198,27.3
2026-03-25 18:10:00,3181.93,3182.37,3181.86,3182.09,143,28.8
2026-03-25 18:11:00,3182.09,3182.22,3181.73,3181.88,184,22.9
2026-03-25 18:12:00,3181.88,3182.31,3181.28,3181.69,267,25.1
2026-03-25 18:13:00,3181.69,3181.72,3181.57,3181.64,71,27.7
2026-03-25 18:14:00,3181.64,3181.68,3181.63,3181.64,243,26.8
2026-03-25 18:15:00,3181.64,3182.03,3181.52,3181.97,151,26.6
2026-03-25 18:16:00,3181.97,3182.86,3181.78,3182.75,191,22.9
2026-03-25 18:17:00,3182.75,3182.85,3182.75,3182.8,70,27.8
2026-03-25 18:18:00,3182.8,3183.0,3182.31,3182.55,128,27.9
2026-03-25 18:19:00,3182.55,3182.95,3182.27,3182.88,170,26.1
2026-03-25 18:20:00,3182.88,3183.45,3182.76,3183.28,315,26.0
2026-03-25 18:21:00,3183.28,3183.48,3183.21,3183.45,131,25.6
2026-03-25 18:22:00,3183.45,3183.49,3182.94,3183.29,214,28.2
2026-03-25 18:23:00,3183.29,3183.49,3183.25,3183.33,120,22.4
2026-03-25 18:24:00,3183.33,3183.43,3183.05,3183.22,259,29.6
2026-03-25 18:25:00,3183.22,3183.53,3183.05,3183.41,206,28.5
2026-03-25 18:26:00,3183.41,3183.48,3183.16,3183.18,176,22.3
2026-03-25 18:27:00,3183.18,3183.54,3183.13,3183.52,169,23.0
2026-03-25 18:28:00,3183.52,3183.68,3183.22,3183.3,147,28.1
2026-03-25 18:29:00,3183.3,3183.53,3182.98,3183.3,144,24.1
2026-03-25 18:30:00,3183.3,3183.35,3182.81,3183.0,195,22.1
2026-03-25 18:31:00,3183.0,3183.35,3182.81,3183.09,191,29.4
2026-03-25 18:32:00,3183.09,3183.11,3182.77,3182.8,226,28.1
2026-03-25 18:33:00,3182.8,3182.95,3182.37,3182.76,244,28.6
2026-03-25 18:34:00,3182.76,3182.8,3182.41,3182.52,54,28.2
2026-03-25 18:35:00,3182.52,3182.97,3182.5,3182.95,124,27.6
2026-03-25 18:36:00,3182.95,3183.01,3182.87,3182.9,181,28.9
2026-03-25 18:37:00,3182.9,3183.51,3182.71,3183.36,235,26.7
2026-03-25 18:38:00,3183.36,3183.54,3183.05,3183.17,115,22.9
2026-03-25 18:39:00,3183.17,3183.18,3182.96,3183.05,149,24.9
2026-03-25 18:40:00,3183.05,3183.12,3182.75,3182.85,261,25.1
2026-03-25 18:41:00,3182.85,3183.09,3182.79,3182.89,242,22.2
2026-03-25 18:42:00,3182.89,3183.15,3182.66,3182.95,181,25.3
2026-03-25 18:43:00,3182.95,3183.01,3182.54,3182.66,225,28.9
2026-03-25 18:44:00,3182.66,3182.85,3182.01,3182.25,149,22.3
2026-03-25 18:45:00,3182.25,3183.01,3182.14,3182.66,131,25.0
2026-03-25 18:46:00,3182.66,3182.87,3182.6,3182.79,146,25.7
2026-03-25 18:47:00,3182.79,3183.16,3182.77,3183.09,181,28.3
2026-03-25 18:48:00,3183.09,3183.41,3182.74,3183.21,195,23.5
2026-03-25 18:49:00,3183.21,3183.53,3182.73,3183.33,94,24.3
2026-03-25 18:50:00,3183.33,3183.57,3183.24,3183.51,232,29.4
2026-03-25 18:51:00,3183.51,3184.29,3183.3,3183.92,201,22.2
2026-03-25 18:52:00,3183.92,3183.95,3183.3,3183.41,168,25.2
2026-03-25 18:53:00,3183.41,3183.62,3183.37,3183.58,236,24.6
2026-03-25 18:54:00,3183.58,3183.95,3183.33,3183.78,234,28.3
2026-03-25 18:55:00,3183.78,3183.81,3182.97,3183.16,217,24.3
2026-03-25 18:56:00,3183.16,3183.28,3183.15,3183.28,116,26.2
2026-03-25 18:57:00,3183.28,3183.7,3183.22,3183.51,74,26.2
2026-03-25 18:58:00,3183.51,3183.71,3183.37,3183.54,171,28.4
2026-03-25 18:59:00,3183.54,3183.55,3183.47,3183.51,74,29.7
2026-03-25 19:00:00,3183.51,3183.53,3183.49,3183.52,65,24.0
2026-03-25 19:01:00,3183.52,3183.55,3183.31,3183.42,177,27.7
2026-03-25 19:02:00,3183.42,3183.83,3183.32,3183.69,256,26.3
2026-03-25 19:03:00,3183.69,3183.93,3183.65,3183.91,127,26.0
2026-03-25 19:04:00,3183.91,3184.12,3183.16,3183.56,135,23.4
2026-03-25 19:05:00,3183.56,3183.84,3183.56,3183.77,135,22.9
2026-03-25 19:06:00,3183.77,3183.84,3183.75,3183.8,63,27.6
2026-03-25 19:07:00,3183.8,3183.8,3183.39,3183.65,157,22.2
2026-03-25 19:08:00,3183.65,3183.72,3183.15,3183.28,187,24.9
2026-03-25 19:09:00,3183.28,3183.92,3183.08,3183.8,117,28.9
2026-03-25 19:10:00,3183.8,3184.07,3183.73,3184.05,176,22.1
2026-03-25 19:11:00,3184.05,3184.19,3183.89,3184.17,221,24.2
2026-03-25 19:12:00,3184.17,3184.64,3183.86,3184.02,176,27.9
2026-03-25 19:13:00,3184.02,3184.11,3183.18,3183.46,576,26.1
2026-03-25 19:14:00,3183.46,3183.7,3183.05,3183.51,80,28.4
2026-03-25 19:15:00,3183.51,3184.12,3183.49,3183.94,190,25.2
2026-03-25 19:16:00,3183.94,3184.18,3183.9,3184.17,184,22.8
2026-03-25 19:17:00,3184.17,3184.17,3184.16,3184.16,72,29.8
2026-03-25 19:18:00,3184.16,3184.26,3184.05,3184.13,207,23.2
2026-03-25 19:19:00,3184.13,3184.74,3183.93,3184.44,179,26.5
2026-03-25 19:20:00,3184.44,3184.65,3183.26,3184.04,189,23.3
2026-03-25 19:21:00,3184.04,3184.52,3183.78,3184.1,63,29.3
2026-03-25 19:22:00,3184.1,3184.12,3184.02,3184.03,260,23.3
2026-03-25 19:23:00,3184.03,3184.47,3183.92,3184.42,152,27.6
2026-03-25 19:24:00,3184.42,3184.78,3184.34,3184.76,163,26.7
2026-03-25 19:25:00,3184.76,3185.31,3184.56,3184.99,153,23.9
2026-03-25 19:26:00,3184.99,3185.44,3184.55,3185.11,154,23.9
2026-03-25 19:27:00,3185.11,3185.18,3184.95,3185.03,188,28.0
2026-03-25 19:28:00,3185.03,3185.62,3184.97,3185.42,153,26.2
2026-03-25 19:29:00,3185.42,3185.5,3185.38,3185.46,54,29.2
2026-03-25 19:30:00,3185.46,3185.7,3184.86,3184.96,258,26.9
2026-03-25 19:31:00,3184.96,3185.04,3184.91,3184.92,51,22.2
2026-03-25 19:32:00,3184.92,3185.17,3184.87,3185.16,155,26.5
2026-03-25 19:33:00,3185.16,3185.24,3185.06,3185.15,76,25.3
2026-03-25 19:34:00,3185.15,3185.34,3185.11,3185.34,182,24.1
2026-03-25 19:35:00,3185.34,3186.54,3185.29,3185.95,67,26.8
2026-03-25 19:36:00,3185.95,3186.53,3185.93,3186.32,150,23.2
2026-03-25 19:37:00,3186.32,3186.44,3186.23,3186.31,268,23.5
2026-03-25 19:38:00,3186.31,3186.59,3186.28,3186.43,185,29.0
2026-03-25 19:39:00,3186.43,3186.57,3186.17,3186.29,81,23.7
2026-03-25 19:40:00,3186.29,3187.2,3186.0,3186.61,118,27.1
2026-03-25 19:41:00,3186.61,3187.17,3186.4,3186.9,101,27.5
2026-03-25 19:42:00,3186.9,3186.93,3186.67,3186.76,215,22.2
2026-03-25 19:43:00,3186.76,3186.82,3186.75,3186.81,48,27.8
2026-03-25 19:44:00,3186.81,3187.24,3186.57,3187.08,138,27.6
2026-03-25 19:45:00,3187.08,3187.11,3186.9,3187.05,119,28.7
2026-03-25 19:46:00,3187.05,3187.29,3187.03,3187.21,101,27.3
2026-03-25 19:47:00,3187.21,3187.49,3186.66,3186.89,128,27.0
2026-03-25 19:48:00,3186.89,3187.03,3186.56,3186.66,98,24.1
2026-03-25 19:49:00,3186.66,3187.05,3186.59,3186.92,86,25.2
2026-03-25 19:50:00,3186.92,3187.01,3186.88,3186.98,121,27.5
2026-03-25 19:51:00,3186.98,3187.26,3186.52,3187.1,98,24.0
2026-03-25 19:52:00,3187.1,3187.47,3186.78,3186.82,97,24.0
2026-03-25 19:53:00,3186.82,3187.0,3186.71,3186.94,168,22.8
2026-03-25 19:54:00,3186.94,3187.19,3186.9,3187.17,54,27.7
2026-03-25 19:55:00,3187.17,3187.41,3187.17,3187.4,207,22.6
2026-03-25 19:56:00,3187.4,3187.6,3187.39,3187.48,180,29.6
2026-03-25 19:57:00,3187.48,3187.68,3187.43,3187.6,199,24.1
2026-03-25 19:58:00,3187.6,3187.63,3187.55,3187.62,130,24.7
2026-03-25 19:59:00,3187.62,3187.8,3187.44,3187.78,163,28.8
2026-03-25 20:00:00,3187.78,3188.1,3187.68,3187.95,124,22.7
2026-03-25 20:01:00,3187.95,3188.06,3187.88,3187.96,269,24.8
2026-03-25 20:02:00,3187.96,3188.05,3187.39,3187.55,218,27.7
2026-03-25 20:03:00,3187.55,3188.11,3187.3,3188.03,189,26.0
2026-03-25 20:04:00,3188.03,3188.5,3187.84,3188.49,72,29.8
2026-03-25 20:05:00,3188.49,3189.19,3188.05,3188.76,209,23.1
2026-03-25 20:06:00,3188.76,3188.83,3188.41,3188.46,261,24.5
2026-03-25 20:07:00,3188.46,3188.73,3188.29,3188.62,198,22.3
2026-03-25 20:08:00,3188.62,3188.86,3188.59,3188.84,94,26.8
2026-03-25 20:09:00,3188.84,3189.43,3188.8,3189.14,63,25.4
2026-03-25 20:10:00,3189.14,3189.16,3188.99,3189.0,94,28.1
2026-03-25 20:11:00,3189.0,3189.07,3188.71,3188.71,228,25.9
2026-03-25 20:12:00,3188.71,3188.74,3188.69,3188.71,71,25.1
2026-03-25 20:13:00,3188.71,3188.75,3188.6,3188.62,141,26.1
2026-03-25 20:14:00,3188.62,3188.63,3188.06,3188.23,121,22.4
2026-03-25 20:15:00,3188.23,3188.32,3188.1,3188.1,263,28.1
2026-03-25 20:16:00,3188.1,3188.35,3187.62,3188.09,70,25.9
2026-03-25 20:17:00,3188.09,3188.1,3188.05,3188.08,48,29.5
2026-03-25 20:18:00,3188.08,3188.58,3187.77,3188.25,95,23.8
2026-03-25 20:19:00,3188.25,3188.51,3187.18,3187.76,130,25.2
2026-03-25 20:20:00,3187.76,3188.65,3187.59,3187.98,151,24.0
2026-03-25 20:21:00,3187.98,3188.23,3187.19,3187.66,140,24.1
2026-03-25 20:22:00,3187.66,3187.92,3187.49,3187.73,63,22.5
2026-03-25 20:23:00,3187.73,3188.63,3187.63,3188.14,114,24.8
2026-03-25 20:24:00,3188.14,3188.5,3188.02,3188.28,92,28.0
2026-03-25 20:25:00,3188.28,3188.43,3188.19,3188.28,219,23.2
2026-03-25 20:26:00,3188.28,3188.36,3187.99,3188.16,48,23.9
2026-03-25 20:27:00,3188.16,3188.25,3187.71,3187.84,69,22.8
2026-03-25 20:28:00,3187.84,3187.89,3187.82,3187.88,105,26.4
2026-03-25 20:29:00,3187.88,3187.89,3187.54,3187.56,123,23.1
2026-03-25 20:30:00,3187.56,3188.19,3187.55,3187.94,174,29.9
2026-03-25 20:31:00,3187.94,3188.19,3187.86,3188.1,154,26.4
2026-03-25 20:32:00,3188.1,3188.63,3187.89,3188.63,222,25.0
2026-03-25 20:33:00,3188.63,3188.67,3188.62,3188.67,81,26.2
2026-03-25 20:34:00,3188.67,3188.67,3188.46,3188.54,208,26.9
2026-03-25 20:35:00,3188.54,3188.84,3187.71,3187.88,134,25.5
2026-03-25 20:36:00,3187.88,3188.0,3187.33,3187.56,228,27.0
2026-03-25 20:37:00,3187.56,3187.81,3187.51,3187.79,101,23.2
2026-03-25 20:38:00,3187.79,3188.18,3187.51,3188.14,152,23.8
2026-03-25 20:39:00,3188.14,3188.3,3188.11,3188.27,54,28.8
2026-03-25 20:40:00,3188.27,3188.38,3188.01,3188.19,161,22.8
2026-03-25 20:41:00,3188.19,3188.46,3188.18,3188.41,86,22.1
2026-03-25 20:42:00,3188.41,3188.56,3188.36,3188.49,190,23.0
2026-03-25 20:43:00,3188.49,3188.5,3188.29,3188.32,118,26.7
2026-03-25 20:44:00,3188.32,3188.57,3188.2,3188.41,47,28.5
2026-03-25 20:45:00,3188.41,3188.45,3188.32,3188.36,211,28.4
2026-03-25 20:46:00,3188.36,3188.68,3188.3,3188.66,96,28.9
2026-03-25 20:47:00,3188.66,3189.07,3188.58,3189.04,189,28.7
2026-03-25 20:48:00,3189.04,3189.07,3188.37,3188.58,198,23.0
2026-03-25 20:49:00,3188.58,3189.34,3188.07,3188.73,175,22.1
2026-03-25 20:50:00,3188.73,3188.83,3188.69,3188.8,73,23.0
2026-03-25 20:51:00,3188.8,3189.05,3188.21,3188.48,138,28.8
2026-03-25 20:52:00,3188.48,3188.73,3188.48,3188.72,105,27.4
2026-03-25 20:53:00,3188.72,3188.75,3188.66,3188.7,190,22.7
2026-03-25 20:54:00,3188.7,3189.56,3187.47,3188.34,98,22.1
2026-03-25 20:55:00,3188.34,3188.38,3187.96,3187.97,127,27.1
2026-03-25 20:56:00,3187.97,3188.06,3187.88,3188.06,133,26.6
2026-03-25 20:57:00,3188.06,3188.15,3188.05,3188.15,231,24.4
2026-03-25 20:58:00,3188.15,3188.21,3187.81,3187.84,220,28.1
2026-03-25 20:59:00,3187.84,3188.42,3187.73,3188.17,95,24.6
2026-03-25 21:00:00,3188.17,3188.21,3187.96,3188.08,186,29.9
2026-03-25 21:01:00,3188.08,3188.73,3188.03,3188.69,216,26.2
2026-03-25 21:02:00,3188.69,3188.71,3188.66,3188.67,113,26.9
2026-03-25 21:03:00,3188.67,3189.0,3188.6,3188.8,59,28.7
2026-03-25 21:04:00,3188.8,3188.89,3188.74,3188.79,64,26.5
2026-03-25 21:05:00,3188.79,3189.17,3188.71,3189.08,66,22.3
2026-03-25 21:06:00,3189.08,3189.12,3189.08,3189.1,108,23.8
2026-03-25 21:07:00,3189.1,3189.3,3188.33,3188.77,179,29.6
2026-03-25 21:08:00,3188.77,3189.09,3188.68,3188.96,251,26.7
2026-03-25 21:09:00,3188.96,3189.97,3188.63,3189.55,217,25.2
2026-03-25 21:10:00,3189.55,3190.9,3189.05,3190.02,117,25.9
2026-03-25 21:11:00,3190.02,3190.09,3189.52,3190.04,70,24.5
2026-03-25 21:12:00,3190.04,3190.24,3190.02,3190.18,56,22.6
2026-03-25 21:13:00,3190.18,3190.84,3189.96,3190.75,231,24.2
2026-03-25 21:14:00,3190.75,3190.85,3190.72,3190.81,198,28.8
2026-03-25 21:15:00,3190.81,3190.92,3190.1,3190.52,97,24.4
2026-03-25 21:16:00,3190.52,3190.53,3190.28,3190.38,98,22.9
2026-03-25 21:17:00,3190.38,3190.82,3190.28,3190.67,86,29.3
2026-03-25 21:18:00,3190.67,3190.81,3190.13,3190.32,265,25.2
2026-03-25 21:19:00,3190.32,3190.69,3189.71,3190.38,114,25.8
2026-03-25 21:20:00,3190.38,3190.43,3190.08,3190.17,79,27.6
2026-03-25 21:21:00,3190.17,3190.22,3190.02,3190.13,268,23.6
2026-03-25 21:22:00,3190.13,3190.2,3189.59,3189.75,171,28.7
2026-03-25 21:23:00,3189.75,3189.95,3189.27,3189.47,72,22.7
2026-03-25 21:24:00,3189.47,3189.66,3188.62,3188.64,45,25.9
2026-03-25 21:25:00,3188.64,3189.34,3188.58,3189.05,247,26.5
2026-03-25 21:26:00,3189.05,3189.43,3188.91,3189.34,172,25.1
2026-03-25 21:27:00,3189.34,3189.37,3189.06,3189.16,204,29.5
2026-03-25 21:28:00,3189.16,3189.81,3188.79,3189.28,119,22.1
2026-03-25 21:29:00,3189.28,3189.61,3189.22,3189.5,238,22.0
2026-03-25 21:30:00,3189.5,3189.88,3188.27,3189.21,267,27.8
2026-03-25 21:31:00,3189.21,3189.21,3188.58,3188.76,134,24.6
2026-03-25 21:32:00,3188.76,3189.02,3188.05,3188.4,70,22.1
2026-03-25 21:33:00,3188.4,3188.58,3188.36,3188.58,89,28.0
2026-03-25 21:34:00,3188.58,3189.38,3188.12,3188.66,63,28.3
2026-03-25 21:35:00,3188.66,3188.81,3188.4,3188.64,89,22.7
2026-03-25 21:36:00,3188.64,3189.51,3188.18,3188.69,220,24.4
2026-03-25 21:37:00,3188.69,3189.41,3188.59,3189.08,259,29.6
2026-03-25 21:38:00,3189.08,3189.25,3188.59,3188.79,249,22.5
2026-03-25 21:39:00,3188.79,3188.97,3188.4,3188.49,117,25.7
2026-03-25 21:40:00,3188.49,3188.61,3188.06,3188.19,166,22.6
2026-03-25 21:41:00,3188.19,3188.4,3188.16,3188.34,110,29.0
2026-03-25 21:42:00,3188.34,3188.47,3188.13,3188.33,235,25.1
2026-03-25 21:43:00,3188.33,3188.46,3188.16,3188.28,88,23.5
2026-03-25 21:44:00,3188.28,3188.5,3188.19,3188.38,432,27.0
2026-03-25 21:45:00,3188.38,3188.69,3188.21,3188.43,270,23.2
2026-03-25 21:46:00,3188.43,3188.68,3187.76,3188.0,136,28.3
2026-03-25 21:47:00,3188.0,3188.32,3187.93,3188.23,188,29.3
2026-03-25 21:48:00,3188.23,3188.74,3188.19,3188.7,186,28.8
2026-03-25 21:49:00,3188.7,3188.78,3188.15,3188.56,189,24.1
2026-03-25 21:50:00,3188.56,3189.0,3188.35,3188.84,248,27.6
2026-03-25 21:51:00,3188.84,3189.0,3188.72,3188.99,50,24.5
2026-03-25 21:52:00,3188.99,3189.0,3188.89,3188.92,181,26.0
2026-03-25 21:53:00,3188.92,3189.49,3188.77,3189.25,166,28.3
2026-03-25 21:54:00,3189.25,3189.38,3189.24,3189.35,632,26.9
2026-03-25 21:55:00,3189.35,3189.39,3189.05,3189.16,267,24.1
2026-03-25 21:56:00,3189.16,3189.27,3189.12,3189.26,61,27.8
2026-03-25 21:57:00,3189.26,3189.4,3188.87,3189.04,222,22.1
2026-03-25 21:58:00,3189.04,3189.37,3188.38,3188.84,126,25.6
2026-03-25 21:59:00,3188.84,3188.97,3188.66,3188.7,210,28.8
2026-03-25 22:00:00,3188.7,3188.79,3188.7,3188.77,60,27.5
2026-03-25 22:01:00,3188.77,3188.78,3188.75,3188.77,67,25.6
2026-03-25 22:02:00,3188.77,3188.94,3188.75,3188.88,106,22.8
2026-03-25 22:03:00,3188.88,3188.94,3188.87,3188.89,116,23.7
2026-03-25 22:04:00,3188.89,3189.11,3188.24,3188.71,77,23.2
2026-03-25 22:05:00,3188.71,3188.91,3188.64,3188.9,89,25.7
2026-03-25 22:06:00,3188.9,3188.92,3188.8,3188.81,63,26.2
2026-03-25 22:07:00,3188.81,3188.83,3188.75,3188.75,82,28.1
2026-03-25 22:08:00,3188.75,3188.86,3188.73,3188.82,88,22.2
2026-03-25 22:09:00,3188.82,3188.95,3188.78,3188.88,53,27.5
2026-03-25 22:10:00,3188.88,3189.05,3188.86,3188.98,460,27.0
2026-03-25 22:11:00,3188.98,3189.03,3188.97,3189.01,32,29.1
2026-03-25 22:12:00,3189.01,3189.01,3188.98,3188.98,20,29.0
2026-03-25 22:13:00,3188.98,3189.05,3188.95,3188.95,112,23.1
2026-03-25 22:14:00,3188.95,3188.96,3188.95,3188.95,66,24.2
2026-03-25 22:15:00,3188.95,3189.12,3188.9,3189.01,108,23.6
2026-03-25 22:16:00,3189.01,3189.1,3188.96,3189.07,112,29.0
2026-03-25 22:17:00,3189.07,3189.1,3189.04,3189.1,20,26.9
2026-03-25 22:18:00,3189.1,3189.17,3188.91,3188.95,64,24.2
2026-03-25 22:19:00,3188.95,3189.18,3188.93,3189.1,22,26.6
2026-03-25 22:20:00,3189.1,3189.11,3189.07,3189.07,116,27.8
2026-03-25 22:21:00,3189.07,3189.08,3188.88,3188.88,721,27.5
2026-03-25 22:22:00,3188.88,3188.91,3188.77,3188.83,30,29.7
2026-03-25 22:23:00,3188.83,3189.03,3188.72,3188.96,91,28.2
2026-03-25 22:24:00,3188.96,3189.57,3188.83,3189.09,105,27.3
2026-03-25 22:25:00,3189.09,3189.14,3188.89,3188.95,117,29.9
2026-03-25 22:26:00,3188.95,3189.0,3188.64,3188.78,96,27.7
2026-03-25 22:27:00,3188.78,3188.83,3188.55,3188.61,103,23.6
2026-03-25 22:28:00,3188.61,3188.81,3188.56,3188.78,75,26.1
2026-03-25 22:29:00,3188.78,3188.9,3188.78,3188.85,220,23.4
2026-03-25 22:30:00,3188.85,3188.96,3188.85,3188.88,97,28.4
2026-03-25 22:31:00,3188.88,3189.05,3188.63,3188.85,33,22.9
2026-03-25 22:32:00,3188.85,3188.89,3188.85,3188.86,90,29.9
2026-03-25 22:33:00,3188.86,3188.89,3188.69,3188.71,61,27.3
2026-03-25 22:34:00,3188.71,3189.11,3188.7,3188.92,89,25.6
2026-03-25 22:35:00,3188.92,3188.93,3188.79,3188.81,62,25.6
2026-03-25 22:36:00,3188.81,3188.84,3188.7,3188.74,28,25.5
2026-03-25 22:37:00,3188.74,3188.8,3188.47,3188.53,116,22.0
2026-03-25 22:38:00,3188.53,3188.68,3188.16,3188.44,38,28.1
2026-03-25 22:39:00,3188.44,3188.45,3188.16,3188.36,40,23.6
2026-03-25 22:40:00,3188.36,3188.5,3188.27,3188.47,78,25.5
2026-03-25 22:41:00,3188.47,3188.76,3188.32,3188.49,30,26.7
2026-03-25 22:42:00,3188.49,3188.58,3188.4,3188.49,68,28.0
2026-03-25 22:43:00,3188.49,3188.6,3188.29,3188.4,115,28.9
2026-03-25 22:44:00,3188.4,3188.44,3188.17,3188.34,96,28.3
2026-03-25 22:45:00,3188.34,3188.42,3188.09,3188.22,77,26.2
2026-03-25 22:46:00,3188.22,3188.44,3188.13,3188.42,46,26.1
2026-03-25 22:47:00,3188.42,3188.47,3188.22,3188.26,344,29.8
2026-03-25 22:48:00,3188.26,3188.35,3188.23,3188.31,100,26.0
2026-03-25 22:49:00,3188.31,3188.37,3188.25,3188.3,108,27.2
2026-03-25 22:50:00,3188.3,3188.42,3188.22,3188.41,112,24.2
2026-03-25 22:51:00,3188.41,3188.65,3188.35,3188.54,98,28.0
2026-03-25 22:52:00,3188.54,3188.8,3188.54,3188.69,101,24.8
2026-03-25 22:53:00,3188.69,3188.74,3188.43,3188.47,84,24.0
2026-03-25 22:54:00,3188.47,3188.54,3188.24,3188.36,100,28.9
2026-03-25 22:55:00,3188.36,3188.38,3188.19,3188.27,53,25.4
2026-03-25 22:56:00,3188.27,3188.33,3188.23,3188.29,104,29.9
2026-03-25 22:57:00,3188.29,3188.54,3188.21,3188.53,88,24.5
2026-03-25 22:58:00,3188.53,3188.7,3188.52,3188.6,114,27.5
2026-03-25 22:59:00,3188.6,3188.67,3188.55,3188.61,59,28.9
2026-03-25 23:00:00,3188.61,3188.68,3188.6,3188.65,21,23.2
2026-03-25 23:01:00,3188.65,3188.68,3188.48,3188.53,24,23.5
2026-03-25 23:02:00,3188.53,3188.67,3188.28,3188.47,89,23.8
2026-03-25 23:03:00,3188.47,3188.65,3188.36,3188.53,48,24.5
2026-03-25 23:04:00,3188.53,3188.63,3188.52,3188.62,32,23.2
2026-03-25 23:05:00,3188.62,3188.9,3188.55,3188.75,92,25.9
2026-03-25 23:06:00,3188.75,3189.0,3188.75,3188.83,35,24.9
2026-03-25 23:07:00,3188.83,3188.85,3188.73,3188.8,100,25.3
2026-03-25 23:08:00,3188.8,3188.86,3188.75,3188.83,30,24.2
2026-03-25 23:09:00,3188.83,3188.87,3188.73,3188.82,600,24.0
2026-03-25 23:10:00,3188.82,3188.84,3188.72,3188.79,37,24.6
2026-03-25 23:11:00,3188.79,3188.79,3188.65,3188.72,48,29.3
2026-03-25 23:12:00,3188.72,3188.72,3188.71,3188.72,57,27.6
2026-03-25 23:13:00,3188.72,3188.78,3188.56,3188.7,20,29.5
2026-03-25 23:14:00,3188.7,3188.76,3188.67,3188.7,101,25.9
2026-03-25 23:15:00,3188.7,3188.76,3188.47,3188.48,89,27.2
2026-03-25 23:16:00,3188.48,3188.59,3188.42,3188.52,60,22.3
2026-03-25 23:17:00,3188.52,3188.95,3188.2,3188.76,21,27.8
2026-03-25 23:18:00,3188.76,3188.77,3188.75,3188.75,54,27.5
2026-03-25 23:19:00,3188.75,3188.84,3188.56,3188.61,113,25.2
2026-03-25 23:20:00,3188.61,3188.7,3188.61,3188.67,79,29.6
2026-03-25 23:21:00,3188.67,3188.77,3188.46,3188.59,58,24.0
2026-03-25 23:22:00,3188.59,3188.67,3188.41,3188.52,103,22.6
2026-03-25 23:23:00,3188.52,3188.64,3188.49,3188.57,86,27.9
2026-03-25 23:24:00,3188.57,3188.61,3188.44,3188.55,36,22.9
2026-03-25 23:25:00,3188.55,3188.75,3188.54,3188.74,67,25.3
2026-03-25 23:26:00,3188.74,3188.75,3188.53,3188.57,77,24.2
2026-03-25 23:27:00,3188.57,3188.59,3188.45,3188.46,60,27.9
2026-03-25 23:28:00,3188.46,3188.54,3188.35,3188.45,22,23.3
2026-03-25 23:29:00,3188.45,3188.78,3188.41,3188.63,92,29.8
2026-03-25 23:30:00,3188.63,3189.05,3188.59,3188.93,427,26.0
2026-03-25 23:31:00,3188.93,3189.0,3188.91,3188.94,35,25.3
2026-03-25 23:32:00,3188.94,3188.99,3188.86,3188.93,42,24.1
2026-03-25 23:33:00,3188.93,3189.03,3188.84,3188.95,102,25.7
2026-03-25 23:34:00,3188.95,3189.17,3188.91,3189.11,108,26.8
2026-03-25 23:35:00,3189.11,3189.29,3189.02,3189.23,75,25.5
2026-03-25 23:36:00,3189.23,3189.42,3189.21,3189.38,34,25.2
2026-03-25 23:37:00,3189.38,3189.57,3189.38,3189.55,54,27.5
2026-03-25 23:38:00,3189.55,3189.8,3189.55,3189.64,59,25.9
2026-03-25 23:39:00,3189.64,3189.7,3189.39,3189.45,58,25.2
2026-03-25 23:40:00,3189.45,3189.6,3189.29,3189.45,34,25.8
2026-03-25 23:41:00,3189.45,3189.92,3189.42,3189.66,90,26.2
2026-03-25 23:42:00,3189.66,3189.7,3189.37,3189.53,700,29.9
2026-03-25 23:43:00,3189.53,3189.7,3189.5,3189.7,115,26.8
2026-03-25 23:44:00,3189.7,3189.78,3189.6,3189.7,69,25.8
2026-03-25 23:45:00,3189.7,3189.89,3189.69,3189.78,104,22.8
2026-03-25 23:46:00,3189.78,3190.0,3189.74,3189.92,94,24.3
2026-03-25 23:47:00,3189.92,3189.92,3189.88,3189.88,119,25.0
2026-03-25 23:48:00,3189.88,3190.07,3189.72,3189.73,68,22.3
2026-03-25 23:49:00,3189.73,3189.74,3189.64,3189.65,55,22.8
2026-03-25 23:50:00,3189.65,3189.66,3189.61,3189.62,92,26.5
2026-03-25 23:51:00,3189.62,3190.1,3189.57,3189.96,112,23.4
2026-03-25 23:52:00,3189.96,3190.21,3189.9,3190.15,87,26.8
2026-03-25 23:53:00,3190.15,3190.25,3190.11,3190.19,96,24.7
2026-03-25 23:54:00,3190.19,3190.39,3190.15,3190.37,89,28.7
2026-03-25 23:55:00,3190.37,3190.39,3190.35,3190.35,99,27.9
2026-03-25 23:56:00,3190.35,3190.37,3190.29,3190.31,57,25.5
2026-03-25 23:57:00,3190.31,3190.51,3190.27,3190.38,65,29.2
2026-03-25 23:58:00,3190.38,3190.59,3190.31,3190.52,82,28.4
2026-03-25 23:59:00,3190.52,3190.53,3190.45,3190.53,54,26.3
2026-03-26 00:00:00,3190.53,3190.83,3190.52,3190.74,148,27.4
2026-03-26 00:01:00,3190.74,3190.79,3190.37,3190.42,79,27.0
2026-03-26 00:02:00,3190.42,3190.56,3190.35,3190.43,129,26.1
2026-03-26 00:03:00,3190.43,3190.46,3190.24,3190.35,83,22.4
2026-03-26 00:04:00,3190.35,3190.47,3189.97,3190.06,137,22.0
2026-03-26 00:05:00,3190.06,3190.1,3190.02,3190.08,88,28.8
2026-03-26 00:06:00,3190.08,3190.19,3190.04,3190.16,45,21.3
2026-03-26 00:07:00,3190.16,3190.32,3189.96,3190.14,43,25.2
2026-03-26 00:08:00,3190.14,3190.26,3189.62,3189.86,102,28.5
2026-03-26 00:09:00,3189.86,3189.88,3189.66,3189.7,38,22.8
2026-03-26 00:10:00,3189.7,3189.74,3189.48,3189.56,48,25.5
2026-03-26 00:11:00,3189.56,3189.71,3189.15,3189.24,43,24.3
2026-03-26 00:12:00,3189.24,3189.32,3189.02,3189.13,104,29.0
2026-03-26 00:13:00,3189.13,3189.21,3188.71,3188.82,62,25.2
2026-03-26 00:14:00,3188.82,3189.07,3188.11,3188.53,55,25.1
2026-03-26 00:15:00,3188.53,3188.71,3187.72,3188.0,52,21.2
2026-03-26 00:16:00,3188.0,3188.05,3187.42,3187.53,48,28.9
2026-03-26 00:17:00,3187.53,3187.88,3187.37,3187.82,91,23.3
2026-03-26 00:18:00,3187.82,3188.04,3187.46,3187.64,125,21.1
2026-03-26 00:19:00,3187.64,3187.66,3187.06,3187.25,71,26.0
2026-03-26 00:20:00,3187.25,3187.26,3187.19,3187.22,136,28.0
2026-03-26 00:21:00,3187.22,3187.28,3187.01,3187.08,135,29.7
2026-03-26 00:22:00,3187.08,3187.09,3186.87,3186.89,106,22.3
2026-03-26 00:23:00,3186.89,3187.1,3186.54,3187.0,108,22.4
2026-03-26 00:24:00,3187.0,3187.02,3186.92,3186.94,61,29.1
2026-03-26 00:25:00,3186.94,3187.0,3186.72,3186.73,34,28.7
2026-03-26 00:26:00,3186.73,3186.81,3186.58,3186.65,87,27.0
2026-03-26 00:27:00,3186.65,3186.7,3186.6,3186.62,135,28.0
2026-03-26 00:28:00,3186.62,3186.67,3186.33,3186.38,131,25.1
2026-03-26 00:29:00,3186.38,3186.51,3186.35,3186.43,34,25.2
2026-03-26 00:30:00,3186.43,3186.5,3186.25,3186.32,30,29.1
2026-03-26 00:31:00,3186.32,3186.4,3186.2,3186.27,64,23.2
2026-03-26 00:32:00,3186.27,3186.33,3186.03,3186.08,61,25.0
2026-03-26 00:33:00,3186.08,3186.21,3185.96,3185.99,103,20.4
2026-03-26 00:34:00,3185.99,3186.06,3185.84,3185.93,46,28.7
2026-03-26 00:35:00,3185.93,3186.33,3185.57,3186.07,41,21.6
2026-03-26 00:36:00,3186.07,3186.18,3185.91,3185.95,145,29.3
2026-03-26 00:37:00,3185.95,3186.06,3185.5,3185.7,117,26.6
2026-03-26 00:38:00,3185.7,3185.98,3185.26,3185.69,131,20.1
2026-03-26 00:39:00,3185.69,3185.73,3185.48,3185.55,59,29.7
2026-03-26 00:40:00,3185.55,3185.76,3185.04,3185.39,115,23.5
2026-03-26 00:41:00,3185.39,3185.54,3185.09,3185.48,132,22.4
2026-03-26 00:42:00,3185.48,3185.49,3185.35,3185.43,68,26.4
2026-03-26 00:43:00,3185.43,3185.44,3185.36,3185.39,110,27.1
2026-03-26 00:44:00,3185.39,3185.48,3185.37,3185.41,141,21.7
2026-03-26 00:45:00,3185.41,3185.47,3185.36,3185.44,62,27.1
2026-03-26 00:46:00,3185.44,3185.54,3185.36,3185.41,99,25.2
2026-03-26 00:47:00,3185.41,3185.65,3185.35,3185.63,96,28.9
2026-03-26 00:48:00,3185.63,3185.66,3185.58,3185.62,135,29.5
2026-03-26 00:49:00,3185.62,3185.88,3185.34,3185.46,510,28.7
2026-03-26 00:50:00,3185.46,3185.62,3185.25,3185.51,88,25.1
2026-03-26 00:51:00,3185.51,3185.53,3185.47,3185.48,102,22.1
2026-03-26 00:52:00,3185.48,3185.62,3185.28,3185.28,133,25.3
2026-03-26 00:53:00,3185.28,3185.33,3185.2,3185.25,60,21.6
2026-03-26 00:54:00,3185.25,3185.26,3185.13,3185.15,101,24.2
2026-03-26 00:55:00,3185.15,3185.43,3185.11,3185.33,28,20.6
2026-03-26 00:56:00,3185.33,3185.77,3185.0,3185.51,73,22.4
2026-03-26 00:57:00,3185.51,3185.55,3185.38,3185.41,34,22.2
2026-03-26 00:58:00,3185.41,3185.76,3185.33,3185.57,83,26.7
2026-03-26 00:59:00,3185.57,3185.59,3185.48,3185.51,90,28.1
2026-03-26 01:00:00,3185.51,3185.71,3185.45,3185.67,109,20.7
2026-03-26 01:01:00,3185.67,3186.0,3185.63,3185.87,68,24.6
2026-03-26 01:02:00,3185.87,3185.94,3185.74,3185.77,108,23.7
2026-03-26 01:03:00,3185.77,3185.95,3185.74,3185.94,137,26.3
2026-03-26 01:04:00,3185.94,3186.36,3185.75,3186.13,145,28.4
2026-03-26 01:05:00,3186.13,3186.17,3186.12,3186.13,83,23.1
2026-03-26 01:06:00,3186.13,3186.22,3185.73,3185.92,34,27.7
2026-03-26 01:07:00,3185.92,3186.1,3185.76,3186.08,72,23.1
2026-03-26 01:08:00,3186.08,3186.08,3185.92,3185.94,126,27.1
2026-03-26 01:09:00,3185.94,3186.07,3185.77,3185.78,118,21.4
2026-03-26 01:10:00,3185.78,3185.85,3185.22,3185.6,112,21.4
2026-03-26 01:11:00,3185.6,3185.95,3185.38,3185.86,26,21.7
2026-03-26 01:12:00,3185.86,3185.9,3185.75,3185.77,107,21.7
2026-03-26 01:13:00,3185.77,3185.79,3185.58,3185.72,29,27.9
2026-03-26 01:14:00,3185.72,3185.74,3185.7,3185.71,97,28.3
2026-03-26 01:15:00,3185.71,3185.91,3185.45,3185.87,108,20.3
2026-03-26 01:16:00,3185.87,3185.87,3185.76,3185.81,101,21.5
2026-03-26 01:17:00,3185.81,3186.23,3185.76,3186.02,127,29.7
2026-03-26 01:18:00,3186.02,3186.23,3185.97,3186.21,104,23.7
2026-03-26 01:19:00,3186.21,3186.24,3186.02,3186.04,41,21.8
2026-03-26 01:20:00,3186.04,3186.1,3186.04,3186.1,114,21.2
2026-03-26 01:21:00,3186.1,3186.21,3186.07,3186.15,45,25.0
2026-03-26 01:22:00,3186.15,3186.17,3186.15,3186.16,33,29.5
2026-03-26 01:23:00,3186.16,3186.19,3186.12,3186.13,98,26.8
2026-03-26 01:24:00,3186.13,3186.33,3186.12,3186.28,75,20.4
2026-03-26 01:25:00,3186.28,3186.36,3186.06,3186.27,135,27.3
2026-03-26 01:26:00,3186.27,3186.8,3185.69,3186.21,114,24.9
2026-03-26 01:27:00,3186.21,3186.56,3186.15,3186.48,104,29.1
2026-03-26 01:28:00,3186.48,3186.73,3186.41,3186.64,135,25.1
2026-03-26 01:29:00,3186.64,3186.91,3186.6,3186.68,127,22.4
2026-03-26 01:30:00,3186.68,3186.8,3186.67,3186.78,91,23.7
2026-03-26 01:31:00,3186.78,3187.15,3186.76,3187.01,115,23.9
2026-03-26 01:32:00,3187.01,3187.17,3186.97,3187.11,51,24.6
2026-03-26 01:33:00,3187.11,3187.31,3187.1,3187.18,149,20.3
2026-03-26 01:34:00,3187.18,3187.45,3186.99,3187.36,121,27.4
2026-03-26 01:35:00,3187.36,3187.67,3187.14,3187.47,51,28.5
2026-03-26 01:36:00,3187.47,3187.5,3187.42,3187.5,60,24.0
2026-03-26 01:37:00,3187.5,3187.64,3187.38,3187.59,123,26.0
2026-03-26 01:38:00,3187.59,3187.61,3187.43,3187.47,65,26.9
2026-03-26 01:39:00,3187.47,3187.78,3187.46,3187.66,78,20.1
2026-03-26 01:40:00,3187.66,3187.76,3187.61,3187.7,76,21.8
2026-03-26 01:41:00,3187.7,3187.81,3187.46,3187.59,104,25.3
2026-03-26 01:42:00,3187.59,3187.67,3187.59,3187.61,98,21.7
2026-03-26 01:43:00,3187.61,3187.8,3187.53,3187.7,95,21.4
2026-03-26 01:44:00,3187.7,3187.78,3187.59,3187.6,104,27.4
2026-03-26 01:45:00,3187.6,3188.42,3187.37,3187.87,46,28.9
2026-03-26 01:46:00,3187.87,3187.92,3187.78,3187.8,115,22.4
2026-03-26 01:47:00,3187.8,3187.82,3187.62,3187.62,58,24.0
2026-03-26 01:48:00,3187.62,3187.66,3187.5,3187.55,140,24.1
2026-03-26 01:49:00,3187.55,3187.57,3187.51,3187.54,36,25.2
2026-03-26 01:50:00,3187.54,3187.57,3187.05,3187.19,98,24.0
2026-03-26 01:51:00,3187.19,3187.35,3187.18,3187.3,124,24.0
2026-03-26 01:52:00,3187.3,3187.43,3187.29,3187.41,64,28.0
2026-03-26 01:53:00,3187.41,3187.49,3187.38,3187.47,142,27.0
2026-03-26 01:54:00,3187.47,3187.48,3187.4,3187.45,76,22.0
2026-03-26 01:55:00,3187.45,3187.5,3187.33,3187.39,58,20.2
2026-03-26 01:56:00,3187.39,3187.74,3187.06,3187.52,143,24.0
2026-03-26 01:57:00,3187.52,3187.71,3187.45,3187.6,50,27.8
2026-03-26 01:58:00,3187.6,3187.64,3187.5,3187.52,68,28.0
2026-03-26 01:59:00,3187.52,3187.55,3187.35,3187.4,36,23.5
2026-03-26 02:00:00,3187.4,3187.59,3187.04,3187.49,147,24.1
2026-03-26 02:01:00,3187.49,3187.57,3187.49,3187.56,134,25.2
2026-03-26 02:02:00,3187.56,3187.72,3187.31,3187.41,92,27.7
2026-03-26 02:03:00,3187.41,3187.55,3187.34,3187.43,27,23.7
2026-03-26 02:04:00,3187.43,3187.47,3187.36,3187.4,35,25.9
2026-03-26 02:05:00,3187.4,3187.41,3187.25,3187.29,58,29.2
2026-03-26 02:06:00,3187.29,3187.56,3186.98,3187.44,105,27.5
2026-03-26 02:07:00,3187.44,3187.73,3187.26,3187.72,47,22.7
2026-03-26 02:08:00,3187.72,3187.8,3187.4,3187.46,115,29.3
2026-03-26 02:09:00,3187.46,3187.51,3187.3,3187.34,67,28.1
2026-03-26 02:10:00,3187.34,3187.7,3186.97,3187.27,114,28.4
2026-03-26 02:11:00,3187.27,3187.27,3187.12,3187.12,78,23.5
2026-03-26 02:12:00,3187.12,3187.99,3186.56,3187.19,107,27.4
2026-03-26 02:13:00,3187.19,3187.32,3187.04,3187.13,48,22.0
2026-03-26 02:14:00,3187.13,3187.55,3186.99,3187.31,130,26.7
2026-03-26 02:15:00,3187.31,3187.42,3187.16,3187.3,30,22.8
2026-03-26 02:16:00,3187.3,3187.42,3187.08,3187.1,112,24.4
2026-03-26 02:17:00,3187.1,3187.37,3186.89,3187.01,134,22.8
2026-03-26 02:18:00,3187.01,3187.22,3186.6,3186.88,36,30.0
2026-03-26 02:19:00,3186.88,3187.17,3186.84,3186.99,116,28.5
2026-03-26 02:20:00,3186.99,3187.96,3186.61,3187.2,106,21.5
2026-03-26 02:21:00,3187.2,3187.24,3186.98,3187.04,96,21.7
2026-03-26 02:22:00,3187.04,3187.16,3186.88,3187.01,60,22.1
2026-03-26 02:23:00,3187.01,3187.08,3186.58,3186.74,118,29.5
2026-03-26 02:24:00,3186.74,3187.1,3186.5,3186.79,111,28.4
2026-03-26 02:25:00,3186.79,3186.95,3186.48,3186.73,39,27.9
2026-03-26 02:26:00,3186.73,3187.16,3186.7,3187.08,116,21.2
2026-03-26 02:27:00,3187.08,3187.5,3187.02,3187.38,127,29.7
2026-03-26 02:28:00,3187.38,3187.43,3187.37,3187.38,118,27.3
2026-03-26 02:29:00,3187.38,3187.96,3187.34,3187.64,88,26.7
2026-03-26 02:30:00,3187.64,3187.89,3187.01,3187.5,118,26.7
2026-03-26 02:31:00,3187.5,3187.51,3187.29,3187.32,67,20.0
2026-03-26 02:32:00,3187.32,3187.52,3187.22,3187.36,28,21.6
2026-03-26 02:33:00,3187.36,3187.48,3187.18,3187.45,76,21.6
2026-03-26 02:34:00,3187.45,3187.67,3187.35,3187.6,51,20.2
2026-03-26 02:35:00,3187.6,3187.69,3187.03,3187.14,130,22.2
2026-03-26 02:36:00,3187.14,3187.2,3186.83,3186.92,49,21.3
2026-03-26 02:37:00,3186.92,3187.41,3186.84,3187.17,128,27.5
2026-03-26 02:38:00,3187.17,3187.21,3187.17,3187.19,78,25.2
2026-03-26 02:39:00,3187.19,3187.22,3186.83,3186.95,132,27.1
2026-03-26 02:40:00,3186.95,3187.21,3186.88,3187.06,59,27.1
2026-03-26 02:41:00,3187.06,3187.09,3186.9,3186.96,77,25.9
2026-03-26 02:42:00,3186.96,3186.97,3186.68,3186.76,61,21.8
2026-03-26 02:43:00,3186.76,3186.78,3186.68,3186.69,60,22.7
2026-03-26 02:44:00,3186.69,3186.81,3186.64,3186.81,59,26.0
2026-03-26 02:45:00,3186.81,3187.19,3186.73,3187.15,121,25.8
2026-03-26 02:46:00,3187.15,3187.38,3186.73,3187.16,53,21.9
2026-03-26 02:47:00,3187.16,3187.25,3186.82,3187.15,72,21.3
2026-03-26 02:48:00,3187.15,3187.21,3186.87,3186.94,84,22.2
2026-03-26 02:49:00,3186.94,3186.97,3186.91,3186.95,68,28.2
2026-03-26 02:50:00,3186.95,3187.01,3186.87,3186.91,41,21.5
2026-03-26 02:51:00,3186.91,3186.91,3186.55,3186.7,70,25.6
2026-03-26 02:52:00,3186.7,3186.81,3186.68,3186.73,144,28.8
2026-03-26 02:53:00,3186.73,3186.74,3186.56,3186.64,114,21.4
2026-03-26 02:54:00,3186.64,3186.74,3186.61,3186.69,125,27.7
2026-03-26 02:55:00,3186.69,3186.73,3186.59,3186.6,54,28.1
2026-03-26 02:56:00,3186.6,3186.8,3186.46,3186.6,248,27.2
2026-03-26 02:57:00,3186.6,3186.69,3186.36,3186.67,26,25.8
2026-03-26 02:58:00,3186.67,3186.83,3186.64,3186.75,105,21.9
2026-03-26 02:59:00,3186.75,3186.86,3186.75,3186.79,71,28.1
2026-03-26 03:00:00,3186.79,3186.91,3186.72,3186.91,81,28.9
2026-03-26 03:01:00,3186.91,3187.03,3186.84,3186.86,146,25.2
2026-03-26 03:02:00,3186.86,3187.0,3186.54,3186.66,74,26.6
2026-03-26 03:03:00,3186.66,3186.7,3186.48,3186.59,110,28.4
2026-03-26 03:04:00,3186.59,3186.78,3186.55,3186.69,28,27.9
2026-03-26 03:05:00,3186.69,3186.84,3186.46,3186.58,91,27.1
2026-03-26 03:06:00,3186.58,3186.65,3186.42,3186.47,96,26.2
2026-03-26 03:07:00,3186.47,3186.81,3186.32,3186.67,111,28.0
2026-03-26 03:08:00,3186.67,3186.74,3186.62,3186.72,55,28.6
2026-03-26 03:09:00,3186.72,3186.89,3186.41,3186.59,124,25.9
2026-03-26 03:10:00,3186.59,3186.75,3186.57,3186.73,80,26.8
2026-03-26 03:11:00,3186.73,3186.83,3186.39,3186.53,63,27.4
2026-03-26 03:12:00,3186.53,3186.72,3186.32,3186.5,93,24.7
2026-03-26 03:13:00,3186.5,3186.55,3186.27,3186.29,67,21.4
2026-03-26 03:14:00,3186.29,3186.31,3186.16,3186.18,70,21.5
2026-03-26 03:15:00,3186.18,3186.38,3186.15,3186.32,101,24.0
2026-03-26 03:16:00,3186.32,3186.41,3186.15,3186.23,97,26.2
2026-03-26 03:17:00,3186.23,3186.4,3186.2,3186.25,85,27.9
2026-03-26 03:18:00,3186.25,3186.45,3186.2,3186.44,27,24.9
2026-03-26 03:19:00,3186.44,3186.91,3186.32,3186.82,149,27.4
2026-03-26 03:20:00,3186.82,3186.89,3186.61,3186.75,130,27.4
2026-03-26 03:21:00,3186.75,3186.98,3186.68,3186.89,33,29.5
2026-03-26 03:22:00,3186.89,3187.49,3186.88,3187.27,26,23.9
2026-03-26 03:23:00,3187.27,3187.3,3186.89,3187.0,120,25.2
2026-03-26 03:24:00,3187.0,3187.51,3186.71,3187.29,138,23.1
2026-03-26 03:25:00,3187.29,3187.36,3187.2,3187.25,86,26.9
2026-03-26 03:26:00,3187.25,3187.37,3187.13,3187.14,50,27.9
2026-03-26 03:27:00,3187.14,3187.24,3186.97,3187.1,96,29.2
2026-03-26 03:28:00,3187.1,3187.78,3186.9,3187.49,78,22.9
2026-03-26 03:29:00,3187.49,3187.62,3187.18,3187.43,94,25.7
2026-03-26 03:30:00,3187.43,3187.92,3187.33,3187.8,116,25.5
2026-03-26 03:31:00,3187.8,3187.83,3187.52,3187.65,95,25.0
2026-03-26 03:32:00,3187.65,3187.85,3187.44,3187.6,100,25.4
2026-03-26 03:33:00,3187.6,3187.72,3187.17,3187.24,102,27.5
2026-03-26 03:34:00,3187.24,3187.36,3187.19,3187.28,120,25.1
2026-03-26 03:35:00,3187.28,3187.86,3187.2,3187.62,75,21.5
2026-03-26 03:36:00,3187.62,3187.82,3187.6,3187.75,136,29.5
2026-03-26 03:37:00,3187.75,3187.87,3187.6,3187.69,70,22.5
2026-03-26 03:38:00,3187.69,3187.82,3187.63,3187.81,30,28.2
2026-03-26 03:39:00,3187.81,3187.88,3187.69,3187.75,32,28.7
2026-03-26 03:40:00,3187.75,3187.92,3187.68,3187.86,99,24.0
2026-03-26 03:41:00,3187.86,3188.02,3187.86,3187.96,121,27.4
2026-03-26 03:42:00,3187.96,3188.19,3187.81,3188.04,95,25.7
2026-03-26 03:43:00,3188.04,3188.15,3188.03,3188.04,125,27.1
2026-03-26 03:44:00,3188.04,3188.07,3187.82,3187.86,41,21.2
2026-03-26 03:45:00,3187.86,3187.88,3187.85,3187.87,360,24.2
2026-03-26 03:46:00,3187.87,3187.94,3187.76,3187.78,273,21.7
2026-03-26 03:47:00,3187.78,3188.03,3187.62,3187.99,141,20.7
2026-03-26 03:48:00,3187.99,3188.13,3187.8,3187.83,62,20.5
2026-03-26 03:49:00,3187.83,3188.32,3187.82,3188.12,70,27.7
2026-03-26 03:50:00,3188.12,3188.6,3188.0,3188.39,131,25.8
2026-03-26 03:51:00,3188.39,3188.5,3188.14,3188.28,465,24.1
2026-03-26 03:52:00,3188.28,3188.46,3188.24,3188.4,121,26.1
2026-03-26 03:53:00,3188.4,3188.6,3188.11,3188.22,87,29.6
2026-03-26 03:54:00,3188.22,3188.23,3188.04,3188.19,53,27.0
2026-03-26 03:55:00,3188.19,3188.33,3188.18,3188.24,136,21.4
2026-03-26 03:56:00,3188.24,3188.28,3188.1,3188.17,130,27.7
2026-03-26 03:57:00,3188.17,3188.66,3188.11,3188.53,44,28.7
2026-03-26 03:58:00,3188.53,3188.77,3188.53,3188.73,142,22.5
2026-03-26 03:59:00,3188.73,3189.22,3188.58,3189.0,142,29.8
2026-03-26 04:00:00,3189.0,3189.25,3188.84,3188.9,65,23.9
2026-03-26 04:01:00,3188.9,3189.15,3188.87,3189.1,140,20.9
2026-03-26 04:02:00,3189.1,3189.53,3188.88,3189.27,136,27.3
2026-03-26 04:03:00,3189.27,3189.44,3189.21,3189.41,90,28.4
2026-03-26 04:04:00,3189.41,3189.43,3189.19,3189.41,53,25.8
2026-03-26 04:05:00,3189.41,3189.49,3189.25,3189.35,133,22.8
2026-03-26 04:06:00,3189.35,3189.55,3189.0,3189.23,98,28.5
2026-03-26 04:07:00,3189.23,3189.41,3189.23,3189.4,121,28.6
2026-03-26 04:08:00,3189.4,3189.54,3189.36,3189.48,60,22.2
2026-03-26 04:09:00,3189.48,3189.84,3189.4,3189.73,132,29.4
2026-03-26 04:10:00,3189.73,3189.76,3189.56,3189.62,57,25.4
2026-03-26 04:11:00,3189.62,3189.78,3189.54,3189.73,70,27.7
2026-03-26 04:12:00,3189.73,3189.82,3189.56,3189.68,131,24.0
2026-03-26 04:13:00,3189.68,3189.77,3189.48,3189.66,101,25.0
2026-03-26 04:14:00,3189.66,3189.92,3189.61,3189.75,108,26.8
2026-03-26 04:15:00,3189.75,3189.79,3189.66,3189.71,62,22.6
2026-03-26 04:16:00,3189.71,3189.85,3189.4,3189.68,47,24.5
2026-03-26 04:17:00,3189.68,3189.83,3189.63,3189.74,137,21.9
2026-03-26 04:18:00,3189.74,3189.76,3189.55,3189.61,61,23.5
2026-03-26 04:19:00,3189.61,3189.95,3189.35,3189.6,91,25.2
2026-03-26 04:20:00,3189.6,3189.62,3189.58,3189.6,41,29.1
2026-03-26 04:21:00,3189.6,3189.6,3189.53,3189.59,76,24.5
2026-03-26 04:22:00,3189.59,3189.73,3189.57,3189.68,145,27.7
2026-03-26 04:23:00,3189.68,3190.37,3189.67,3190.19,75,25.5
2026-03-26 04:24:00,3190.19,3190.26,3189.85,3189.98,30,21.6
2026-03-26 04:25:00,3189.98,3190.11,3189.93,3190.11,66,29.0
2026-03-26 04:26:00,3190.11,3190.11,3189.93,3190.0,74,21.8
2026-03-26 04:27:00,3190.0,3190.07,3189.8,3189.92,33,20.0
2026-03-26 04:28:00,3189.92,3190.26,3189.58,3190.23,26,21.1
2026-03-26 04:29:00,3190.23,3190.44,3190.2,3190.39,59,29.1
2026-03-26 04:30:00,3190.39,3190.44,3190.31,3190.35,61,24.1
2026-03-26 04:31:00,3190.35,3190.63,3190.28,3190.57,142,22.4
2026-03-26 04:32:00,3190.57,3190.89,3190.5,3190.79,126,22.7
2026-03-26 04:33:00,3190.79,3191.04,3190.67,3190.8,126,29.1
2026-03-26 04:34:00,3190.8,3190.95,3190.77,3190.8,132,22.2
2026-03-26 04:35:00,3190.8,3190.87,3190.6,3190.6,44,28.8
2026-03-26 04:36:00,3190.6,3190.74,3190.57,3190.68,87,21.1
2026-03-26 04:37:00,3190.68,3190.68,3190.62,3190.63,30,25.7
2026-03-26 04:38:00,3190.63,3190.65,3190.36,3190.45,69,25.7
2026-03-26 04:39:00,3190.45,3190.61,3190.18,3190.3,85,25.2
2026-03-26 04:40:00,3190.3,3190.42,3190.1,3190.16,52,22.8
2026-03-26 04:41:00,3190.16,3190.21,3189.99,3190.03,105,23.0
2026-03-26 04:42:00,3190.03,3190.08,3189.98,3190.05,66,23.1
2026-03-26 04:43:00,3190.05,3190.5,3189.97,3190.32,56,29.0
2026-03-26 04:44:00,3190.32,3190.4,3190.28,3190.33,85,23.7
2026-03-26 04:45:00,3190.33,3190.36,3190.22,3190.22,41,29.9
2026-03-26 04:46:00,3190.22,3190.4,3190.16,3190.33,82,29.7
2026-03-26 04:47:00,3190.33,3190.62,3190.26,3190.54,116,26.7
2026-03-26 04:48:00,3190.54,3190.67,3190.43,3190.65,115,25.6
2026-03-26 04:49:00,3190.65,3190.88,3190.45,3190.67,57,21.3
2026-03-26 04:50:00,3190.67,3190.7,3190.67,3190.69,74,22.6
2026-03-26 04:51:00,3190.69,3190.79,3190.51,3190.62,115,29.2
2026-03-26 04:52:00,3190.62,3190.83,3190.55,3190.82,133,22.7
2026-03-26 04:53:00,3190.82,3190.83,3190.8,3190.82,99,28.1
2026-03-26 04:54:00,3190.82,3190.87,3190.73,3190.73,28,21.6
2026-03-26 04:55:00,3190.73,3190.87,3190.7,3190.82,119,27.5
2026-03-26 04:56:00,3190.82,3190.97,3190.57,3190.74,118,27.0
2026-03-26 04:57:00,3190.74,3191.01,3190.64,3190.88,128,25.1
2026-03-26 04:58:00,3190.88,3190.9,3190.68,3190.79,52,21.2
2026-03-26 04:59:00,3190.79,3191.07,3190.77,3190.85,142,29.8
2026-03-26 05:00:00,3190.85,3190.99,3190.81,3190.98,58,21.2
2026-03-26 05:01:00,3190.98,3190.98,3190.89,3190.91,145,29.3
2026-03-26 05:02:00,3190.91,3191.12,3190.85,3191.01,64,28.8
2026-03-26 05:03:00,3191.01,3191.01,3190.97,3190.98,122,27.2
2026-03-26 05:04:00,3190.98,3191.03,3190.8,3190.96,42,20.1
2026-03-26 05:05:00,3190.96,3191.41,3190.71,3191.0,41,29.9
2026-03-26 05:06:00,3191.0,3191.04,3190.9,3190.92,147,28.3
2026-03-26 05:07:00,3190.92,3190.99,3190.9,3190.98,101,24.8
2026-03-26 05:08:00,3190.98,3191.22,3190.55,3190.72,100,28.5
2026-03-26 05:09:00,3190.72,3190.99,3190.43,3190.83,29,24.3
2026-03-26 05:10:00,3190.83,3191.11,3190.72,3191.04,108,25.4
2026-03-26 05:11:00,3191.04,3191.11,3190.82,3190.88,39,22.1
2026-03-26 05:12:00,3190.88,3191.65,3190.7,3191.1,44,26.6
2026-03-26 05:13:00,3191.1,3191.29,3191.09,3191.23,121,21.8
2026-03-26 05:14:00,3191.23,3191.43,3191.12,3191.25,57,23.1
2026-03-26 05:15:00,3191.25,3191.41,3191.22,3191.37,129,25.3
2026-03-26 05:16:00,3191.37,3191.52,3191.36,3191.43,104,26.3
2026-03-26 05:17:00,3191.43,3191.53,3191.28,3191.44,75,25.7
2026-03-26 05:18:00,3191.44,3191.55,3191.4,3191.5,85,25.0
2026-03-26 05:19:00,3191.5,3191.54,3191.34,3191.36,87,25.7
2026-03-26 05:20:00,3191.36,3191.54,3191.25,3191.5,96,26.0
2026-03-26 05:21:00,3191.5,3191.55,3191.35,3191.36,50,25.5
2026-03-26 05:22:00,3191.36,3191.54,3191.29,3191.32,135,20.1
2026-03-26 05:23:00,3191.32,3191.55,3191.32,3191.48,61,20.9
2026-03-26 05:24:00,3191.48,3191.86,3191.42,3191.57,34,22.0
2026-03-26 05:25:00,3191.57,3191.71,3191.55,3191.57,144,25.9
2026-03-26 05:26:00,3191.57,3191.74,3191.37,3191.56,27,28.2
2026-03-26 05:27:00,3191.56,3191.78,3191.23,3191.61,53,26.3
2026-03-26 05:28:00,3191.61,3191.68,3191.32,3191.41,84,29.2
2026-03-26 05:29:00,3191.41,3191.43,3191.3,3191.41,122,23.9
2026-03-26 05:30:00,3191.41,3191.48,3191.41,3191.44,90,21.8
2026-03-26 05:31:00,3191.44,3191.46,3191.26,3191.34,38,25.7
2026-03-26 05:32:00,3191.34,3191.43,3191.32,3191.36,50,27.5
2026-03-26 05:33:00,3191.36,3191.41,3191.15,3191.28,131,28.8
2026-03-26 05:34:00,3191.28,3191.31,3191.26,3191.28,133,26.8
2026-03-26 05:35:00,3191.28,3191.34,3191.04,3191.11,107,28.2
2026-03-26 05:36:00,3191.11,3191.15,3190.98,3191.01,111,24.2
2026-03-26 05:37:00,3191.01,3191.37,3190.46,3190.91,131,22.0
2026-03-26 05:38:00,3190.91,3191.47,3190.55,3191.02,77,28.3
2026-03-26 05:39:00,3191.02,3191.18,3190.99,3191.15,79,28.8
2026-03-26 05:40:00,3191.15,3191.21,3191.1,3191.18,58,27.7
2026-03-26 05:41:00,3191.18,3191.3,3190.97,3191.09,149,25.2
2026-03-26 05:42:00,3191.09,3191.14,3190.86,3190.95,60,20.8
2026-03-26 05:43:00,3190.95,3191.11,3190.95,3191.08,71,29.1
2026-03-26 05:44:00,3191.08,3191.08,3190.75,3190.91,111,25.0
2026-03-26 05:45:00,3190.91,3190.96,3190.42,3190.65,55,25.2
2026-03-26 05:46:00,3190.65,3190.92,3190.64,3190.82,148,28.1
2026-03-26 05:47:00,3190.82,3190.89,3190.76,3190.82,49,20.1
2026-03-26 05:48:00,3190.82,3190.96,3190.8,3190.91,119,26.1
2026-03-26 05:49:00,3190.91,3190.95,3190.85,3190.85,127,27.0
2026-03-26 05:50:00,3190.85,3191.19,3190.84,3191.1,128,20.9
2026-03-26 05:51:00,3191.1,3191.39,3191.02,3191.16,91,22.6
2026-03-26 05:52:00,3191.16,3191.22,3191.13,3191.16,62,25.3
2026-03-26 05:53:00,3191.16,3191.54,3190.49,3191.07,135,24.7
2026-03-26 05:54:00,3191.07,3191.12,3190.96,3190.97,87,20.4
2026-03-26 05:55:00,3190.97,3190.98,3190.86,3190.87,147,27.8
2026-03-26 05:56:00,3190.87,3190.88,3190.75,3190.78,47,22.8
2026-03-26 05:57:00,3190.78,3190.89,3190.55,3190.58,63,24.4
2026-03-26 05:58:00,3190.58,3190.74,3190.43,3190.59,50,22.6
2026-03-26 05:59:00,3190.59,3190.6,3190.58,3190.59,82,30.0
2026-03-26 06:00:00,3190.59,3190.67,3190.44,3190.56,134,23.7
2026-03-26 06:01:00,3190.56,3190.93,3190.47,3190.74,48,29.5
2026-03-26 06:02:00,3190.74,3190.79,3190.56,3190.61,121,20.3
2026-03-26 06:03:00,3190.61,3190.75,3190.18,3190.38,101,24.8
2026-03-26 06:04:00,3190.38,3190.39,3190.07,3190.11,39,28.8
2026-03-26 06:05:00,3190.11,3190.21,3189.96,3190.09,38,24.9
2026-03-26 06:06:00,3190.09,3190.39,3189.96,3190.29,89,29.7
2026-03-26 06:07:00,3190.29,3190.3,3190.15,3190.18,105,23.3
2026-03-26 06:08:00,3190.18,3190.2,3189.92,3189.93,79,24.0
2026-03-26 06:09:00,3189.93,3190.28,3189.86,3190.09,92,25.0
2026-03-26 06:10:00,3190.09,3190.09,3190.03,3190.04,132,25.1
2026-03-26 06:11:00,3190.04,3190.18,3189.75,3189.75,62,24.6
2026-03-26 06:12:00,3189.75,3189.94,3189.69,3189.87,49,26.2
2026-03-26 06:13:00,3189.87,3190.19,3189.7,3189.97,57,24.5
2026-03-26 06:14:00,3189.97,3190.05,3189.79,3189.83,104,29.5
2026-03-26 06:15:00,3189.83,3189.84,3189.8,3189.81,65,22.7
2026-03-26 06:16:00,3189.81,3189.96,3189.78,3189.92,29,25.9
2026-03-26 06:17:00,3189.92,3189.96,3189.41,3189.64,124,28.9
2026-03-26 06:18:00,3189.64,3189.79,3189.61,3189.74,140,27.4
2026-03-26 06:19:00,3189.74,3189.74,3189.6,3189.64,139,29.5
2026-03-26 06:20:00,3189.64,3189.75,3189.41,3189.5,25,22.5
2026-03-26 06:21:00,3189.5,3189.57,3189.08,3189.33,32,20.3
2026-03-26 06:22:00,3189.33,3189.34,3189.19,3189.2,135,26.8
2026-03-26 06:23:00,3189.2,3189.23,3189.11,3189.23,50,26.1
2026-03-26 06:24:00,3189.23,3189.41,3189.16,3189.4,134,29.5
2026-03-26 06:25:00,3189.4,3189.42,3189.34,3189.41,97,25.2
2026-03-26 06:26:00,3189.41,3189.51,3189.15,3189.35,115,29.7
2026-03-26 06:27:00,3189.35,3189.41,3189.14,3189.18,128,29.2
2026-03-26 06:28:00,3189.18,3189.45,3189.12,3189.36,66,27.5
2026-03-26 06:29:00,3189.36,3189.37,3189.27,3189.3,122,28.3
2026-03-26 06:30:00,3189.3,3189.69,3189.12,3189.34,136,21.4
2026-03-26 06:31:00,3189.34,3189.5,3189.24,3189.38,125,25.0
2026-03-26 06:32:00,3189.38,3189.54,3189.38,3189.5,31,27.2
2026-03-26 06:33:00,3189.5,3189.59,3189.16,3189.27,119,21.2
2026-03-26 06:34:00,3189.27,3189.44,3189.14,3189.37,122,23.9
2026-03-26 06:35:00,3189.37,3189.43,3189.29,3189.3,98,25.5
2026-03-26 06:36:00,3189.3,3189.32,3189.22,3189.25,67,22.6
2026-03-26 06:37:00,3189.25,3189.3,3188.81,3188.94,124,29.3
2026-03-26 06:38:00,3188.94,3189.17,3188.86,3189.11,89,23.7
2026-03-26 06:39:00,3189.11,3189.23,3189.05,3189.19,105,21.3
2026-03-26 06:40:00,3189.19,3189.41,3189.15,3189.31,137,24.9
2026-03-26 06:41:00,3189.31,3189.35,3189.14,3189.21,86,21.3
2026-03-26 06:42:00,3189.21,3189.21,3189.19,3189.19,67,26.2
2026-03-26 06:43:00,3189.19,3189.27,3189.04,3189.12,58,26.0
2026-03-26 06:44:00,3189.12,3189.43,3189.1,3189.38,97,28.5
2026-03-26 06:45:00,3189.38,3189.45,3189.36,3189.41,28,24.2
2026-03-26 06:46:00,3189.41,3189.43,3189.25,3189.34,27,27.8
2026-03-26 06:47:00,3189.34,3189.48,3189.31,3189.47,71,21.2
2026-03-26 06:48:00,3189.47,3189.72,3189.46,3189.67,105,20.6
2026-03-26 06:49:00,3189.67,3189.86,3189.62,3189.84,68,21.0
2026-03-26 06:50:00,3189.84,3189.89,3189.67,3189.71,131,27.9
2026-03-26 06:51:00,3189.71,3190.43,3189.34,3189.72,51,24.4
2026-03-26 06:52:00,3189.72,3189.91,3189.61,3189.78,78,29.7
2026-03-26 06:53:00,3189.78,3189.93,3189.64,3189.86,99,20.5
2026-03-26 06:54:00,3189.86,3189.87,3189.6,3189.66,85,25.0
2026-03-26 06:55:00,3189.66,3189.68,3189.38,3189.57,83,29.1
2026-03-26 06:56:00,3189.57,3189.7,3189.23,3189.38,103,22.2
2026-03-26 06:57:00,3189.38,3189.57,3189.33,3189.53,91,22.4
2026-03-26 06:58:00,3189.53,3189.58,3189.52,3189.58,72,25.5
2026-03-26 06:59:00,3189.58,3189.6,3189.54,3189.55,45,27.6
2026-03-26 07:00:00,3189.55,3189.58,3189.47,3189.55,55,20.5
2026-03-26 07:01:00,3189.55,3189.62,3189.28,3189.34,138,29.4
2026-03-26 07:02:00,3189.34,3189.38,3189.29,3189.36,146,25.6
2026-03-26 07:03:00,3189.36,3189.52,3189.3,3189.34,121,25.3
2026-03-26 07:04:00,3189.34,3189.49,3189.32,3189.41,132,24.5
2026-03-26 07:05:00,3189.41,3189.45,3189.2,3189.24,123,27.4
2026-03-26 07:06:00,3189.24,3189.29,3189.12,3189.16,60,22.9
2026-03-26 07:07:00,3189.16,3189.18,3188.94,3189.05,130,22.6
2026-03-26 07:08:00,3189.05,3189.14,3188.82,3188.92,112,22.4
2026-03-26 07:09:00,3188.92,3188.95,3188.88,3188.92,82,24.7
2026-03-26 07:10:00,3188.92,3189.07,3188.45,3188.76,126,23.1
2026-03-26 07:11:00,3188.76,3188.79,3188.68,3188.71,43,27.0
2026-03-26 07:12:00,3188.71,3189.26,3188.4,3188.93,99,22.8
2026-03-26 07:13:00,3188.93,3189.25,3188.9,3189.13,78,28.5
2026-03-26 07:14:00,3189.13,3189.18,3188.93,3188.98,93,28.1
2026-03-26 07:15:00,3188.98,3189.07,3188.77,3188.95,107,21.4
2026-03-26 07:16:00,3188.95,3188.97,3188.8,3188.81,84,23.8
2026-03-26 07:17:00,3188.81,3189.15,3188.61,3188.65,90,24.9
2026-03-26 07:18:00,3188.65,3188.82,3188.34,3188.56,88,29.2
2026-03-26 07:19:00,3188.56,3188.64,3188.35,3188.49,66,20.5
2026-03-26 07:20:00,3188.49,3188.67,3188.42,3188.58,72,24.5
2026-03-26 07:21:00,3188.58,3188.6,3188.35,3188.36,119,24.6
2026-03-26 07:22:00,3188.36,3188.61,3188.31,3188.45,57,24.0
2026-03-26 07:23:00,3188.45,3188.74,3188.41,3188.73,57,22.6
2026-03-26 07:24:00,3188.73,3188.95,3188.55,3188.61,32,23.6
2026-03-26 07:25:00,3188.61,3188.66,3188.42,3188.5,42,20.9
2026-03-26 07:26:00,3188.5,3188.51,3188.08,3188.3,69,23.3
2026-03-26 07:27:00,3188.3,3188.34,3188.27,3188.3,134,26.6
2026-03-26 07:28:00,3188.3,3188.32,3188.09,3188.11,48,20.5
2026-03-26 07:29:00,3188.11,3188.26,3187.21,3187.71,48,27.1
2026-03-26 07:30:00,3187.71,3187.72,3187.6,3187.66,51,26.7
2026-03-26 07:31:00,3187.66,3187.79,3187.01,3187.33,119,21.0
2026-03-26 07:32:00,3187.33,3187.55,3187.32,3187.53,59,20.4
2026-03-26 07:33:00,3187.53,3187.6,3187.32,3187.37,104,29.0
2026-03-26 07:34:00,3187.37,3187.37,3187.11,3187.13,103,23.3
2026-03-26 07:35:00,3187.13,3187.32,3187.07,3187.23,30,21.0
2026-03-26 07:36:00,3187.23,3187.39,3187.11,3187.31,117,28.7
2026-03-26 07:37:00,3187.31,3187.45,3187.08,3187.29,38,22.2
2026-03-26 07:38:00,3187.29,3187.34,3187.28,3187.3,83,25.9
2026-03-26 07:39:00,3187.3,3187.32,3187.29,3187.32,81,30.0
2026-03-26 07:40:00,3187.32,3187.66,3187.28,3187.6,134,28.0
2026-03-26 07:41:00,3187.6,3187.76,3187.32,3187.34,122,22.2
2026-03-26 07:42:00,3187.34,3187.55,3187.29,3187.53,42,24.5
2026-03-26 07:43:00,3187.53,3187.56,3187.04,3187.26,195,26.7
2026-03-26 07:44:00,3187.26,3187.76,3187.02,3187.44,95,29.0
2026-03-26 07:45:00,3187.44,3187.62,3187.43,3187.61,114,24.3
2026-03-26 07:46:00,3187.61,3187.68,3187.6,3187.61,48,28.5
2026-03-26 07:47:00,3187.61,3187.71,3187.6,3187.67,105,23.6
2026-03-26 07:48:00,3187.67,3187.72,3187.44,3187.48,35,22.7
2026-03-26 07:49:00,3187.48,3187.5,3187.42,3187.43,38,24.2
2026-03-26 07:50:00,3187.43,3187.44,3187.42,3187.44,77,22.3
2026-03-26 07:51:00,3187.44,3187.55,3187.24,3187.28,29,27.8
2026-03-26 07:52:00,3187.28,3187.29,3186.96,3187.12,94,28.6
2026-03-26 07:53:00,3187.12,3187.32,3187.09,3187.29,56,27.8
2026-03-26 07:54:00,3187.29,3187.41,3187.19,3187.4,123,24.2
2026-03-26 07:55:00,3187.4,3187.48,3187.0,3187.11,40,23.0
2026-03-26 07:56:00,3187.11,3187.24,3187.11,3187.17,107,29.9
2026-03-26 07:57:00,3187.17,3187.58,3187.05,3187.56,68,27.9
2026-03-26 07:58:00,3187.56,3187.63,3187.54,3187.59,53,28.7
2026-03-26 07:59:00,3187.59,3187.64,3187.33,3187.46,94,29.2
2026-03-26 08:00:00,3187.46,3187.59,3187.07,3187.18,140,18.7
2026-03-26 08:01:00,3187.18,3187.26,3186.77,3187.13,67,18.5
2026-03-26 08:02:00,3187.13,3187.59,3185.93,3186.34,248,19.8
2026-03-26 08:03:00,3186.34,3186.58,3186.27,3186.52,146,20.4
2026-03-26 08:04:00,3186.52,3187.25,3186.44,3186.96,126,18.5
2026-03-26 08:05:00,3186.96,3187.5,3186.2,3186.88,300,17.5
2026-03-26 08:06:00,3186.88,3187.15,3186.44,3186.46,177,19.0
2026-03-26 08:07:00,3186.46,3186.51,3186.46,3186.49,187,21.9
2026-03-26 08:08:00,3186.49,3186.53,3186.45,3186.46,78,17.2
2026-03-26 08:09:00,3186.46,3187.28,3185.17,3186.03,251,20.7
2026-03-26 08:10:00,3186.03,3186.37,3185.94,3186.3,55,21.7
2026-03-26 08:11:00,3186.3,3186.49,3185.57,3185.75,67,15.2
2026-03-26 08:12:00,3185.75,3185.82,3185.19,3185.31,62,20.9
2026-03-26 08:13:00,3185.31,3185.85,3185.19,3185.61,266,16.4
2026-03-26 08:14:00,3185.61,3186.12,3185.47,3185.95,176,19.7
2026-03-26 08:15:00,3185.95,3186.12,3185.42,3185.8,75,15.6
2026-03-26 08:16:00,3185.8,3186.04,3185.24,3185.5,152,17.4
2026-03-26 08:17:00,3185.5,3185.59,3185.22,3185.3,254,15.2
2026-03-26 08:18:00,3185.3,3185.36,3185.29,3185.31,271,15.8
2026-03-26 08:19:00,3185.31,3185.78,3185.19,3185.59,289,20.9
2026-03-26 08:20:00,3185.59,3185.64,3185.46,3185.54,94,18.2
2026-03-26 08:21:00,3185.54,3185.87,3184.99,3185.35,156,15.3
2026-03-26 08:22:00,3185.35,3185.78,3185.16,3185.59,175,16.3
2026-03-26 08:23:00,3185.59,3185.83,3184.6,3184.8,207,16.8
2026-03-26 08:24:00,3184.8,3185.7,3184.57,3185.06,187,19.7
2026-03-26 08:25:00,3185.06,3185.1,3184.64,3184.76,265,17.7
2026-03-26 08:26:00,3184.76,3185.04,3184.42,3184.6,197,16.4
2026-03-26 08:27:00,3184.6,3184.9,3183.97,3184.21,103,17.7
2026-03-26 08:28:00,3184.21,3184.24,3184.16,3184.23,172,19.7
2026-03-26 08:29:00,3184.23,3184.4,3183.76,3184.0,145,15.3
2026-03-26 08:30:00,3184.0,3184.07,3183.67,3183.71,84,17.3
2026-03-26 08:31:00,3183.71,3183.74,3183.32,3183.38,90,16.9
2026-03-26 08:32:00,3183.38,3183.45,3183.16,3183.28,165,21.0
2026-03-26 08:33:00,3183.28,3183.37,3183.24,3183.33,160,21.8
2026-03-26 08:34:00,3183.33,3183.56,3183.02,3183.17,234,21.5
2026-03-26 08:35:00,3183.17,3183.43,3183.13,3183.4,219,18.1
2026-03-26 08:36:00,3183.4,3183.44,3182.81,3183.03,68,18.4
2026-03-26 08:37:00,3183.03,3183.16,3182.95,3183.13,69,19.7
2026-03-26 08:38:00,3183.13,3183.8,3183.1,3183.55,297,17.3
2026-03-26 08:39:00,3183.55,3183.68,3183.21,3183.54,145,15.4
2026-03-26 08:40:00,3183.54,3183.79,3183.5,3183.62,101,17.5
2026-03-26 08:41:00,3183.62,3183.62,3183.03,3183.21,130,17.8
2026-03-26 08:42:00,3183.21,3183.74,3182.81,3183.6,214,17.8
2026-03-26 08:43:00,3183.6,3184.07,3183.48,3184.02,249,16.9
2026-03-26 08:44:00,3184.02,3184.49,3183.75,3184.34,88,18.3
2026-03-26 08:45:00,3184.34,3184.7,3184.28,3184.63,156,21.7
2026-03-26 08:46:00,3184.63,3184.94,3184.58,3184.86,266,21.6
2026-03-26 08:47:00,3184.86,3184.99,3184.05,3184.31,277,19.1
2026-03-26 08:48:00,3184.31,3185.07,3184.09,3184.89,126,15.7
2026-03-26 08:49:00,3184.89,3185.04,3183.86,3184.51,225,17.8
2026-03-26 08:50:00,3184.51,3184.69,3183.8,3184.03,156,16.3
2026-03-26 08:51:00,3184.03,3184.17,3183.97,3184.09,209,15.0
2026-03-26 08:52:00,3184.09,3184.45,3184.09,3184.23,264,16.2
2026-03-26 08:53:00,3184.23,3184.27,3184.22,3184.23,293,20.3
2026-03-26 08:54:00,3184.23,3184.64,3183.9,3184.48,234,21.5
2026-03-26 08:55:00,3184.48,3184.78,3184.46,3184.54,163,17.9
2026-03-26 08:56:00,3184.54,3184.56,3184.3,3184.32,116,20.4
2026-03-26 08:57:00,3184.32,3184.33,3184.31,3184.31,136,20.2
2026-03-26 08:58:00,3184.31,3184.32,3184.29,3184.3,220,17.7
2026-03-26 08:59:00,3184.3,3184.59,3184.28,3184.56,150,18.7
2026-03-26 09:00:00,3184.56,3184.58,3184.4,3184.48,254,20.6
2026-03-26 09:01:00,3184.48,3184.5,3183.82,3184.01,75,17.3
2026-03-26 09:02:00,3184.01,3184.4,3183.84,3184.22,95,20.1
2026-03-26 09:03:00,3184.22,3184.3,3184.07,3184.27,216,17.1
2026-03-26 09:04:00,3184.27,3184.59,3184.21,3184.38,78,19.0
2026-03-26 09:05:00,3184.38,3184.57,3184.27,3184.45,198,20.3
2026-03-26 09:06:00,3184.45,3185.1,3184.37,3184.8,281,15.8
2026-03-26 09:07:00,3184.8,3184.81,3184.76,3184.76,280,16.1
2026-03-26 09:08:00,3184.76,3184.84,3184.54,3184.62,295,17.1
2026-03-26 09:09:00,3184.62,3184.67,3184.26,3184.35,254,17.8
2026-03-26 09:10:00,3184.35,3184.52,3184.0,3184.08,205,16.7
2026-03-26 09:11:00,3184.08,3184.11,3183.67,3183.98,130,21.4
2026-03-26 09:12:00,3183.98,3184.28,3183.9,3184.2,75,16.0
2026-03-26 09:13:00,3184.2,3184.52,3184.12,3184.35,93,18.6
2026-03-26 09:14:00,3184.35,3184.38,3184.12,3184.21,53,16.7
2026-03-26 09:15:00,3184.21,3184.22,3184.09,3184.13,263,16.0
2026-03-26 09:16:00,3184.13,3184.14,3183.56,3183.65,113,16.7
2026-03-26 09:17:00,3183.65,3183.9,3183.64,3183.77,164,21.8
2026-03-26 09:18:00,3183.77,3184.0,3183.29,3183.65,216,15.2
2026-03-26 09:19:00,3183.65,3183.81,3183.1,3183.38,231,21.5
2026-03-26 09:20:00,3183.38,3183.45,3182.79,3182.95,271,18.3
2026-03-26 09:21:00,3182.95,3183.43,3182.8,3183.24,63,21.0
2026-03-26 09:22:00,3183.24,3183.75,3183.12,3183.38,544,20.8
2026-03-26 09:23:00,3183.38,3183.58,3183.34,3183.39,168,20.7
2026-03-26 09:24:00,3183.39,3183.48,3182.83,3182.91,66,16.0
2026-03-26 09:25:00,3182.91,3183.35,3182.74,3183.31,161,20.7
2026-03-26 09:26:00,3183.31,3183.38,3183.07,3183.28,229,21.7
2026-03-26 09:27:00,3183.28,3183.88,3183.19,3183.58,147,18.9
2026-03-26 09:28:00,3183.58,3184.1,3183.44,3183.8,216,21.8
2026-03-26 09:29:00,3183.8,3184.19,3183.7,3184.16,140,15.1
2026-03-26 09:30:00,3184.16,3184.19,3183.56,3183.84,144,18.2
2026-03-26 09:31:00,3183.84,3184.18,3183.81,3184.11,98,15.5
2026-03-26 09:32:00,3184.11,3184.27,3184.11,3184.26,170,17.2
2026-03-26 09:33:00,3184.26,3184.67,3184.16,3184.6,281,22.0
2026-03-26 09:34:00,3184.6,3184.76,3184.42,3184.6,100,17.0
2026-03-26 09:35:00,3184.6,3184.8,3184.04,3184.13,1445,18.2
2026-03-26 09:36:00,3184.13,3184.19,3183.99,3184.11,191,21.4
2026-03-26 09:37:00,3184.11,3184.15,3184.09,3184.1,259,17.5
2026-03-26 09:38:00,3184.1,3184.12,3183.92,3183.92,125,16.3
2026-03-26 09:39:00,3183.92,3184.36,3183.01,3183.77,56,17.9
2026-03-26 09:40:00,3183.77,3183.88,3183.31,3183.53,256,18.5
2026-03-26 09:41:00,3183.53,3183.55,3183.52,3183.54,114,16.6
2026-03-26 09:42:00,3183.54,3184.11,3182.93,3183.05,116,16.7
2026-03-26 09:43:00,3183.05,3183.47,3182.08,3182.69,231,21.1
2026-03-26 09:44:00,3182.69,3182.79,3182.48,3182.72,78,21.7
2026-03-26 09:45:00,3182.72,3183.46,3182.49,3183.2,242,15.6
2026-03-26 09:46:00,3183.2,3183.49,3183.11,3183.41,241,21.6
2026-03-26 09:47:00,3183.41,3183.5,3183.36,3183.45,158,16.0
2026-03-26 09:48:00,3183.45,3183.57,3183.28,3183.34,205,21.0
2026-03-26 09:49:00,3183.34,3183.51,3183.33,3183.48,299,16.4
2026-03-26 09:50:00,3183.48,3183.58,3183.08,3183.47,277,20.7
2026-03-26 09:51:00,3183.47,3184.23,3183.46,3184.01,230,20.8
2026-03-26 09:52:00,3184.01,3184.11,3184.0,3184.1,61,18.8
2026-03-26 09:53:00,3184.1,3184.1,3183.93,3183.93,182,18.5
2026-03-26 09:54:00,3183.93,3184.56,3183.8,3184.37,214,18.0
2026-03-26 09:55:00,3184.37,3184.52,3184.18,3184.38,52,16.3
2026-03-26 09:56:00,3184.38,3184.4,3184.1,3184.14,176,15.9
2026-03-26 09:57:00,3184.14,3184.15,3184.04,3184.08,256,20.1
2026-03-26 09:58:00,3184.08,3184.22,3184.06,3184.22,101,20.9
2026-03-26 09:59:00,3184.22,3184.26,3183.71,3183.97,244,17.4
2026-03-26 10:00:00,3183.97,3184.74,3183.74,3184.39,141,16.0
2026-03-26 10:01:00,3184.39,3184.41,3184.29,3184.33,231,21.0
2026-03-26 10:02:00,3184.33,3184.64,3183.76,3184.18,177,20.3
2026-03-26 10:03:00,3184.18,3184.44,3184.11,3184.33,66,21.3
2026-03-26 10:04:00,3184.33,3184.37,3183.92,3184.01,187,18.4
2026-03-26 10:05:00,3184.01,3184.12,3183.95,3184.06,171,21.8
2026-03-26 10:06:00,3184.06,3184.43,3184.02,3184.39,178,16.9
2026-03-26 10:07:00,3184.39,3185.04,3184.3,3184.59,79,18.6
2026-03-26 10:08:00,3184.59,3184.71,3184.11,3184.21,153,21.3
2026-03-26 10:09:00,3184.21,3184.83,3183.97,3184.61,131,20.1
2026-03-26 10:10:00,3184.61,3184.79,3184.05,3184.71,213,19.3
2026-03-26 10:11:00,3184.71,3185.14,3184.27,3184.69,246,19.6
2026-03-26 10:12:00,3184.69,3184.72,3184.6,3184.61,291,16.3
2026-03-26 10:13:00,3184.61,3185.12,3184.53,3184.97,296,18.6
2026-03-26 10:14:00,3184.97,3185.09,3184.37,3184.45,64,20.4
2026-03-26 10:15:00,3184.45,3184.48,3184.28,3184.33,122,17.4
2026-03-26 10:16:00,3184.33,3184.53,3183.93,3184.07,201,20.9
2026-03-26 10:17:00,3184.07,3184.27,3183.8,3183.96,274,18.2
2026-03-26 10:18:00,3183.96,3184.34,3183.19,3183.62,245,20.0
2026-03-26 10:19:00,3183.62,3183.89,3183.44,3183.45,243,20.2
2026-03-26 10:20:00,3183.45,3184.55,3182.83,3183.49,125,18.5
2026-03-26 10:21:00,3183.49,3183.8,3183.13,3183.26,291,19.8
2026-03-26 10:22:00,3183.26,3184.27,3182.84,3183.51,70,21.7
2026-03-26 10:23:00,3183.51,3183.53,3183.32,3183.4,296,16.8
2026-03-26 10:24:00,3183.4,3184.3,3183.36,3184.08,768,19.9
2026-03-26 10:25:00,3184.08,3184.12,3183.87,3183.97,227,18.5
2026-03-26 10:26:00,3183.97,3183.98,3183.8,3183.92,128,17.1
2026-03-26 10:27:00,3183.92,3184.02,3183.65,3183.91,203,19.6
2026-03-26 10:28:00,3183.91,3184.19,3183.42,3183.46,254,19.8
2026-03-26 10:29:00,3183.46,3183.99,3183.32,3183.66,201,18.6
2026-03-26 10:30:00,3183.66,3183.89,3183.45,3183.8,122,16.8
2026-03-26 10:31:00,3183.8,3184.22,3183.71,3184.14,123,15.8
2026-03-26 10:32:00,3184.14,3184.56,3183.46,3183.88,258,16.7
2026-03-26 10:33:00,3183.88,3184.36,3183.76,3184.05,55,18.6
2026-03-26 10:34:00,3184.05,3184.36,3183.78,3184.22,89,16.7
2026-03-26 10:35:00,3184.22,3184.91,3183.16,3184.06,134,17.7
2026-03-26 10:36:00,3184.06,3184.13,3183.74,3183.76,81,16.0
2026-03-26 10:37:00,3183.76,3184.04,3183.76,3183.78,85,17.4
2026-03-26 10:38:00,3183.78,3183.81,3183.77,3183.79,102,15.1
2026-03-26 10:39:00,3183.79,3184.21,3183.64,3183.85,271,15.2
2026-03-26 10:40:00,3183.85,3184.14,3183.35,3183.65,143,21.5
2026-03-26 10:41:00,3183.65,3183.67,3183.36,3183.46,296,18.9
2026-03-26 10:42:00,3183.46,3183.68,3183.04,3183.17,238,19.7
2026-03-26 10:43:00,3183.17,3183.49,3182.98,3183.31,248,20.5
2026-03-26 10:44:00,3183.31,3183.8,3183.21,3183.37,214,17.2
2026-03-26 10:45:00,3183.37,3184.12,3183.27,3183.76,58,15.4
2026-03-26 10:46:00,3183.76,3184.16,3183.68,3184.06,261,16.3
2026-03-26 10:47:00,3184.06,3184.39,3183.66,3184.12,180,15.4
2026-03-26 10:48:00,3184.12,3184.94,3184.09,3184.48,177,17.4
2026-03-26 10:49:00,3184.48,3184.66,3183.77,3183.88,116,18.6
2026-03-26 10:50:00,3183.88,3184.12,3183.25,3183.5,229,20.8
2026-03-26 10:51:00,3183.5,3183.54,3183.33,3183.43,112,18.4
2026-03-26 10:52:00,3183.43,3183.91,3183.42,3183.88,195,18.0
2026-03-26 10:53:00,3183.88,3184.19,3183.78,3183.98,143,18.6
2026-03-26 10:54:00,3183.98,3184.26,3183.83,3184.11,258,20.6
2026-03-26 10:55:00,3184.11,3184.12,3183.84,3183.9,81,17.5
2026-03-26 10:56:00,3183.9,3183.91,3183.59,3183.63,257,20.9
2026-03-26 10:57:00,3183.63,3183.65,3183.1,3183.5,207,20.1
2026-03-26 10:58:00,3183.5,3183.54,3183.35,3183.38,57,20.7
2026-03-26 10:59:00,3183.38,3184.31,3182.89,3183.58,125,16.0
2026-03-26 11:00:00,3183.58,3183.67,3183.25,3183.43,216,19.8
2026-03-26 11:01:00,3183.43,3184.08,3183.31,3183.88,289,20.2
2026-03-26 11:02:00,3183.88,3184.19,3183.24,3183.75,89,21.6
2026-03-26 11:03:00,3183.75,3184.29,3183.61,3184.18,117,16.7
2026-03-26 11:04:00,3184.18,3184.71,3184.08,3184.43,209,20.6
2026-03-26 11:05:00,3184.43,3184.47,3184.19,3184.21,231,18.2
2026-03-26 11:06:00,3184.21,3184.59,3183.87,3184.14,77,19.8
2026-03-26 11:07:00,3184.14,3184.48,3183.79,3184.36,103,15.9
2026-03-26 11:08:00,3184.36,3184.71,3184.3,3184.65,285,19.7
2026-03-26 11:09:00,3184.65,3184.67,3184.6,3184.61,219,20.0
2026-03-26 11:10:00,3184.61,3184.67,3184.28,3184.31,81,15.6
2026-03-26 11:11:00,3184.31,3185.02,3184.02,3184.68,59,17.5
2026-03-26 11:12:00,3184.68,3184.79,3184.28,3184.43,253,19.5
2026-03-26 11:13:00,3184.43,3184.76,3184.09,3184.33,253,18.7
2026-03-26 11:14:00,3184.33,3184.42,3184.08,3184.11,242,16.4
2026-03-26 11:15:00,3184.11,3184.55,3183.92,3184.19,105,19.5
2026-03-26 11:16:00,3184.19,3184.21,3183.67,3183.99,80,20.4
2026-03-26 11:17:00,3183.99,3184.29,3183.89,3184.25,210,16.0
2026-03-26 11:18:00,3184.25,3184.43,3184.05,3184.19,251,22.0
2026-03-26 11:19:00,3184.19,3184.31,3184.13,3184.23,113,20.5
2026-03-26 11:20:00,3184.23,3184.29,3183.89,3183.98,66,15.2
2026-03-26 11:21:00,3183.98,3184.06,3183.67,3183.72,109,16.6
2026-03-26 11:22:00,3183.72,3183.78,3183.2,3183.32,171,20.9
2026-03-26 11:23:00,3183.32,3183.35,3183.1,3183.23,246,21.2
2026-03-26 11:24:00,3183.23,3183.65,3183.07,3183.29,262,19.8
2026-03-26 11:25:00,3183.29,3183.49,3183.27,3183.45,94,15.2
2026-03-26 11:26:00,3183.45,3183.94,3183.24,3183.69,81,19.6
2026-03-26 11:27:00,3183.69,3184.06,3183.6,3183.9,195,20.9
2026-03-26 11:28:00,3183.9,3183.9,3183.75,3183.79,208,15.3
2026-03-26 11:29:00,3183.79,3183.89,3183.26,3183.39,208,21.3
2026-03-26 11:30:00,3183.39,3183.42,3183.27,3183.29,64,16.2
2026-03-26 11:31:00,3183.29,3183.43,3183.28,3183.41,253,21.0
2026-03-26 11:32:00,3183.41,3183.41,3183.17,3183.23,210,15.9
2026-03-26 11:33:00,3183.23,3183.31,3182.77,3182.94,293,18.5
2026-03-26 11:34:00,3182.94,3183.33,3182.84,3183.3,125,19.1
2026-03-26 11:35:00,3183.3,3183.43,3183.24,3183.38,164,21.4
2026-03-26 11:36:00,3183.38,3183.67,3183.36,3183.56,246,18.0
2026-03-26 11:37:00,3183.56,3183.82,3183.37,3183.72,283,15.3
2026-03-26 11:38:00,3183.72,3183.83,3183.01,3183.05,274,21.7
2026-03-26 11:39:00,3183.05,3183.52,3183.01,3183.4,158,19.6
2026-03-26 11:40:00,3183.4,3183.7,3183.0,3183.21,297,21.5
2026-03-26 11:41:00,3183.21,3183.39,3182.67,3182.99,271,18.9
2026-03-26 11:42:00,3182.99,3183.41,3182.1,3182.57,208,21.3
2026-03-26 11:43:00,3182.57,3183.41,3182.46,3182.95,159,20.3
2026-03-26 11:44:00,3182.95,3183.13,3182.86,3183.08,187,15.6
2026-03-26 11:45:00,3183.08,3183.3,3182.74,3182.97,265,17.2
2026-03-26 11:46:00,3182.97,3183.06,3182.91,3182.97,87,20.2
2026-03-26 11:47:00,3182.97,3183.02,3182.97,3182.97,60,16.8
2026-03-26 11:48:00,3182.97,3183.68,3182.81,3183.65,164,19.1
2026-03-26 11:49:00,3183.65,3184.01,3183.42,3183.77,263,20.5
2026-03-26 11:50:00,3183.77,3184.75,3183.01,3184.04,90,20.4
2026-03-26 11:51:00,3184.04,3184.08,3183.76,3183.83,97,16.5
2026-03-26 11:52:00,3183.83,3184.1,3183.71,3184.1,167,16.1
2026-03-26 11:53:00,3184.1,3184.12,3183.77,3183.85,137,21.0
2026-03-26 11:54:00,3183.85,3184.22,3183.78,3184.15,50,17.7
2026-03-26 11:55:00,3184.15,3184.29,3183.54,3183.76,102,17.3
2026-03-26 11:56:00,3183.76,3183.84,3183.69,3183.76,260,21.3
2026-03-26 11:57:00,3183.76,3184.01,3183.69,3183.89,207,17.4
2026-03-26 11:58:00,3183.89,3184.87,3183.45,3184.24,258,19.2
2026-03-26 11:59:00,3184.24,3184.33,3184.23,3184.32,262,20.2
2026-03-26 12:00:00,3184.32,3184.34,3183.96,3184.0,121,16.7
2026-03-26 12:01:00,3184.0,3184.4,3183.97,3184.21,193,15.6
2026-03-26 12:02:00,3184.21,3184.48,3183.78,3183.94,178,19.6
2026-03-26 12:03:00,3183.94,3184.03,3183.89,3183.97,127,18.2
2026-03-26 12:04:00,3183.97,3184.11,3183.92,3184.06,159,20.2
2026-03-26 12:05:00,3184.06,3184.1,3184.02,3184.07,142,16.0
2026-03-26 12:06:00,3184.07,3184.23,3183.4,3183.57,178,19.4
2026-03-26 12:07:00,3183.57,3183.62,3183.42,3183.43,232,17.9
2026-03-26 12:08:00,3183.43,3183.72,3182.36,3182.97,285,21.1
2026-03-26 12:09:00,3182.97,3183.0,3182.65,3182.96,85,17.2
2026-03-26 12:10:00,3182.96,3183.25,3182.79,3182.89,249,15.0
2026-03-26 12:11:00,3182.89,3183.26,3182.85,3182.9,293,18.2
2026-03-26 12:12:00,3182.9,3182.95,3182.69,3182.77,200,19.9
2026-03-26 12:13:00,3182.77,3183.18,3182.58,3182.99,152,19.0
2026-03-26 12:14:00,3182.99,3183.13,3182.44,3182.78,288,20.5
2026-03-26 12:15:00,3182.78,3182.93,3182.47,3182.48,140,18.3
2026-03-26 12:16:00,3182.48,3182.74,3182.27,3182.59,200,18.5
2026-03-26 12:17:00,3182.59,3182.6,3182.34,3182.48,187,17.3
2026-03-26 12:18:00,3182.48,3182.8,3182.24,3182.64,169,18.7
2026-03-26 12:19:00,3182.64,3182.65,3182.63,3182.64,60,20.2
2026-03-26 12:20:00,3182.64,3182.79,3182.48,3182.64,109,19.3
2026-03-26 12:21:00,3182.64,3182.7,3182.54,3182.59,270,18.0
2026-03-26 12:22:00,3182.59,3182.59,3182.45,3182.5,115,16.4
2026-03-26 12:23:00,3182.5,3182.72,3182.21,3182.29,55,16.4
2026-03-26 12:24:00,3182.29,3182.33,3182.2,3182.21,55,15.8
2026-03-26 12:25:00,3182.21,3182.3,3181.7,3181.93,141,16.8
2026-03-26 12:26:00,3181.93,3181.96,3181.79,3181.85,167,17.7
2026-03-26 12:27:00,3181.85,3181.96,3181.58,3181.73,275,17.4
2026-03-26 12:28:00,3181.73,3181.96,3181.14,3181.36,134,19.6
2026-03-26 12:29:00,3181.36,3181.59,3179.75,3180.97,256,17.8
2026-03-26 12:30:00,3180.97,3181.37,3180.79,3181.14,161,20.0
2026-03-26 12:31:00,3181.14,3181.29,3180.48,3180.74,227,15.5
2026-03-26 12:32:00,3180.74,3180.78,3179.75,3180.16,238,19.3
2026-03-26 12:33:00,3180.16,3180.3,3179.34,3179.77,201,16.8
2026-03-26 12:34:00,3179.77,3180.16,3179.73,3179.94,184,20.6
2026-03-26 12:35:00,3179.94,3180.02,3179.35,3179.52,205,20.9
2026-03-26 12:36:00,3179.52,3179.54,3179.27,3179.54,288,15.3
2026-03-26 12:37:00,3179.54,3180.48,3179.42,3179.97,234,18.5
2026-03-26 12:38:00,3179.97,3180.3,3179.52,3180.18,166,21.0
2026-03-26 12:39:00,3180.18,3180.61,3180.17,3180.59,120,21.4
2026-03-26 12:40:00,3180.59,3181.24,3180.4,3180.98,235,20.1
2026-03-26 12:41:00,3180.98,3181.1,3180.91,3181.04,110,19.8
2026-03-26 12:42:00,3181.04,3181.22,3181.01,3181.13,237,21.9
2026-03-26 12:43:00,3181.13,3181.15,3181.09,3181.13,176,15.9
2026-03-26 12:44:00,3181.13,3181.7,3181.04,3181.48,222,21.6
2026-03-26 12:45:00,3181.48,3181.74,3181.44,3181.62,174,16.1
2026-03-26 12:46:00,3181.62,3182.39,3181.07,3181.79,113,15.1
2026-03-26 12:47:00,3181.79,3182.48,3181.53,3182.03,85,18.6
2026-03-26 12:48:00,3182.03,3182.17,3181.65,3181.67,1248,15.0
2026-03-26 12:49:00,3181.67,3181.78,3181.25,3181.45,83,15.7
2026-03-26 12:50:00,3181.45,3181.5,3181.2,3181.35,137,18.4
2026-03-26 12:51:00,3181.35,3181.4,3180.93,3181.03,192,17.8
2026-03-26 12:52:00,3181.03,3181.29,3180.77,3181.13,159,17.0
2026-03-26 12:53:00,3181.13,3181.39,3181.06,3181.12,118,21.2
2026-03-26 12:54:00,3181.12,3181.9,3180.96,3181.31,289,20.0
2026-03-26 12:55:00,3181.31,3181.44,3181.13,3181.27,170,16.5
2026-03-26 12:56:00,3181.27,3182.68,3180.95,3181.84,96,20.2
2026-03-26 12:57:00,3181.84,3182.15,3181.0,3181.61,204,20.7
2026-03-26 12:58:00,3181.61,3181.7,3181.57,3181.63,78,21.1
2026-03-26 12:59:00,3181.63,3181.77,3180.89,3181.29,72,18.1
2026-03-26 13:00:00,3181.29,3181.4,3180.86,3180.93,333,20.6
2026-03-26 13:01:00,3180.93,3181.99,3180.69,3181.26,108,16.2
2026-03-26 13:02:00,3181.26,3181.42,3180.37,3180.63,157,20.0
2026-03-26 13:03:00,3180.63,3181.24,3180.42,3180.68,109,17.0
2026-03-26 13:04:00,3180.68,3181.6,3180.68,3180.92,96,16.1
2026-03-26 13:05:00,3180.92,3182.2,3180.77,3181.89,252,16.1
2026-03-26 13:06:00,3181.89,3182.25,3181.08,3181.32,283,20.9
2026-03-26 13:07:00,3181.32,3182.59,3181.25,3182.24,79,18.4
2026-03-26 13:08:00,3182.24,3182.64,3182.17,3182.57,127,15.3
2026-03-26 13:09:00,3182.57,3183.64,3181.09,3181.55,216,20.1
2026-03-26 13:10:00,3181.55,3182.23,3181.34,3182.04,325,15.8
2026-03-26 13:11:00,3182.04,3182.37,3181.93,3182.24,210,17.0
2026-03-26 13:12:00,3182.24,3182.72,3181.21,3181.61,435,21.8
2026-03-26 13:13:00,3181.61,3181.63,3181.41,3181.46,153,15.5
2026-03-26 13:14:00,3181.46,3182.08,3181.4,3181.88,376,21.9
2026-03-26 13:15:00,3181.88,3182.14,3181.17,3181.32,297,21.9
2026-03-26 13:16:00,3181.32,3181.84,3181.25,3181.72,369,20.5
2026-03-26 13:17:00,3181.72,3181.91,3181.68,3181.84,178,16.6
2026-03-26 13:18:00,3181.84,3182.73,3181.79,3182.55,415,19.5
2026-03-26 13:19:00,3182.55,3183.09,3181.52,3182.49,150,15.6
2026-03-26 13:20:00,3182.49,3183.11,3182.39,3182.92,183,15.9
2026-03-26 13:21:00,3182.92,3183.03,3182.87,3182.99,378,18.0
2026-03-26 13:22:00,3182.99,3183.34,3182.77,3183.28,151,16.3
2026-03-26 13:23:00,3183.28,3183.31,3182.65,3182.82,216,20.3
2026-03-26 13:24:00,3182.82,3184.91,3182.6,3183.99,225,20.0
2026-03-26 13:25:00,3183.99,3185.36,3183.49,3184.81,150,18.9
2026-03-26 13:26:00,3184.81,3185.27,3184.64,3184.95,327,21.4
2026-03-26 13:27:00,3184.95,3185.14,3184.22,3184.35,193,18.5
2026-03-26 13:28:00,3184.35,3184.71,3184.2,3184.53,159,18.0
2026-03-26 13:29:00,3184.53,3185.91,3184.24,3185.72,135,19.8
2026-03-26 13:30:00,3185.72,3185.78,3185.45,3185.76,297,20.2
2026-03-26 13:31:00,3185.76,3186.02,3184.73,3185.25,400,20.5
2026-03-26 13:32:00,3185.25,3185.78,3184.82,3185.52,135,20.7
2026-03-26 13:33:00,3185.52,3185.66,3185.0,3185.25,348,19.4
2026-03-26 13:34:00,3185.25,3186.3,3185.13,3186.05,373,21.7
2026-03-26 13:35:00,3186.05,3186.66,3185.27,3185.47,210,16.7
2026-03-26 13:36:00,3185.47,3185.85,3184.72,3184.78,93,21.7
2026-03-26 13:37:00,3184.78,3185.08,3183.98,3184.37,342,21.1
2026-03-26 13:38:00,3184.37,3186.53,3183.99,3184.71,171,18.3
2026-03-26 13:39:00,3184.71,3185.89,3184.34,3185.29,423,21.9
2026-03-26 13:40:00,3185.29,3186.04,3184.3,3184.82,381,15.6
2026-03-26 13:41:00,3184.82,3185.12,3183.59,3184.71,408,19.7
2026-03-26 13:42:00,3184.71,3185.73,3184.51,3185.59,177,16.7
2026-03-26 13:43:00,3185.59,3185.98,3185.01,3185.81,306,19.1
2026-03-26 13:44:00,3185.81,3186.56,3185.21,3185.22,372,16.7
2026-03-26 13:45:00,3185.22,3185.35,3185.06,3185.32,144,16.1
2026-03-26 13:46:00,3185.32,3185.33,3185.27,3185.29,102,19.4
2026-03-26 13:47:00,3185.29,3186.03,3185.15,3185.59,76,16.7
2026-03-26 13:48:00,3185.59,3185.6,3184.96,3185.04,285,16.2
2026-03-26 13:49:00,3185.04,3185.45,3185.03,3185.37,400,18.0
2026-03-26 13:50:00,3185.37,3186.65,3185.14,3186.17,421,15.7
2026-03-26 13:51:00,3186.17,3186.27,3186.12,3186.23,361,19.8
2026-03-26 13:52:00,3186.23,3187.02,3185.62,3186.24,390,18.2
2026-03-26 13:53:00,3186.24,3186.64,3186.07,3186.58,423,21.6
2026-03-26 13:54:00,3186.58,3186.88,3185.23,3186.14,190,15.8
2026-03-26 13:55:00,3186.14,3186.8,3184.96,3185.54,126,15.8
2026-03-26 13:56:00,3185.54,3185.69,3185.51,3185.68,91,18.7
2026-03-26 13:57:00,3185.68,3186.06,3184.98,3185.64,183,19.6
2026-03-26 13:58:00,3185.64,3185.8,3185.06,3185.11,220,19.0
2026-03-26 13:59:00,3185.11,3185.2,3184.18,3184.69,283,15.1
2026-03-26 14:00:00,3184.69,3185.28,3184.41,3185.13,136,19.8
2026-03-26 14:01:00,3185.13,3185.42,3185.05,3185.4,207,19.6
2026-03-26 14:02:00,3185.4,3186.54,3185.22,3185.48,222,16.2
2026-03-26 14:03:00,3185.48,3185.52,3185.32,3185.49,429,15.2
2026-03-26 14:04:00,3185.49,3185.72,3184.92,3185.32,76,20.8
2026-03-26 14:05:00,3185.32,3185.53,3185.25,3185.5,1492,15.7
2026-03-26 14:06:00,3185.5,3185.97,3185.21,3185.93,432,15.3
2026-03-26 14:07:00,3185.93,3186.38,3185.84,3186.17,307,16.5
2026-03-26 14:08:00,3186.17,3186.2,3185.83,3185.89,379,20.5
2026-03-26 14:09:00,3185.89,3186.07,3185.52,3185.63,163,18.7
2026-03-26 14:10:00,3185.63,3185.8,3185.62,3185.64,76,18.5
2026-03-26 14:11:00,3185.64,3186.63,3185.33,3186.3,204,20.1
2026-03-26 14:12:00,3186.3,3186.42,3186.28,3186.3,421,16.6
2026-03-26 14:13:00,3186.3,3186.54,3185.26,3185.5,291,16.2
2026-03-26 14:14:00,3185.5,3185.64,3184.52,3184.53,115,20.9
2026-03-26 14:15:00,3184.53,3184.76,3184.43,3184.7,85,16.1
2026-03-26 14:16:00,3184.7,3184.7,3184.36,3184.4,228,19.3
2026-03-26 14:17:00,3184.4,3184.7,3183.38,3183.71,351,15.5
2026-03-26 14:18:00,3183.71,3184.02,3183.51,3183.86,403,15.3
2026-03-26 14:19:00,3183.86,3184.0,3183.37,3183.42,441,18.0
2026-03-26 14:20:00,3183.42,3183.43,3183.38,3183.4,192,16.8
2026-03-26 14:21:00,3183.4,3184.72,3182.55,3183.7,424,18.8
2026-03-26 14:22:00,3183.7,3184.26,3182.74,3183.88,342,22.0
2026-03-26 14:23:00,3183.88,3184.4,3183.09,3183.49,177,20.6
2026-03-26 14:24:00,3183.49,3183.79,3183.48,3183.78,111,20.2
2026-03-26 14:25:00,3183.78,3185.24,3183.03,3184.65,124,17.1
2026-03-26 14:26:00,3184.65,3185.24,3184.25,3185.1,442,19.7
2026-03-26 14:27:00,3185.1,3185.66,3185.01,3185.45,132,18.2
2026-03-26 14:28:00,3185.45,3185.74,3185.01,3185.12,177,21.4
2026-03-26 14:29:00,3185.12,3185.28,3185.0,3185.22,139,18.9
2026-03-26 14:30:00,3185.22,3185.34,3184.73,3184.82,255,21.1
2026-03-26 14:31:00,3184.82,3185.51,3184.78,3185.33,267,19.4
2026-03-26 14:32:00,3185.33,3186.89,3185.12,3186.17,222,18.0
2026-03-26 14:33:00,3186.17,3186.63,3185.88,3186.5,225,17.0
2026-03-26 14:34:00,3186.5,3187.32,3186.21,3186.89,286,17.4
2026-03-26 14:35:00,3186.89,3187.68,3186.5,3187.5,160,18.2
2026-03-26 14:36:00,3187.5,3189.89,3186.82,3188.55,96,21.0
2026-03-26 14:37:00,3188.55,3188.7,3188.5,3188.68,109,17.9
2026-03-26 14:38:00,3188.68,3189.22,3188.61,3189.03,447,19.8
2026-03-26 14:39:00,3189.03,3189.57,3188.94,3189.47,214,16.5
2026-03-26 14:40:00,3189.47,3190.48,3189.21,3190.31,358,17.0
2026-03-26 14:41:00,3190.31,3190.33,3190.22,3190.23,253,19.6
2026-03-26 14:42:00,3190.23,3190.9,3190.16,3190.61,321,21.2
2026-03-26 14:43:00,3190.61,3191.29,3190.24,3191.15,189,20.4
2026-03-26 14:44:00,3191.15,3191.56,3190.61,3191.47,121,18.5
2026-03-26 14:45:00,3191.47,3191.55,3191.44,3191.53,142,17.9
2026-03-26 14:46:00,3191.53,3191.83,3189.89,3190.93,153,21.1
2026-03-26 14:47:00,3190.93,3191.18,3190.31,3190.57,120,19.6
2026-03-26 14:48:00,3190.57,3190.61,3190.21,3190.23,216,21.0
2026-03-26 14:49:00,3190.23,3190.55,3190.21,3190.37,337,19.6
2026-03-26 14:50:00,3190.37,3191.3,3189.25,3190.11,174,15.3
2026-03-26 14:51:00,3190.11,3190.87,3189.87,3190.79,421,16.4
2026-03-26 14:52:00,3190.79,3191.5,3190.43,3191.17,435,20.2
2026-03-26 14:53:00,3191.17,3192.1,3191.05,3192.01,237,16.4
2026-03-26 14:54:00,3192.01,3192.54,3191.91,3192.29,406,20.2
2026-03-26 14:55:00,3192.29,3192.72,3192.24,3192.34,403,17.9
2026-03-26 14:56:00,3192.34,3192.83,3190.95,3191.38,222,18.6
2026-03-26 14:57:00,3191.38,3191.72,3191.37,3191.63,420,18.0
2026-03-26 14:58:00,3191.63,3191.73,3191.11,3191.39,75,15.0
2026-03-26 14:59:00,3191.39,3192.2,3191.25,3191.93,234,20.3
2026-03-26 15:00:00,3191.93,3193.34,3191.85,3193.16,429,21.7
2026-03-26 15:01:00,3193.16,3193.84,3193.08,3193.47,88,18.9
2026-03-26 15:02:00,3193.47,3193.8,3192.7,3193.28,363,19.3
2026-03-26 15:03:00,3193.28,3193.32,3193.28,3193.32,396,18.5
2026-03-26 15:04:00,3193.32,3193.51,3193.28,3193.48,139,16.8
2026-03-26 15:05:00,3193.48,3194.73,3193.24,3193.67,345,20.9
2026-03-26 15:06:00,3193.67,3193.95,3193.51,3193.63,448,17.3
2026-03-26 15:07:00,3193.63,3194.34,3191.96,3192.79,139,18.3
2026-03-26 15:08:00,3192.79,3193.36,3192.67,3193.2,390,15.2
2026-03-26 15:09:00,3193.2,3193.63,3193.01,3193.46,112,18.7
2026-03-26 15:10:00,3193.46,3193.77,3192.82,3193.12,980,19.1
2026-03-26 15:11:00,3193.12,3193.32,3193.07,3193.18,84,20.7
2026-03-26 15:12:00,3193.18,3193.84,3192.84,3193.38,444,18.7
2026-03-26 15:13:00,3193.38,3193.93,3193.15,3193.71,1350,20.0
2026-03-26 15:14:00,3193.71,3193.73,3193.37,3193.38,267,17.3
2026-03-26 15:15:00,3193.38,3193.57,3193.1,3193.19,82,17.7
2026-03-26 15:16:00,3193.19,3193.31,3192.84,3192.86,208,15.9
2026-03-26 15:17:00,3192.86,3192.97,3192.83,3192.95,168,19.2
2026-03-26 15:18:00,3192.95,3193.91,3192.93,3193.45,246,18.2
2026-03-26 15:19:00,3193.45,3193.7,3193.15,3193.31,411,17.9
2026-03-26 15:20:00,3193.31,3193.73,3192.42,3192.97,361,18.9
2026-03-26 15:21:00,3192.97,3193.68,3192.78,3193.21,250,15.5
2026-03-26 15:22:00,3193.21,3193.72,3193.1,3193.6,370,20.9
2026-03-26 15:23:00,3193.6,3194.23,3192.14,3192.9,366,16.1
2026-03-26 15:24:00,3192.9,3193.25,3192.43,3193.04,265,18.0
2026-03-26 15:25:00,3193.04,3193.65,3192.99,3193.63,273,21.1
2026-03-26 15:26:00,3193.63,3193.66,3193.46,3193.5,205,15.3
2026-03-26 15:27:00,3193.5,3193.86,3193.19,3193.71,159,15.6
2026-03-26 15:28:00,3193.71,3194.06,3193.65,3193.94,307,18.8
2026-03-26 15:29:00,3193.94,3194.0,3193.92,3193.99,241,17.6
2026-03-26 15:30:00,3193.99,3194.35,3193.98,3194.3,378,15.2
2026-03-26 15:31:00,3194.3,3194.47,3194.11,3194.2,129,16.8
2026-03-26 15:32:00,3194.2,3195.43,3193.46,3194.33,147,19.6
2026-03-26 15:33:00,3194.33,3194.68,3194.24,3194.58,414,19.8
2026-03-26 15:34:00,3194.58,3194.84,3194.49,3194.67,334,15.3
2026-03-26 15:35:00,3194.67,3194.77,3194.28,3194.46,382,18.5
2026-03-26 15:36:00,3194.46,3194.77,3194.37,3194.77,150,15.4
2026-03-26 15:37:00,3194.77,3194.84,3194.67,3194.68,166,18.3
2026-03-26 15:38:00,3194.68,3195.86,3193.83,3194.67,250,18.4
2026-03-26 15:39:00,3194.67,3195.53,3194.27,3194.96,189,18.2
2026-03-26 15:40:00,3194.96,3195.11,3194.57,3194.68,310,21.2
2026-03-26 15:41:00,3194.68,3194.79,3194.26,3194.72,127,21.0
2026-03-26 15:42:00,3194.72,3195.26,3194.5,3195.19,280,16.4
2026-03-26 15:43:00,3195.19,3195.83,3195.11,3195.35,334,20.3
2026-03-26 15:44:00,3195.35,3196.64,3194.9,3195.72,376,15.5
2026-03-26 15:45:00,3195.72,3195.76,3195.7,3195.7,243,15.2
2026-03-26 15:46:00,3195.7,3195.86,3195.4,3195.8,192,15.7
2026-03-26 15:47:00,3195.8,3196.97,3195.52,3196.42,168,18.3
2026-03-26 15:48:00,3196.42,3197.64,3196.15,3197.34,297,16.8
2026-03-26 15:49:00,3197.34,3197.59,3196.87,3197.25,207,15.4
2026-03-26 15:50:00,3197.25,3197.33,3197.09,3197.22,268,15.2
2026-03-26 15:51:00,3197.22,3197.5,3197.07,3197.29,369,18.2
2026-03-26 15:52:00,3197.29,3197.62,3196.72,3197.07,441,21.3
2026-03-26 15:53:00,3197.07,3197.21,3196.68,3197.0,361,20.8
2026-03-26 15:54:00,3197.0,3197.39,3196.88,3197.19,187,19.1
2026-03-26 15:55:00,3197.19,3197.26,3197.03,3197.26,445,18.0
2026-03-26 15:56:00,3197.26,3197.36,3196.91,3197.05,276,17.1
2026-03-26 15:57:00,3197.05,3197.05,3196.79,3196.84,367,18.8
2026-03-26 15:58:00,3196.84,3197.45,3196.4,3197.34,219,19.8
2026-03-26 15:59:00,3197.34,3198.19,3197.13,3198.01,439,15.3
2026-03-26 16:00:00,3198.01,3198.06,3197.77,3197.77,381,15.3
2026-03-26 16:01:00,3197.77,3197.95,3196.79,3196.88,343,19.7
2026-03-26 16:02:00,3196.88,3197.25,3196.84,3197.15,1134,15.3
2026-03-26 16:03:00,3197.15,3197.89,3197.09,3197.67,198,19.1
2026-03-26 16:04:00,3197.67,3198.27,3197.53,3198.21,427,18.4
2026-03-26 16:05:00,3198.21,3198.94,3198.05,3198.66,427,16.4
2026-03-26 16:06:00,3198.66,3199.3,3198.6,3199.11,433,17.5
2026-03-26 16:07:00,3199.11,3199.3,3199.01,3199.14,105,17.4
2026-03-26 16:08:00,3199.14,3200.47,3197.03,3198.97,291,17.9
2026-03-26 16:09:00,3198.97,3199.2,3198.65,3199.04,195,21.5
2026-03-26 16:10:00,3199.04,3199.5,3198.87,3199.42,202,17.9
2026-03-26 16:11:00,3199.42,3200.89,3199.01,3200.13,307,16.3
2026-03-26 16:12:00,3200.13,3200.94,3199.95,3200.89,421,19.2
2026-03-26 16:13:00,3200.89,3202.12,3200.53,3201.38,286,20.9
2026-03-26 16:14:00,3201.38,3201.67,3200.61,3201.07,231,18.4
2026-03-26 16:15:00,3201.07,3201.17,3200.81,3200.82,346,15.6
2026-03-26 16:16:00,3200.82,3201.14,3200.33,3200.98,387,19.0
2026-03-26 16:17:00,3200.98,3201.16,3200.71,3200.98,300,15.6
2026-03-26 16:18:00,3200.98,3201.4,3200.85,3201.32,363,20.4
2026-03-26 16:19:00,3201.32,3201.56,3200.85,3200.86,276,19.0
2026-03-26 16:20:00,3200.86,3200.86,3200.41,3200.86,141,17.4
2026-03-26 16:21:00,3200.86,3201.01,3200.31,3200.57,225,17.9
2026-03-26 16:22:00,3200.57,3201.42,3200.08,3200.99,75,17.0
2026-03-26 16:23:00,3200.99,3201.57,3200.9,3201.37,81,21.2
2026-03-26 16:24:00,3201.37,3201.49,3200.38,3200.78,406,15.9
2026-03-26 16:25:00,3200.78,3200.9,3200.65,3200.78,232,17.7
2026-03-26 16:26:00,3200.78,3200.86,3199.73,3200.39,394,18.9
2026-03-26 16:27:00,3200.39,3201.39,3200.22,3200.89,330,15.0
2026-03-26 16:28:00,3200.89,3201.22,3200.0,3200.16,324,21.8
2026-03-26 16:29:00,3200.16,3200.61,3200.02,3200.12,261,21.1
2026-03-26 16:30:00,3200.12,3200.75,3199.36,3199.93,225,15.2
2026-03-26 16:31:00,3199.93,3200.31,3199.89,3200.29,234,19.6
2026-03-26 16:32:00,3200.29,3200.39,3200.08,3200.16,450,17.3
2026-03-26 16:33:00,3200.16,3200.5,3200.01,3200.03,160,19.3
2026-03-26 16:34:00,3200.03,3200.13,3198.85,3199.38,327,16.5
2026-03-26 16:35:00,3199.38,3199.76,3199.2,3199.37,247,20.0
2026-03-26 16:36:00,3199.37,3199.54,3198.92,3199.15,355,19.1
2026-03-26 16:37:00,3199.15,3199.17,3198.23,3198.58,370,17.6
2026-03-26 16:38:00,3198.58,3199.12,3198.07,3198.59,306,16.1
2026-03-26 16:39:00,3198.59,3198.98,3198.32,3198.78,3384,17.5
2026-03-26 16:40:00,3198.78,3198.91,3198.08,3198.21,232,15.5
2026-03-26 16:41:00,3198.21,3198.52,3197.28,3198.06,127,15.6
2026-03-26 16:42:00,3198.06,3199.23,3197.17,3198.18,223,22.0
2026-03-26 16:43:00,3198.18,3198.81,3197.99,3198.02,403,19.0
2026-03-26 16:44:00,3198.02,3198.48,3197.73,3198.35,147,18.9
2026-03-26 16:45:00,3198.35,3198.52,3198.04,3198.32,406,20.2
2026-03-26 16:46:00,3198.32,3199.48,3198.02,3199.22,205,20.1
2026-03-26 16:47:00,3199.22,3199.25,3199.11,3199.15,342,15.1
2026-03-26 16:48:00,3199.15,3199.35,3198.12,3198.23,438,17.4
2026-03-26 16:49:00,3198.23,3199.5,3198.0,3199.01,147,19.9
2026-03-26 16:50:00,3199.01,3199.08,3198.88,3198.89,319,15.1
2026-03-26 16:51:00,3198.89,3199.81,3198.49,3199.51,264,17.9
2026-03-26 16:52:00,3199.51,3200.0,3199.46,3200.0,421,22.0
2026-03-26 16:53:00,3200.0,3200.1,3199.71,3199.8,78,16.6
2026-03-26 16:54:00,3199.8,3200.01,3199.42,3199.57,159,19.0
2026-03-26 16:55:00,3199.57,3199.79,3199.53,3199.73,418,21.6
2026-03-26 16:56:00,3199.73,3200.32,3199.65,3200.2,2052,17.9
2026-03-26 16:57:00,3200.2,3200.82,3199.27,3199.84,262,19.6
2026-03-26 16:58:00,3199.84,3200.8,3199.6,3200.57,103,17.2
2026-03-26 16:59:00,3200.57,3202.42,3199.68,3201.66,285,20.1
2026-03-26 17:00:00,3201.66,3202.36,3201.63,3201.69,126,26.0
2026-03-26 17:01:00,3201.69,3201.71,3201.6,3201.61,267,26.0
2026-03-26 17:02:00,3201.61,3201.77,3201.44,3201.6,158,23.4
2026-03-26 17:03:00,3201.6,3201.65,3201.26,3201.47,224,29.2
2026-03-26 17:04:00,3201.47,3201.61,3200.98,3201.16,47,23.0
2026-03-26 17:05:00,3201.16,3201.17,3200.96,3201.09,161,22.6
2026-03-26 17:06:00,3201.09,3201.18,3201.01,3201.05,116,24.1
2026-03-26 17:07:00,3201.05,3201.41,3200.92,3201.31,171,24.3
2026-03-26 17:08:00,3201.31,3201.38,3200.78,3200.94,131,22.8
2026-03-26 17:09:00,3200.94,3201.08,3200.91,3201.07,169,26.2
2026-03-26 17:10:00,3201.07,3201.36,3201.05,3201.22,64,27.2
2026-03-26 17:11:00,3201.22,3202.03,3201.21,3201.66,112,26.7
2026-03-26 17:12:00,3201.66,3201.8,3201.63,3201.79,188,26.6
2026-03-26 17:13:00,3201.79,3202.27,3201.56,3202.19,207,28.6
2026-03-26 17:14:00,3202.19,3202.47,3202.19,3202.29,189,25.3
2026-03-26 17:15:00,3202.29,3202.38,3202.24,3202.25,90,23.3
2026-03-26 17:16:00,3202.25,3202.28,3201.82,3201.91,269,28.7
2026-03-26 17:17:00,3201.91,3201.97,3201.49,3201.7,162,23.7
2026-03-26 17:18:00,3201.7,3201.96,3201.65,3201.76,188,23.9
2026-03-26 17:19:00,3201.76,3201.83,3201.66,3201.72,45,28.6
2026-03-26 17:20:00,3201.72,3201.73,3201.52,3201.57,95,24.8
2026-03-26 17:21:00,3201.57,3201.93,3201.41,3201.84,137,28.9
2026-03-26 17:22:00,3201.84,3202.29,3201.67,3202.0,232,25.9
2026-03-26 17:23:00,3202.0,3202.13,3201.96,3202.05,146,26.4
2026-03-26 17:24:00,3202.05,3202.13,3202.03,3202.11,87,25.5
2026-03-26 17:25:00,3202.11,3202.22,3202.1,3202.13,245,28.7
2026-03-26 17:26:00,3202.13,3202.36,3202.09,3202.18,118,24.1
2026-03-26 17:27:00,3202.18,3203.02,3202.07,3202.75,104,29.0
2026-03-26 17:28:00,3202.75,3203.15,3202.59,3203.0,220,22.8
2026-03-26 17:29:00,3203.0,3203.26,3202.67,3202.85,78,25.5
2026-03-26 17:30:00,3202.85,3203.68,3202.47,3203.33,176,24.6
2026-03-26 17:31:00,3203.33,3203.51,3203.28,3203.44,117,27.7
2026-03-26 17:32:00,3203.44,3203.47,3203.07,3203.21,62,25.8
2026-03-26 17:33:00,3203.21,3203.22,3203.18,3203.19,217,25.4
2026-03-26 17:34:00,3203.19,3203.25,3202.86,3202.89,214,29.9
2026-03-26 17:35:00,3202.89,3202.89,3202.58,3202.71,117,22.5
2026-03-26 17:36:00,3202.71,3202.77,3202.53,3202.62,252,25.4
2026-03-26 17:37:00,3202.62,3202.67,3202.57,3202.63,268,23.6
2026-03-26 17:38:00,3202.63,3203.04,3202.51,3202.83,117,23.1
2026-03-26 17:39:00,3202.83,3203.2,3202.43,3202.74,168,29.0
2026-03-26 17:40:00,3202.74,3202.78,3202.16,3202.23,200,28.6
2026-03-26 17:41:00,3202.23,3202.45,3201.83,3201.98,81,29.3
2026-03-26 17:42:00,3201.98,3202.3,3201.51,3202.05,265,27.5
2026-03-26 17:43:00,3202.05,3202.15,3201.74,3202.03,92,25.9
2026-03-26 17:44:00,3202.03,3202.53,3200.79,3201.87,217,24.8
2026-03-26 17:45:00,3201.87,3202.34,3200.99,3201.53,80,23.5
2026-03-26 17:46:00,3201.53,3201.59,3201.4,3201.48,84,26.6
2026-03-26 17:47:00,3201.48,3201.89,3201.39,3201.78,135,27.6
2026-03-26 17:48:00,3201.78,3202.46,3201.75,3202.13,160,23.9
2026-03-26 17:49:00,3202.13,3202.2,3201.79,3202.05,249,24.7
2026-03-26 17:50:00,3202.05,3202.57,3201.86,3202.57,124,23.9
2026-03-26 17:51:00,3202.57,3202.69,3202.55,3202.65,114,22.2
2026-03-26 17:52:00,3202.65,3203.16,3201.63,3202.52,263,22.1
2026-03-26 17:53:00,3202.52,3202.66,3201.98,3202.04,89,25.5
2026-03-26 17:54:00,3202.04,3202.31,3202.02,3202.21,169,27.9
2026-03-26 17:55:00,3202.21,3202.3,3201.63,3201.64,201,26.3
2026-03-26 17:56:00,3201.64,3202.13,3201.48,3202.05,240,29.0
2026-03-26 17:57:00,3202.05,3202.19,3201.08,3201.53,198,25.5
2026-03-26 17:58:00,3201.53,3201.56,3201.27,3201.42,112,23.7
2026-03-26 17:59:00,3201.42,3201.85,3201.41,3201.52,261,22.8
2026-03-26 18:00:00,3201.52,3201.71,3201.41,3201.7,109,29.1
2026-03-26 18:01:00,3201.7,3201.73,3201.62,3201.63,241,27.3
2026-03-26 18:02:00,3201.63,3201.75,3200.49,3201.69,58,23.8
2026-03-26 18:03:00,3201.69,3201.72,3201.34,3201.5,77,27.5
2026-03-26 18:04:00,3201.5,3201.59,3201.42,3201.58,167,24.9
2026-03-26 18:05:00,3201.58,3202.03,3201.45,3201.98,62,25.6
2026-03-26 18:06:00,3201.98,3202.01,3201.61,3201.66,53,22.8
2026-03-26 18:07:00,3201.66,3201.68,3201.26,3201.55,1500,29.9
2026-03-26 18:08:00,3201.55,3201.64,3201.37,3201.54,121,26.7
2026-03-26 18:09:00,3201.54,3201.9,3201.01,3201.08,116,28.6
2026-03-26 18:10:00,3201.08,3201.23,3200.43,3200.61,110,29.7
2026-03-26 18:11:00,3200.61,3201.06,3200.56,3201.04,245,25.8
2026-03-26 18:12:00,3201.04,3201.07,3200.69,3200.77,89,27.5
2026-03-26 18:13:00,3200.77,3200.77,3200.72,3200.75,202,27.9
2026-03-26 18:14:00,3200.75,3200.76,3200.61,3200.67,196,23.4
2026-03-26 18:15:00,3200.67,3200.75,3200.64,3200.68,122,24.8
2026-03-26 18:16:00,3200.68,3200.69,3200.54,3200.61,103,23.8
2026-03-26 18:17:00,3200.61,3200.67,3200.17,3200.29,171,28.1
2026-03-26 18:18:00,3200.29,3200.67,3200.28,3200.58,225,24.3
2026-03-26 18:19:00,3200.58,3200.7,3200.42,3200.62,243,29.7
2026-03-26 18:20:00,3200.62,3200.65,3200.49,3200.52,45,24.8
2026-03-26 18:21:00,3200.52,3200.52,3200.15,3200.22,57,28.5
2026-03-26 18:22:00,3200.22,3200.42,3199.96,3200.32,59,23.8
2026-03-26 18:23:00,3200.32,3200.83,3199.95,3200.28,215,26.8
2026-03-26 18:24:00,3200.28,3200.69,3200.1,3200.44,99,25.9
2026-03-26 18:25:00,3200.44,3200.93,3199.71,3200.38,237,26.0
2026-03-26 18:26:00,3200.38,3200.44,3200.32,3200.41,106,27.1
2026-03-26 18:27:00,3200.41,3200.42,3200.39,3200.39,139,27.9
2026-03-26 18:28:00,3200.39,3200.48,3199.83,3199.9,73,28.6
2026-03-26 18:29:00,3199.9,3200.48,3199.55,3199.83,198,22.4
2026-03-26 18:30:00,3199.83,3199.85,3199.81,3199.83,72,26.0
2026-03-26 18:31:00,3199.83,3199.84,3199.64,3199.66,103,29.3
2026-03-26 18:32:00,3199.66,3199.85,3199.58,3199.69,156,27.5
2026-03-26 18:33:00,3199.69,3199.91,3199.61,3199.86,161,28.8
2026-03-26 18:34:00,3199.86,3199.92,3199.71,3199.86,218,29.3
2026-03-26 18:35:00,3199.86,3199.86,3199.78,3199.8,135,24.4
2026-03-26 18:36:00,3199.8,3200.22,3199.73,3200.05,68,22.5
2026-03-26 18:37:00,3200.05,3200.09,3199.7,3199.87,126,26.5
2026-03-26 18:38:00,3199.87,3200.03,3199.67,3199.81,45,23.1
2026-03-26 18:39:00,3199.81,3199.82,3199.8,3199.82,120,26.6
2026-03-26 18:40:00,3199.82,3199.89,3199.64,3199.68,111,25.5
2026-03-26 18:41:00,3199.68,3199.83,3199.6,3199.76,150,29.5
2026-03-26 18:42:00,3199.76,3200.21,3199.64,3200.18,156,24.1
2026-03-26 18:43:00,3200.18,3200.39,3199.66,3199.74,92,24.1
2026-03-26 18:44:00,3199.74,3199.86,3199.34,3199.38,205,28.1
2026-03-26 18:45:00,3199.38,3199.41,3198.83,3199.04,237,25.2
2026-03-26 18:46:00,3199.04,3199.04,3198.95,3198.98,187,23.9
2026-03-26 18:47:00,3198.98,3199.05,3198.89,3198.91,244,25.9
2026-03-26 18:48:00,3198.91,3198.99,3198.49,3198.61,54,28.8
2026-03-26 18:49:00,3198.61,3198.77,3197.98,3198.24,122,25.3
2026-03-26 18:50:00,3198.24,3198.27,3198.07,3198.15,52,29.6
2026-03-26 18:51:00,3198.15,3198.2,3198.11,3198.14,240,28.2
2026-03-26 18:52:00,3198.14,3198.47,3198.14,3198.38,231,22.8
2026-03-26 18:53:00,3198.38,3198.7,3198.32,3198.6,153,27.4
2026-03-26 18:54:00,3198.6,3198.91,3198.3,3198.54,227,29.3
2026-03-26 18:55:00,3198.54,3198.84,3198.45,3198.66,134,27.3
2026-03-26 18:56:00,3198.66,3198.7,3198.09,3198.26,72,25.7
2026-03-26 18:57:00,3198.26,3198.53,3197.0,3197.8,70,26.3
2026-03-26 18:58:00,3197.8,3199.12,3197.49,3198.59,60,25.1
2026-03-26 18:59:00,3198.59,3198.68,3198.56,3198.64,192,23.1
2026-03-26 19:00:00,3198.64,3198.75,3197.62,3198.12,199,26.1
2026-03-26 19:01:00,3198.12,3198.24,3197.71,3197.79,173,27.0
2026-03-26 19:02:00,3197.79,3198.1,3197.79,3198.0,227,29.0
2026-03-26 19:03:00,3198.0,3198.07,3197.72,3197.87,49,25.6
2026-03-26 19:04:00,3197.87,3198.26,3197.79,3197.93,207,23.0
2026-03-26 19:05:00,3197.93,3197.94,3197.92,3197.92,146,22.8
2026-03-26 19:06:00,3197.92,3197.97,3197.88,3197.89,212,22.4
2026-03-26 19:07:00,3197.89,3198.39,3197.76,3198.33,215,29.8
2026-03-26 19:08:00,3198.33,3198.64,3198.2,3198.43,115,27.9
2026-03-26 19:09:00,3198.43,3198.52,3198.21,3198.41,182,29.4
2026-03-26 19:10:00,3198.41,3198.49,3198.08,3198.19,154,28.9
2026-03-26 19:11:00,3198.19,3198.25,3197.56,3197.76,128,28.5
2026-03-26 19:12:00,3197.76,3198.44,3197.34,3198.03,267,28.7
2026-03-26 19:13:00,3198.03,3198.06,3197.91,3197.92,180,29.6
2026-03-26 19:14:00,3197.92,3198.04,3197.69,3197.92,204,23.1
2026-03-26 19:15:00,3197.92,3198.04,3197.72,3197.74,111,25.7
2026-03-26 19:16:00,3197.74,3197.82,3197.65,3197.67,131,27.6
2026-03-26 19:17:00,3197.67,3197.69,3197.56,3197.61,152,22.5
2026-03-26 19:18:00,3197.61,3198.74,3195.96,3197.77,247,25.8
2026-03-26 19:19:00,3197.77,3197.8,3197.57,3197.73,46,29.9
2026-03-26 19:20:00,3197.73,3197.9,3197.32,3197.42,175,28.4
2026-03-26 19:21:00,3197.42,3197.44,3197.11,3197.34,138,29.3
2026-03-26 19:22:00,3197.34,3197.73,3196.89,3197.16,77,23.1
2026-03-26 19:23:00,3197.16,3197.69,3197.09,3197.4,162,24.5
2026-03-26 19:24:00,3197.4,3197.46,3197.05,3197.31,234,25.4
2026-03-26 19:25:00,3197.31,3197.68,3197.13,3197.62,187,28.5
2026-03-26 19:26:00,3197.62,3197.65,3197.56,3197.59,52,27.5
2026-03-26 19:27:00,3197.59,3197.79,3197.54,3197.75,96,23.5
2026-03-26 19:28:00,3197.75,3197.99,3197.25,3197.63,208,23.1
2026-03-26 19:29:00,3197.63,3197.72,3197.15,3197.42,85,25.5
2026-03-26 19:30:00,3197.42,3197.78,3197.32,3197.55,174,27.0
2026-03-26 19:31:00,3197.55,3197.63,3197.32,3197.34,171,24.7
2026-03-26 19:32:00,3197.34,3197.49,3195.89,3196.71,52,24.9
2026-03-26 19:33:00,3196.71,3196.96,3196.53,3196.77,260,25.6
2026-03-26 19:34:00,3196.77,3196.99,3196.73,3196.94,138,26.5
2026-03-26 19:35:00,3196.94,3197.06,3195.92,3196.14,128,23.0
2026-03-26 19:36:00,3196.14,3196.48,3195.87,3196.45,158,23.3
2026-03-26 19:37:00,3196.45,3197.01,3196.33,3196.83,240,24.1
2026-03-26 19:38:00,3196.83,3197.13,3196.65,3197.08,173,26.4
2026-03-26 19:39:00,3197.08,3197.11,3196.87,3196.89,198,23.2
2026-03-26 19:40:00,3196.89,3197.2,3196.79,3197.03,218,24.9
2026-03-26 19:41:00,3197.03,3197.5,3196.89,3197.34,94,29.6
2026-03-26 19:42:00,3197.34,3197.55,3197.21,3197.5,102,29.8
2026-03-26 19:43:00,3197.5,3197.63,3197.0,3197.25,70,24.7
2026-03-26 19:44:00,3197.25,3197.41,3196.58,3196.93,62,24.2
2026-03-26 19:45:00,3196.93,3197.05,3196.92,3197.02,239,29.5
2026-03-26 19:46:00,3197.02,3197.25,3196.25,3196.75,162,24.1
2026-03-26 19:47:00,3196.75,3197.08,3196.71,3197.01,186,29.9
2026-03-26 19:48:00,3197.01,3197.48,3196.69,3197.21,196,24.2
2026-03-26 19:49:00,3197.21,3197.56,3197.05,3197.26,233,25.6
2026-03-26 19:50:00,3197.26,3197.3,3197.03,3197.04,218,23.0
2026-03-26 19:51:00,3197.04,3197.05,3196.97,3196.99,184,24.0
2026-03-26 19:52:00,3196.99,3197.3,3196.65,3196.66,72,24.6
2026-03-26 19:53:00,3196.66,3196.67,3196.42,3196.55,70,23.5
2026-03-26 19:54:00,3196.55,3197.36,3196.39,3197.06,123,29.1
2026-03-26 19:55:00,3197.06,3197.47,3196.82,3197.18,266,26.1
2026-03-26 19:56:00,3197.18,3197.22,3196.87,3196.92,114,23.9
2026-03-26 19:57:00,3196.92,3197.64,3196.45,3197.02,266,29.1
2026-03-26 19:58:00,3197.02,3197.06,3196.98,3196.99,202,25.4
2026-03-26 19:59:00,3196.99,3197.01,3196.43,3196.82,106,24.8
2026-03-26 20:00:00,3196.82,3196.9,3196.4,3196.79,211,28.6
2026-03-26 20:01:00,3196.79,3196.79,3196.75,3196.79,211,22.6
2026-03-26 20:02:00,3196.79,3196.94,3196.76,3196.81,209,28.0
2026-03-26 20:03:00,3196.81,3197.23,3196.21,3196.59,93,23.0
2026-03-26 20:04:00,3196.59,3196.97,3196.52,3196.71,258,29.8
2026-03-26 20:05:00,3196.71,3196.78,3196.26,3196.39,77,27.4
2026-03-26 20:06:00,3196.39,3196.73,3196.21,3196.63,74,27.7
2026-03-26 20:07:00,3196.63,3199.04,3195.38,3197.52,171,28.8
2026-03-26 20:08:00,3197.52,3197.66,3197.51,3197.64,94,25.1
2026-03-26 20:09:00,3197.64,3197.94,3197.55,3197.89,72,26.5
2026-03-26 20:10:00,3197.89,3198.02,3197.11,3197.31,116,22.1
2026-03-26 20:11:00,3197.31,3197.48,3197.26,3197.35,191,22.3
2026-03-26 20:12:00,3197.35,3197.84,3197.32,3197.55,588,26.2
2026-03-26 20:13:00,3197.55,3197.68,3197.35,3197.42,77,25.1
2026-03-26 20:14:00,3197.42,3197.56,3197.38,3197.54,63,25.5
2026-03-26 20:15:00,3197.54,3197.69,3197.44,3197.56,217,25.8
2026-03-26 20:16:00,3197.56,3197.93,3197.41,3197.76,216,29.7
2026-03-26 20:17:00,3197.76,3198.67,3197.35,3198.15,48,22.3
2026-03-26 20:18:00,3198.15,3198.24,3197.83,3197.88,174,25.6
2026-03-26 20:19:00,3197.88,3198.59,3197.79,3198.32,96,28.9
2026-03-26 20:20:00,3198.32,3198.48,3198.26,3198.37,109,27.3
2026-03-26 20:21:00,3198.37,3199.2,3198.29,3198.55,166,27.0
2026-03-26 20:22:00,3198.55,3198.66,3198.48,3198.59,55,27.3
2026-03-26 20:23:00,3198.59,3198.76,3198.09,3198.14,56,25.4
2026-03-26 20:24:00,3198.14,3198.19,3198.14,3198.17,97,22.8
2026-03-26 20:25:00,3198.17,3198.33,3197.66,3197.83,147,24.0
2026-03-26 20:26:00,3197.83,3198.0,3197.78,3197.9,243,25.8
2026-03-26 20:27:00,3197.9,3198.32,3197.87,3198.04,105,29.5
2026-03-26 20:28:00,3198.04,3198.34,3198.01,3198.23,149,29.1
2026-03-26 20:29:00,3198.23,3198.27,3198.1,3198.14,124,25.6
2026-03-26 20:30:00,3198.14,3198.67,3197.89,3198.27,52,22.8
2026-03-26 20:31:00,3198.27,3198.43,3197.78,3197.92,236,25.0
2026-03-26 20:32:00,3197.92,3197.92,3197.49,3197.84,198,24.4
2026-03-26 20:33:00,3197.84,3197.97,3197.57,3197.68,160,24.6
2026-03-26 20:34:00,3197.68,3197.71,3197.09,3197.3,206,24.5
2026-03-26 20:35:00,3197.3,3197.31,3197.13,3197.22,79,28.6
2026-03-26 20:36:00,3197.22,3197.23,3197.0,3197.07,198,29.5
2026-03-26 20:37:00,3197.07,3198.15,3196.56,3197.33,227,25.8
2026-03-26 20:38:00,3197.33,3197.48,3197.18,3197.24,140,29.9
2026-03-26 20:39:00,3197.24,3197.37,3197.1,3197.29,270,22.6
2026-03-26 20:40:00,3197.29,3197.82,3196.82,3197.69,216,23.1
2026-03-26 20:41:00,3197.69,3197.77,3197.19,3197.27,158,23.8
2026-03-26 20:42:00,3197.27,3197.32,3196.52,3196.81,179,25.4
2026-03-26 20:43:00,3196.81,3197.36,3196.12,3196.68,175,28.6
2026-03-26 20:44:00,3196.68,3197.48,3196.33,3197.4,75,25.8
2026-03-26 20:45:00,3197.4,3197.42,3197.39,3197.41,233,26.4
2026-03-26 20:46:00,3197.41,3197.41,3197.41,3197.41,157,25.3
2026-03-26 20:47:00,3197.41,3197.47,3197.2,3197.45,146,24.7
2026-03-26 20:48:00,3197.45,3198.23,3197.22,3197.86,230,27.6
2026-03-26 20:49:00,3197.86,3198.0,3197.19,3197.66,155,27.0
2026-03-26 20:50:00,3197.66,3198.28,3197.53,3198.04,265,29.2
2026-03-26 20:51:00,3198.04,3198.12,3197.86,3197.88,124,24.8
2026-03-26 20:52:00,3197.88,3198.04,3197.6,3197.62,195,23.0
2026-03-26 20:53:00,3197.62,3198.03,3197.55,3197.84,199,29.3
2026-03-26 20:54:00,3197.84,3198.62,3197.61,3198.52,234,25.9
2026-03-26 20:55:00,3198.52,3198.61,3198.41,3198.6,46,28.4
2026-03-26 20:56:00,3198.6,3198.62,3198.32,3198.32,254,27.2
2026-03-26 20:57:00,3198.32,3198.47,3198.22,3198.3,261,27.0
2026-03-26 20:58:00,3198.3,3198.34,3198.14,3198.2,135,26.6
2026-03-26 20:59:00,3198.2,3198.33,3197.69,3197.99,251,29.8
2026-03-26 21:00:00,3197.99,3198.06,3197.82,3197.85,97,22.7
2026-03-26 21:01:00,3197.85,3197.9,3197.59,3197.79,218,25.4
2026-03-26 21:02:00,3197.79,3198.03,3197.27,3197.67,248,29.4
2026-03-26 21:03:00,3197.67,3197.71,3197.64,3197.64,268,26.3
2026-03-26 21:04:00,3197.64,3197.72,3197.01,3197.13,96,22.7
2026-03-26 21:05:00,3197.13,3197.4,3196.32,3196.92,261,24.4
2026-03-26 21:06:00,3196.92,3197.07,3196.88,3197.03,184,27.4
2026-03-26 21:07:00,3197.03,3197.25,3196.82,3197.2,145,25.2
2026-03-26 21:08:00,3197.2,3197.23,3197.13,3197.19,179,27.6
2026-03-26 21:09:00,3197.19,3197.68,3197.17,3197.38,194,27.0
2026-03-26 21:10:00,3197.38,3197.42,3196.79,3197.2,126,25.1
2026-03-26 21:11:00,3197.2,3198.22,3196.78,3197.55,239,25.1
2026-03-26 21:12:00,3197.55,3197.99,3197.51,3197.71,215,29.0
2026-03-26 21:13:00,3197.71,3198.48,3197.26,3197.9,198,28.1
2026-03-26 21:14:00,3197.9,3197.92,3197.7,3197.84,249,26.8
2026-03-26 21:15:00,3197.84,3197.9,3197.57,3197.7,121,28.4
2026-03-26 21:16:00,3197.7,3198.49,3197.55,3198.16,86,26.1
2026-03-26 21:17:00,3198.16,3198.37,3197.28,3197.87,86,29.4
2026-03-26 21:18:00,3197.87,3198.32,3197.8,3198.22,94,29.5
2026-03-26 21:19:00,3198.22,3198.35,3198.08,3198.3,423,28.6
2026-03-26 21:20:00,3198.3,3198.88,3198.21,3198.49,127,24.0
2026-03-26 21:21:00,3198.49,3198.82,3198.42,3198.78,193,22.7
2026-03-26 21:22:00,3198.78,3199.21,3198.77,3199.11,144,27.8
2026-03-26 21:23:00,3199.11,3199.16,3198.94,3198.97,74,29.3
2026-03-26 21:24:00,3198.97,3199.34,3198.73,3199.33,144,24.6
2026-03-26 21:25:00,3199.33,3199.8,3199.12,3199.47,96,28.3
2026-03-26 21:26:00,3199.47,3199.74,3199.43,3199.65,159,24.9
2026-03-26 21:27:00,3199.65,3200.0,3199.52,3199.86,81,27.8
2026-03-26 21:28:00,3199.86,3200.73,3199.64,3200.37,200,27.3
2026-03-26 21:29:00,3200.37,3200.45,3200.05,3200.19,72,22.3
2026-03-26 21:30:00,3200.19,3200.21,3199.41,3199.71,260,29.6
2026-03-26 21:31:00,3199.71,3200.31,3199.27,3199.73,122,24.5
2026-03-26 21:32:00,3199.73,3199.73,3199.28,3199.28,252,27.2
2026-03-26 21:33:00,3199.28,3199.72,3199.23,3199.47,144,29.1
2026-03-26 21:34:00,3199.47,3199.64,3199.07,3199.24,143,23.7
2026-03-26 21:35:00,3199.24,3199.44,3199.17,3199.34,113,28.6
2026-03-26 21:36:00,3199.34,3199.47,3199.06,3199.16,263,25.5
2026-03-26 21:37:00,3199.16,3199.87,3198.59,3199.5,160,29.2
2026-03-26 21:38:00,3199.5,3199.99,3199.4,3199.93,91,29.4
2026-03-26 21:39:00,3199.93,3200.05,3199.93,3200.01,888,27.1
2026-03-26 21:40:00,3200.01,3201.24,3200.0,3200.85,154,22.0
2026-03-26 21:41:00,3200.85,3200.99,3200.48,3200.58,99,27.1
2026-03-26 21:42:00,3200.58,3200.83,3200.53,3200.79,117,25.3
2026-03-26 21:43:00,3200.79,3201.46,3200.68,3201.21,128,26.9
2026-03-26 21:44:00,3201.21,3201.62,3201.1,3201.51,113,25.5
2026-03-26 21:45:00,3201.51,3201.72,3201.15,3201.31,228,26.8
2026-03-26 21:46:00,3201.31,3201.52,3199.99,3200.83,182,26.3
2026-03-26 21:47:00,3200.83,3200.9,3200.33,3200.4,154,22.5
2026-03-26 21:48:00,3200.4,3200.69,3200.34,3200.66,108,23.9
2026-03-26 21:49:00,3200.66,3201.03,3200.29,3200.34,171,25.6
2026-03-26 21:50:00,3200.34,3200.84,3200.19,3200.72,198,28.7
2026-03-26 21:51:00,3200.72,3201.09,3200.71,3200.89,58,29.8
2026-03-26 21:52:00,3200.89,3201.18,3200.84,3201.06,132,22.1
2026-03-26 21:53:00,3201.06,3201.59,3201.01,3201.54,87,24.9
2026-03-26 21:54:00,3201.54,3201.98,3201.51,3201.68,75,23.0
2026-03-26 21:55:00,3201.68,3202.76,3201.51,3202.27,90,23.9
2026-03-26 21:56:00,3202.27,3202.45,3201.49,3202.1,117,28.3
2026-03-26 21:57:00,3202.1,3202.24,3202.04,3202.12,212,28.6
2026-03-26 21:58:00,3202.12,3202.47,3201.84,3202.12,220,26.8
2026-03-26 21:59:00,3202.12,3202.24,3201.52,3201.63,88,27.1
2026-03-26 22:00:00,3201.63,3201.71,3201.62,3201.68,42,29.5
2026-03-26 22:01:00,3201.68,3201.78,3201.58,3201.69,87,28.5
2026-03-26 22:02:00,3201.69,3201.88,3201.23,3201.5,100,26.0
2026-03-26 22:03:00,3201.5,3201.5,3201.45,3201.49,81,22.4
2026-03-26 22:04:00,3201.49,3201.64,3201.19,3201.46,95,29.6
2026-03-26 22:05:00,3201.46,3201.82,3201.44,3201.66,56,22.7
2026-03-26 22:06:00,3201.66,3201.68,3201.64,3201.64,83,26.1
2026-03-26 22:07:00,3201.64,3201.64,3201.6,3201.6,76,22.6
2026-03-26 22:08:00,3201.6,3201.95,3201.52,3201.77,85,29.7
2026-03-26 22:09:00,3201.77,3202.11,3201.76,3201.97,71,22.7
2026-03-26 22:10:00,3201.97,3202.03,3201.78,3201.87,90,24.4
2026-03-26 22:11:00,3201.87,3202.03,3201.82,3201.96,42,22.0
2026-03-26 22:12:00,3201.96,3202.15,3201.92,3202.12,22,29.6
2026-03-26 22:13:00,3202.12,3202.27,3202.06,3202.24,74,28.4
2026-03-26 22:14:00,3202.24,3202.26,3202.19,3202.2,115,25.1
2026-03-26 22:15:00,3202.2,3202.26,3202.08,3202.14,35,28.9
2026-03-26 22:16:00,3202.14,3202.2,3202.13,3202.17,68,29.8
2026-03-26 22:17:00,3202.17,3202.31,3202.11,3202.31,58,23.9
2026-03-26 22:18:00,3202.31,3202.37,3202.21,3202.27,120,22.3
2026-03-26 22:19:00,3202.27,3202.35,3202.23,3202.34,63,28.2
2026-03-26 22:20:00,3202.34,3202.49,3201.96,3202.11,115,25.3
2026-03-26 22:21:00,3202.11,3202.27,3202.1,3202.2,20,24.8
2026-03-26 22:22:00,3202.2,3202.32,3201.97,3202.06,87,28.0
2026-03-26 22:23:00,3202.06,3202.21,3202.0,3202.09,82,29.8
2026-03-26 22:24:00,3202.09,3202.24,3202.08,3202.21,53,26.4
2026-03-26 22:25:00,3202.21,3202.34,3201.96,3202.1,24,23.2
2026-03-26 22:26:00,3202.1,3202.19,3202.02,3202.18,57,23.2
2026-03-26 22:27:00,3202.18,3202.36,3202.14,3202.34,73,25.7
2026-03-26 22:28:00,3202.34,3202.36,3202.18,3202.24,57,25.4
2026-03-26 22:29:00,3202.24,3202.37,3202.22,3202.36,56,29.8
2026-03-26 22:30:00,3202.36,3202.49,3202.3,3202.42,116,22.3
2026-03-26 22:31:00,3202.42,3202.55,3202.37,3202.47,23,26.7
2026-03-26 22:32:00,3202.47,3202.58,3202.45,3202.54,64,25.1
2026-03-26 22:33:00,3202.54,3202.61,3202.48,3202.61,100,27.9
2026-03-26 22:34:00,3202.61,3202.63,3202.42,3202.44,36,23.7
2026-03-26 22:35:00,3202.44,3202.5,3202.17,3202.2,55,24.6
2026-03-26 22:36:00,3202.2,3202.23,3202.15,3202.16,47,28.1
2026-03-26 22:37:00,3202.16,3202.23,3201.85,3201.95,23,29.0
2026-03-26 22:38:00,3201.95,3201.97,3201.67,3201.77,92,27.8
2026-03-26 22:39:00,3201.77,3202.13,3201.66,3201.99,62,24.2
2026-03-26 22:40:00,3201.99,3202.01,3201.86,3201.91,58,23.3
2026-03-26 22:41:00,3201.91,3201.92,3201.63,3201.75,117,25.5
2026-03-26 22:42:00,3201.75,3201.96,3201.37,3201.66,113,29.7
2026-03-26 22:43:00,3201.66,3201.92,3201.64,3201.86,38,23.8
2026-03-26 22:44:00,3201.86,3201.86,3201.85,3201.85,61,24.9
2026-03-26 22:45:00,3201.85,3201.9,3201.73,3201.76,64,23.2
2026-03-26 22:46:00,3201.76,3201.8,3201.74,3201.75,97,26.0
2026-03-26 22:47:00,3201.75,3202.08,3201.68,3201.91,57,26.7
2026-03-26 22:48:00,3201.91,3201.96,3201.66,3201.78,32,22.5
2026-03-26 22:49:00,3201.78,3201.8,3201.72,3201.78,111,23.9
2026-03-26 22:50:00,3201.78,3201.98,3201.52,3201.95,98,25.1
2026-03-26 22:51:00,3201.95,3201.98,3201.86,3201.88,64,22.7
2026-03-26 22:52:00,3201.88,3201.94,3201.77,3201.86,81,29.7
2026-03-26 22:53:00,3201.86,3201.87,3201.58,3201.67,78,25.3
2026-03-26 22:54:00,3201.67,3201.72,3201.49,3201.53,24,22.9
2026-03-26 22:55:00,3201.53,3201.59,3201.43,3201.52,65,26.0
2026-03-26 22:56:00,3201.52,3201.53,3201.36,3201.43,103,25.1
2026-03-26 22:57:00,3201.43,3201.45,3201.29,3201.36,106,25.3
2026-03-26 22:58:00,3201.36,3201.44,3201.16,3201.19,56,24.2
2026-03-26 22:59:00,3201.19,3201.21,3200.95,3201.08,93,23.2
2026-03-26 23:00:00,3201.08,3201.25,3201.01,3201.14,56,22.7
2026-03-26 23:01:00,3201.14,3201.39,3200.78,3201.01,98,28.7
2026-03-26 23:02:00,3201.01,3201.02,3200.91,3200.93,85,25.8
2026-03-26 23:03:00,3200.93,3200.93,3200.79,3200.8,27,29.2
2026-03-26 23:04:00,3200.8,3200.86,3200.63,3200.65,83,23.5
2026-03-26 23:05:00,3200.65,3200.82,3200.63,3200.78,44,26.2
2026-03-26 23:06:00,3200.78,3200.98,3200.75,3200.88,49,25.3
2026-03-26 23:07:00,3200.88,3201.19,3200.69,3201.02,98,26.9
2026-03-26 23:08:00,3201.02,3201.09,3200.82,3200.88,90,29.8
2026-03-26 23:09:00,3200.88,3200.91,3200.72,3200.82,85,26.6
2026-03-26 23:10:00,3200.82,3201.17,3200.63,3200.95,61,23.3
2026-03-26 23:11:00,3200.95,3201.05,3200.57,3200.72,63,27.7
2026-03-26 23:12:00,3200.72,3200.74,3200.52,3200.54,60,27.2
2026-03-26 23:13:00,3200.54,3200.6,3200.52,3200.55,50,27.7
2026-03-26 23:14:00,3200.55,3200.59,3200.22,3200.27,86,23.7
2026-03-26 23:15:00,3200.27,3200.43,3200.23,3200.42,75,29.8
2026-03-26 23:16:00,3200.42,3200.46,3200.22,3200.31,109,23.3
2026-03-26 23:17:00,3200.31,3200.5,3200.21,3200.38,27,26.0
2026-03-26 23:18:00,3200.38,3200.61,3199.99,3200.18,75,24.2
2026-03-26 23:19:00,3200.18,3200.29,3200.13,3200.15,88,24.9
2026-03-26 23:20:00,3200.15,3200.47,3200.12,3200.33,58,25.4
2026-03-26 23:21:00,3200.33,3200.56,3200.15,3200.36,51,24.3
2026-03-26 23:22:00,3200.36,3200.38,3200.22,3200.34,118,26.0
2026-03-26 23:23:00,3200.34,3200.56,3199.82,3200.13,30,27.1
2026-03-26 23:24:00,3200.13,3200.2,3200.03,3200.04,26,28.2
2026-03-26 23:25:00,3200.04,3200.11,3199.81,3199.95,21,22.3
2026-03-26 23:26:00,3199.95,3200.05,3199.82,3200.03,82,27.7
2026-03-26 23:27:00,3200.03,3200.16,3200.03,3200.08,74,24.8
2026-03-26 23:28:00,3200.08,3200.18,3199.78,3199.96,115,26.4
2026-03-26 23:29:00,3199.96,3199.98,3199.46,3199.84,66,24.3
2026-03-26 23:30:00,3199.84,3199.84,3199.82,3199.84,81,24.2
2026-03-26 23:31:00,3199.84,3200.04,3199.81,3199.9,101,23.2
2026-03-26 23:32:00,3199.9,3199.93,3199.79,3199.81,49,22.1
2026-03-26 23:33:00,3199.81,3199.94,3199.55,3199.68,26,24.6
2026-03-26 23:34:00,3199.68,3199.78,3199.35,3199.5,35,25.7
2026-03-26 23:35:00,3199.5,3199.57,3199.42,3199.54,46,28.6
2026-03-26 23:36:00,3199.54,3199.77,3199.47,3199.65,117,24.4
2026-03-26 23:37:00,3199.65,3199.65,3199.61,3199.63,100,24.4
2026-03-26 23:38:00,3199.63,3199.63,3199.42,3199.48,84,26.8
2026-03-26 23:39:00,3199.48,3199.5,3199.35,3199.44,105,26.6
2026-03-26 23:40:00,3199.44,3199.51,3199.24,3199.31,430,25.8
2026-03-26 23:41:00,3199.31,3199.34,3199.12,3199.16,119,26.4
2026-03-26 23:42:00,3199.16,3199.18,3198.96,3199.1,29,26.6
2026-03-26 23:43:00,3199.1,3199.14,3199.05,3199.08,41,22.6
2026-03-26 23:44:00,3199.08,3199.2,3199.06,3199.16,21,28.4
2026-03-26 23:45:00,3199.16,3199.18,3198.95,3199.08,41,22.7
2026-03-26 23:46:00,3199.08,3199.12,3199.02,3199.08,119,22.1
2026-03-26 23:47:00,3199.08,3199.17,3199.02,3199.14,105,27.5
2026-03-26 23:48:00,3199.14,3199.51,3199.02,3199.46,117,23.8
2026-03-26 23:49:00,3199.46,3199.51,3199.42,3199.47,52,22.8
2026-03-26 23:50:00,3199.47,3199.48,3199.45,3199.45,85,27.9
2026-03-26 23:51:00,3199.45,3199.71,3199.41,3199.65,54,22.2
2026-03-26 23:52:00,3199.65,3199.87,3199.62,3199.73,62,25.5
2026-03-26 23:53:00,3199.73,3199.76,3199.57,3199.6,44,24.9
2026-03-26 23:54:00,3199.6,3199.8,3199.48,3199.67,100,22.2
2026-03-26 23:55:00,3199.67,3199.76,3199.66,3199.73,79,25.8
2026-03-26 23:56:00,3199.73,3199.88,3199.67,3199.77,88,23.5
2026-03-26 23:57:00,3199.77,3199.77,3199.55,3199.59,89,22.4
2026-03-26 23:58:00,3199.59,3199.71,3199.43,3199.58,55,26.9
2026-03-26 23:59:00,3199.58,3199.74,3199.2,3199.49,114,29.9
2026-03-27 00:00:00,3199.49,3199.77,3199.45,3199.64,74,26.5
2026-03-27 00:01:00,3199.64,3199.65,3199.34,3199.36,52,26.5
2026-03-27 00:02:00,3199.36,3199.38,3199.27,3199.32,145,28.6
2026-03-27 00:03:00,3199.32,3199.36,3199.06,3199.21,174,23.2
2026-03-27 00:04:00,3199.21,3199.51,3198.99,3199.11,41,25.7
2026-03-27 00:05:00,3199.11,3199.29,3198.76,3198.91,147,27.2
2026-03-27 00:06:00,3198.91,3199.29,3198.89,3199.18,147,22.9
2026-03-27 00:07:00,3199.18,3199.45,3199.1,3199.44,85,29.9
2026-03-27 00:08:00,3199.44,3199.48,3199.35,3199.36,54,22.9
2026-03-27 00:09:00,3199.36,3199.65,3199.33,3199.51,120,20.6
2026-03-27 00:10:00,3199.51,3199.7,3199.46,3199.66,101,20.8
2026-03-27 00:11:00,3199.66,3199.75,3199.62,3199.66,142,21.0
2026-03-27 00:12:00,3199.66,3199.97,3199.61,3199.89,122,23.9
2026-03-27 00:13:00,3199.89,3200.34,3199.8,3200.17,195,21.0
2026-03-27 00:14:00,3200.17,3200.18,3200.13,3200.14,143,27.8
2026-03-27 00:15:00,3200.14,3200.18,3200.02,3200.1,138,29.3
2026-03-27 00:16:00,3200.1,3200.22,3200.03,3200.15,106,26.3
2026-03-27 00:17:00,3200.15,3200.39,3200.05,3200.17,73,24.3
2026-03-27 00:18:00,3200.17,3200.24,3200.16,3200.24,106,25.6
2026-03-27 00:19:00,3200.24,3200.25,3200.14,3200.18,55,22.8
2026-03-27 00:20:00,3200.18,3200.71,3200.04,3200.51,102,22.2
2026-03-27 00:21:00,3200.51,3200.61,3200.5,3200.54,146,20.9
2026-03-27 00:22:00,3200.54,3200.62,3200.43,3200.44,25,22.4
2026-03-27 00:23:00,3200.44,3200.5,3200.23,3200.24,66,22.1
2026-03-27 00:24:00,3200.24,3200.26,3200.24,3200.26,27,25.6
2026-03-27 00:25:00,3200.26,3200.27,3200.04,3200.19,142,27.9
2026-03-27 00:26:00,3200.19,3200.21,3200.08,3200.08,146,25.0
2026-03-27 00:27:00,3200.08,3200.23,3200.05,3200.1,79,28.8
2026-03-27 00:28:00,3200.1,3200.15,3199.85,3199.91,140,20.9
2026-03-27 00:29:00,3199.91,3199.98,3199.73,3199.79,139,29.3
2026-03-27 00:30:00,3199.79,3200.37,3199.63,3200.34,50,20.3
2026-03-27 00:31:00,3200.34,3200.65,3200.1,3200.32,99,21.2
2026-03-27 00:32:00,3200.32,3200.38,3199.75,3200.13,48,21.4
2026-03-27 00:33:00,3200.13,3200.13,3200.07,3200.09,131,24.9
2026-03-27 00:34:00,3200.09,3200.47,3200.04,3200.44,39,28.5
2026-03-27 00:35:00,3200.44,3200.47,3200.35,3200.38,115,22.6
2026-03-27 00:36:00,3200.38,3200.5,3200.32,3200.36,125,21.4
2026-03-27 00:37:00,3200.36,3200.57,3200.31,3200.57,29,29.0
2026-03-27 00:38:00,3200.57,3200.63,3200.44,3200.55,103,22.4
2026-03-27 00:39:00,3200.55,3201.0,3200.1,3200.61,42,23.4
2026-03-27 00:40:00,3200.61,3200.85,3200.48,3200.48,123,28.5
2026-03-27 00:41:00,3200.48,3201.15,3200.32,3200.85,102,23.6
2026-03-27 00:42:00,3200.85,3201.05,3200.76,3200.92,69,27.1
2026-03-27 00:43:00,3200.92,3201.12,3200.74,3201.1,125,22.2
2026-03-27 00:44:00,3201.1,3201.16,3201.08,3201.14,55,21.3
2026-03-27 00:45:00,3201.14,3201.22,3201.13,3201.21,122,20.5
2026-03-27 00:46:00,3201.21,3201.23,3201.1,3201.16,61,21.8
2026-03-27 00:47:00,3201.16,3201.56,3201.06,3201.54,48,28.8
2026-03-27 00:48:00,3201.54,3201.76,3201.47,3201.68,135,21.7
2026-03-27 00:49:00,3201.68,3201.87,3201.59,3201.69,51,20.6
2026-03-27 00:50:00,3201.69,3201.73,3201.56,3201.67,147,28.3
2026-03-27 00:51:00,3201.67,3201.68,3201.64,3201.67,79,24.8
2026-03-27 00:52:00,3201.67,3201.7,3201.65,3201.7,101,27.4
2026-03-27 00:53:00,3201.7,3201.83,3201.66,3201.81,132,20.7
2026-03-27 00:54:00,3201.81,3201.87,3201.63,3201.63,81,22.7
2026-03-27 00:55:00,3201.63,3201.71,3201.47,3201.5,40,29.8
2026-03-27 00:56:00,3201.5,3201.56,3201.2,3201.26,71,27.9
2026-03-27 00:57:00,3201.26,3201.59,3201.26,3201.31,66,20.3
2026-03-27 00:58:00,3201.31,3201.43,3200.97,3201.13,95,29.2
2026-03-27 00:59:00,3201.13,3201.44,3200.99,3201.43,47,26.7
2026-03-27 01:00:00,3201.43,3201.46,3201.0,3201.28,60,27.5
2026-03-27 01:01:00,3201.28,3201.29,3201.19,3201.24,87,25.9
2026-03-27 01:02:00,3201.24,3201.37,3201.07,3201.35,128,22.2
2026-03-27 01:03:00,3201.35,3201.4,3201.34,3201.38,78,22.2
2026-03-27 01:04:00,3201.38,3201.47,3201.19,3201.22,37,24.9
2026-03-27 01:05:00,3201.22,3201.37,3200.76,3201.03,148,29.9
2026-03-27 01:06:00,3201.03,3201.12,3200.96,3201.04,57,23.4
2026-03-27 01:07:00,3201.04,3201.23,3200.98,3201.21,124,22.3
2026-03-27 01:08:00,3201.21,3201.29,3201.05,3201.12,137,24.9
2026-03-27 01:09:00,3201.12,3201.31,3200.93,3201.02,86,20.1
2026-03-27 01:10:00,3201.02,3201.21,3200.9,3201.05,96,21.0
2026-03-27 01:11:00,3201.05,3201.18,3201.01,3201.13,32,24.8
2026-03-27 01:12:00,3201.13,3201.26,3201.02,3201.21,74,29.5
2026-03-27 01:13:00,3201.21,3201.23,3201.01,3201.01,82,29.4
2026-03-27 01:14:00,3201.01,3201.04,3200.94,3200.99,102,29.1
2026-03-27 01:15:00,3200.99,3201.09,3200.92,3200.92,150,22.3
2026-03-27 01:16:00,3200.92,3201.04,3200.67,3200.91,144,25.7
2026-03-27 01:17:00,3200.91,3201.05,3200.53,3200.62,120,22.8
2026-03-27 01:18:00,3200.62,3200.93,3200.61,3200.81,65,25.4
2026-03-27 01:19:00,3200.81,3201.07,3200.67,3200.9,142,29.3
2026-03-27 01:20:00,3200.9,3200.9,3200.25,3200.8,31,26.9
2026-03-27 01:21:00,3200.8,3200.97,3200.71,3200.92,111,23.9
2026-03-27 01:22:00,3200.92,3201.06,3200.91,3201.01,29,29.2
2026-03-27 01:23:00,3201.01,3201.01,3201.0,3201.0,34,26.3
2026-03-27 01:24:00,3201.0,3201.01,3200.88,3200.95,26,27.8
2026-03-27 01:25:00,3200.95,3201.13,3200.94,3201.09,70,22.9
2026-03-27 01:26:00,3201.09,3201.19,3200.85,3200.96,46,24.6
2026-03-27 01:27:00,3200.96,3201.28,3200.45,3200.92,135,20.2
2026-03-27 01:28:00,3200.92,3200.93,3200.83,3200.83,85,24.2
2026-03-27 01:29:00,3200.83,3200.98,3200.82,3200.95,139,27.4
2026-03-27 01:30:00,3200.95,3201.01,3200.78,3200.79,97,28.1
2026-03-27 01:31:00,3200.79,3200.98,3200.79,3200.95,136,20.2
2026-03-27 01:32:00,3200.95,3201.03,3200.87,3200.94,127,28.5
2026-03-27 01:33:00,3200.94,3201.02,3200.76,3200.81,123,27.7
2026-03-27 01:34:00,3200.81,3201.3,3200.71,3201.15,40,21.0
2026-03-27 01:35:00,3201.15,3201.24,3201.13,3201.23,37,24.0
2026-03-27 01:36:00,3201.23,3201.25,3201.06,3201.16,89,22.5
2026-03-27 01:37:00,3201.16,3201.31,3201.1,3201.28,94,27.6
2026-03-27 01:38:00,3201.28,3201.54,3201.09,3201.3,105,25.1
2026-03-27 01:39:00,3201.3,3201.36,3200.83,3200.98,116,29.4
2026-03-27 01:40:00,3200.98,3201.17,3200.96,3200.99,134,27.1
2026-03-27 01:41:00,3200.99,3201.4,3200.45,3200.8,64,28.3
2026-03-27 01:42:00,3200.8,3201.01,3200.61,3200.7,76,20.0
2026-03-27 01:43:00,3200.7,3200.79,3200.49,3200.55,119,29.7
2026-03-27 01:44:00,3200.55,3200.58,3200.25,3200.32,106,25.0
2026-03-27 01:45:00,3200.32,3200.51,3200.09,3200.22,51,24.8
2026-03-27 01:46:00,3200.22,3200.25,3200.14,3200.2,83,20.5
2026-03-27 01:47:00,3200.2,3200.57,3200.12,3200.47,128,21.3
2026-03-27 01:48:00,3200.47,3200.71,3200.45,3200.69,49,24.3
2026-03-27 01:49:00,3200.69,3200.71,3200.4,3200.58,108,21.6
2026-03-27 01:50:00,3200.58,3200.81,3200.19,3200.38,70,21.1
2026-03-27 01:51:00,3200.38,3200.44,3200.34,3200.43,133,28.6
2026-03-27 01:52:00,3200.43,3200.59,3200.32,3200.48,87,27.3
2026-03-27 01:53:00,3200.48,3200.84,3200.37,3200.77,142,23.0
2026-03-27 01:54:00,3200.77,3201.18,3200.5,3201.01,42,21.1
2026-03-27 01:55:00,3201.01,3201.2,3200.95,3201.04,148,30.0
2026-03-27 01:56:00,3201.04,3201.45,3200.94,3201.29,83,26.2
2026-03-27 01:57:00,3201.29,3201.39,3201.26,3201.33,146,21.3
2026-03-27 01:58:00,3201.33,3201.47,3201.0,3201.17,74,29.3
2026-03-27 01:59:00,3201.17,3201.2,3200.95,3201.11,113,29.4
2026-03-27 02:00:00,3201.11,3201.13,3200.95,3200.97,52,21.8
2026-03-27 02:01:00,3200.97,3201.11,3200.44,3200.54,92,26.9
2026-03-27 02:02:00,3200.54,3200.65,3200.5,3200.6,32,27.0
2026-03-27 02:03:00,3200.6,3201.32,3200.12,3200.7,119,25.6
2026-03-27 02:04:00,3200.7,3200.72,3200.64,3200.69,28,29.8
2026-03-27 02:05:00,3200.69,3200.74,3200.62,3200.65,94,21.9
2026-03-27 02:06:00,3200.65,3200.76,3200.15,3200.42,32,29.0
2026-03-27 02:07:00,3200.42,3200.43,3200.2,3200.25,86,26.0
2026-03-27 02:08:00,3200.25,3200.26,3200.13,3200.2,97,27.8
2026-03-27 02:09:00,3200.2,3200.28,3200.04,3200.09,67,25.9
2026-03-27 02:10:00,3200.09,3200.14,3199.98,3200.0,102,28.4
2026-03-27 02:11:00,3200.0,3200.02,3199.95,3200.01,43,24.3
2026-03-27 02:12:00,3200.01,3200.26,3199.95,3200.18,130,24.8
2026-03-27 02:13:00,3200.18,3200.27,3200.17,3200.23,47,20.2
2026-03-27 02:14:00,3200.23,3200.44,3200.21,3200.29,25,24.3
2026-03-27 02:15:00,3200.29,3200.33,3200.11,3200.21,40,23.8
2026-03-27 02:16:00,3200.21,3200.22,3200.06,3200.09,38,26.9
2026-03-27 02:17:00,3200.09,3200.62,3199.83,3200.03,142,25.5
2026-03-27 02:18:00,3200.03,3200.26,3200.02,3200.24,129,23.5
2026-03-27 02:19:00,3200.24,3200.58,3199.92,3200.21,80,29.8
2026-03-27 02:20:00,3200.21,3200.31,3200.12,3200.2,111,26.5
2026-03-27 02:21:00,3200.2,3200.55,3199.96,3200.3,61,24.8
2026-03-27 02:22:00,3200.3,3200.34,3200.14,3200.26,105,25.3
2026-03-27 02:23:00,3200.26,3200.43,3200.22,3200.37,136,20.5
2026-03-27 02:24:00,3200.37,3200.38,3200.33,3200.34,45,27.9
2026-03-27 02:25:00,3200.34,3200.35,3200.24,3200.28,104,29.5
2026-03-27 02:26:00,3200.28,3200.54,3200.24,3200.39,84,22.8
2026-03-27 02:27:00,3200.39,3200.54,3200.08,3200.21,138,29.5
2026-03-27 02:28:00,3200.21,3200.25,3200.04,3200.11,134,25.1
2026-03-27 02:29:00,3200.11,3200.14,3199.91,3199.93,125,24.4
2026-03-27 02:30:00,3199.93,3200.13,3199.85,3200.04,46,29.2
2026-03-27 02:31:00,3200.04,3200.29,3199.97,3200.1,120,28.7
2026-03-27 02:32:00,3200.1,3200.11,3200.0,3200.03,58,27.4
2026-03-27 02:33:00,3200.03,3200.04,3200.03,3200.04,101,29.0
2026-03-27 02:34:00,3200.04,3200.07,3200.03,3200.06,81,22.8
2026-03-27 02:35:00,3200.06,3200.09,3199.87,3199.94,28,21.0
2026-03-27 02:36:00,3199.94,3199.97,3199.93,3199.95,90,22.1
2026-03-27 02:37:00,3199.95,3200.28,3199.93,3200.0,53,24.0
2026-03-27 02:38:00,3200.0,3200.35,3199.77,3199.96,49,26.9
2026-03-27 02:39:00,3199.96,3200.07,3199.59,3199.72,162,29.5
2026-03-27 02:40:00,3199.72,3199.82,3199.42,3199.55,131,27.1
2026-03-27 02:41:00,3199.55,3199.58,3198.73,3199.05,25,28.1
2026-03-27 02:42:00,3199.05,3199.08,3198.99,3199.03,103,28.8
2026-03-27 02:43:00,3199.03,3199.16,3198.99,3199.11,26,29.2
2026-03-27 02:44:00,3199.11,3199.19,3199.09,3199.15,76,24.2
2026-03-27 02:45:00,3199.15,3199.29,3199.07,3199.28,56,29.2
2026-03-27 02:46:00,3199.28,3199.48,3199.25,3199.42,28,27.2
2026-03-27 02:47:00,3199.42,3199.43,3199.04,3199.18,120,20.3
2026-03-27 02:48:00,3199.18,3199.67,3199.0,3199.44,129,20.7
2026-03-27 02:49:00,3199.44,3199.96,3199.18,3199.67,49,20.6
2026-03-27 02:50:00,3199.67,3199.85,3199.48,3199.62,78,27.0
2026-03-27 02:51:00,3199.62,3200.38,3199.49,3199.95,44,23.3
2026-03-27 02:52:00,3199.95,3200.06,3199.91,3200.0,74,23.5
2026-03-27 02:53:00,3200.0,3200.09,3199.74,3199.92,124,22.6
2026-03-27 02:54:00,3199.92,3200.14,3199.76,3200.1,38,24.9
2026-03-27 02:55:00,3200.1,3200.23,3199.76,3199.85,72,23.0
2026-03-27 02:56:00,3199.85,3200.1,3199.65,3200.0,30,20.2
2026-03-27 02:57:00,3200.0,3200.16,3199.83,3200.08,138,24.0
2026-03-27 02:58:00,3200.08,3200.16,3199.94,3199.99,149,22.7
2026-03-27 02:59:00,3199.99,3200.47,3199.84,3200.3,92,27.7
2026-03-27 03:00:00,3200.3,3200.39,3200.17,3200.33,109,27.0
2026-03-27 03:01:00,3200.33,3200.35,3200.24,3200.28,146,27.7
2026-03-27 03:02:00,3200.28,3200.45,3200.26,3200.31,44,20.4
2026-03-27 03:03:00,3200.31,3200.39,3200.27,3200.35,81,29.3
2026-03-27 03:04:00,3200.35,3200.39,3199.95,3200.03,110,20.4
2026-03-27 03:05:00,3200.03,3200.09,3199.88,3199.95,38,26.0
2026-03-27 03:06:00,3199.95,3200.07,3199.92,3200.07,640,23.1
2026-03-27 03:07:00,3200.07,3200.28,3200.06,3200.18,120,28.3
2026-03-27 03:08:00,3200.18,3200.49,3200.13,3200.44,72,20.1
2026-03-27 03:09:00,3200.44,3200.51,3200.15,3200.24,127,24.4
2026-03-27 03:10:00,3200.24,3200.45,3200.22,3200.29,122,24.3
2026-03-27 03:11:00,3200.29,3200.34,3200.26,3200.33,100,25.9
2026-03-27 03:12:00,3200.33,3200.7,3200.22,3200.53,50,21.1
2026-03-27 03:13:00,3200.53,3200.97,3200.28,3200.83,139,28.3
2026-03-27 03:14:00,3200.83,3201.02,3200.81,3200.95,61,25.8
2026-03-27 03:15:00,3200.95,3201.36,3200.75,3201.17,135,26.3
2026-03-27 03:16:00,3201.17,3201.31,3201.11,3201.13,52,20.9
2026-03-27 03:17:00,3201.13,3201.26,3200.99,3201.04,87,27.4
2026-03-27 03:18:00,3201.04,3201.33,3200.93,3201.18,75,20.4
2026-03-27 03:19:00,3201.18,3201.26,3201.16,3201.24,70,24.6
2026-03-27 03:20:00,3201.24,3201.45,3201.01,3201.17,77,26.2
2026-03-27 03:21:00,3201.17,3201.66,3201.02,3201.3,75,25.7
2026-03-27 03:22:00,3201.3,3201.35,3200.81,3200.97,73,27.5
2026-03-27 03:23:00,3200.97,3201.26,3200.95,3201.25,66,21.9
2026-03-27 03:24:00,3201.25,3201.58,3201.17,3201.41,103,23.6
2026-03-27 03:25:00,3201.41,3201.46,3200.69,3200.96,108,28.0
2026-03-27 03:26:00,3200.96,3201.48,3200.86,3201.19,40,25.0
2026-03-27 03:27:00,3201.19,3201.44,3201.14,3201.35,62,29.8
2026-03-27 03:28:00,3201.35,3201.64,3201.25,3201.45,147,29.9
2026-03-27 03:29:00,3201.45,3201.47,3201.35,3201.43,132,20.1
2026-03-27 03:30:00,3201.43,3201.57,3201.1,3201.37,74,24.1
2026-03-27 03:31:00,3201.37,3201.46,3201.01,3201.17,25,28.6
2026-03-27 03:32:00,3201.17,3201.23,3200.97,3201.13,56,24.7
2026-03-27 03:33:00,3201.13,3201.14,3201.07,3201.09,45,24.7
2026-03-27 03:34:00,3201.09,3201.19,3200.73,3200.73,142,24.3
2026-03-27 03:35:00,3200.73,3201.51,3200.55,3201.11,146,20.5
2026-03-27 03:36:00,3201.11,3201.19,3201.01,3201.08,48,24.9
2026-03-27 03:37:00,3201.08,3201.18,3201.06,3201.17,25,20.2
2026-03-27 03:38:00,3201.17,3201.3,3201.11,3201.17,65,23.4
2026-03-27 03:39:00,3201.17,3201.2,3201.17,3201.19,35,29.0
2026-03-27 03:40:00,3201.19,3201.37,3200.48,3200.97,40,24.4
2026-03-27 03:41:00,3200.97,3200.98,3200.83,3200.95,59,28.7
2026-03-27 03:42:00,3200.95,3200.95,3200.93,3200.94,650,20.2
2026-03-27 03:43:00,3200.94,3200.97,3200.54,3200.66,33,26.3
2026-03-27 03:44:00,3200.66,3200.79,3200.57,3200.74,104,25.8
2026-03-27 03:45:00,3200.74,3200.85,3200.57,3200.66,82,27.7
2026-03-27 03:46:00,3200.66,3200.88,3200.52,3200.6,51,24.7
2026-03-27 03:47:00,3200.6,3200.61,3200.53,3200.54,30,23.8
2026-03-27 03:48:00,3200.54,3200.67,3200.49,3200.65,103,21.5
2026-03-27 03:49:00,3200.65,3200.79,3200.24,3200.37,139,26.5
2026-03-27 03:50:00,3200.37,3200.47,3200.33,3200.44,49,25.8
2026-03-27 03:51:00,3200.44,3200.51,3200.05,3200.3,149,23.1
2026-03-27 03:52:00,3200.3,3200.4,3199.95,3200.05,38,23.7
2026-03-27 03:53:00,3200.05,3200.19,3199.99,3200.14,93,23.8
2026-03-27 03:54:00,3200.14,3200.22,3199.87,3199.96,41,25.5
2026-03-27 03:55:00,3199.96,3200.0,3199.74,3199.95,113,22.8
2026-03-27 03:56:00,3199.95,3199.99,3199.91,3199.93,103,26.3
2026-03-27 03:57:00,3199.93,3200.17,3199.93,3200.12,64,26.6
2026-03-27 03:58:00,3200.12,3200.45,3200.12,3200.39,88,28.4
2026-03-27 03:59:00,3200.39,3200.49,3200.06,3200.19,89,23.9
2026-03-27 04:00:00,3200.19,3200.29,3200.17,3200.22,92,29.5
2026-03-27 04:01:00,3200.22,3200.52,3200.19,3200.36,138,25.5
2026-03-27 04:02:00,3200.36,3200.97,3200.18,3200.53,88,25.6
2026-03-27 04:03:00,3200.53,3200.57,3200.48,3200.54,42,26.9
2026-03-27 04:04:00,3200.54,3200.7,3200.14,3200.34,76,25.6
2026-03-27 04:05:00,3200.34,3200.45,3199.87,3200.06,137,29.3
2026-03-27 04:06:00,3200.06,3200.22,3199.8,3200.01,89,29.5
2026-03-27 04:07:00,3200.01,3200.05,3199.81,3199.99,64,25.2
2026-03-27 04:08:00,3199.99,3200.12,3199.99,3200.07,94,21.6
2026-03-27 04:09:00,3200.07,3200.27,3200.03,3200.24,110,26.8
2026-03-27 04:10:00,3200.24,3200.38,3200.23,3200.37,52,27.9
2026-03-27 04:11:00,3200.37,3200.48,3200.28,3200.34,117,27.2
2026-03-27 04:12:00,3200.34,3200.55,3200.29,3200.5,139,29.1
2026-03-27 04:13:00,3200.5,3200.54,3200.43,3200.45,73,22.5
2026-03-27 04:14:00,3200.45,3200.45,3200.41,3200.41,89,24.6
2026-03-27 04:15:00,3200.41,3200.48,3200.27,3200.3,65,24.2
2026-03-27 04:16:00,3200.3,3200.37,3200.01,3200.09,117,26.1
2026-03-27 04:17:00,3200.09,3200.12,3199.88,3199.96,107,28.4
2026-03-27 04:18:00,3199.96,3200.05,3199.93,3200.01,92,27.1
2026-03-27 04:19:00,3200.01,3200.12,3199.46,3199.85,87,22.9
2026-03-27 04:20:00,3199.85,3199.85,3199.81,3199.84,149,26.4
2026-03-27 04:21:00,3199.84,3200.15,3199.82,3200.06,86,28.4
2026-03-27 04:22:00,3200.06,3200.17,3199.85,3200.01,82,22.8
2026-03-27 04:23:00,3200.01,3200.09,3199.81,3199.87,80,28.1
2026-03-27 04:24:00,3199.87,3200.03,3199.77,3199.99,57,25.3
2026-03-27 04:25:00,3199.99,3200.06,3199.58,3199.66,74,27.6
2026-03-27 04:26:00,3199.66,3199.69,3199.52,3199.57,65,26.0
2026-03-27 04:27:00,3199.57,3199.6,3199.3,3199.38,79,26.6
2026-03-27 04:28:00,3199.38,3199.56,3198.79,3199.44,78,21.7
2026-03-27 04:29:00,3199.44,3199.59,3199.4,3199.59,124,22.7
2026-03-27 04:30:00,3199.59,3199.93,3199.37,3199.68,92,22.3
2026-03-27 04:31:00,3199.68,3199.88,3199.65,3199.86,121,22.4
2026-03-27 04:32:00,3199.86,3200.0,3199.81,3199.95,48,23.9
2026-03-27 04:33:00,3199.95,3200.14,3199.77,3200.1,72,28.9
2026-03-27 04:34:00,3200.1,3200.48,3200.09,3200.39,64,26.4
2026-03-27 04:35:00,3200.39,3200.52,3200.34,3200.46,25,25.8
2026-03-27 04:36:00,3200.46,3200.53,3200.34,3200.42,106,20.3
2026-03-27 04:37:00,3200.42,3200.45,3200.21,3200.31,97,25.9
2026-03-27 04:38:00,3200.31,3200.42,3200.27,3200.35,66,20.8
2026-03-27 04:39:00,3200.35,3200.43,3200.32,3200.34,85,29.4
2026-03-27 04:40:00,3200.34,3200.46,3200.29,3200.36,122,28.7
2026-03-27 04:41:00,3200.36,3200.56,3200.17,3200.27,130,21.6
2026-03-27 04:42:00,3200.27,3200.42,3199.73,3200.15,50,23.4
2026-03-27 04:43:00,3200.15,3200.16,3199.83,3199.95,72,27.7
2026-03-27 04:44:00,3199.95,3199.96,3199.72,3199.85,110,29.0
2026-03-27 04:45:00,3199.85,3200.05,3199.76,3199.79,110,29.1
2026-03-27 04:46:00,3199.79,3199.8,3199.75,3199.75,83,20.0
2026-03-27 04:47:00,3199.75,3199.77,3199.69,3199.72,64,29.1
2026-03-27 04:48:00,3199.72,3199.83,3199.6,3199.76,149,24.1
2026-03-27 04:49:00,3199.76,3199.93,3199.75,3199.82,539,25.0
2026-03-27 04:50:00,3199.82,3200.02,3199.38,3199.63,93,23.7
2026-03-27 04:51:00,3199.63,3199.76,3199.42,3199.51,65,23.4
2026-03-27 04:52:00,3199.51,3199.88,3199.48,3199.67,126,27.4
2026-03-27 04:53:00,3199.67,3199.74,3199.62,3199.7,128,27.4
2026-03-27 04:54:00,3199.7,3199.9,3199.66,3199.86,42,24.0
2026-03-27 04:55:00,3199.86,3199.91,3199.52,3199.71,54,25.0
2026-03-27 04:56:00,3199.71,3199.83,3199.68,3199.79,142,27.2
2026-03-27 04:57:00,3199.79,3200.13,3199.78,3199.91,134,26.9
2026-03-27 04:58:00,3199.91,3200.17,3199.74,3199.99,86,29.4
2026-03-27 04:59:00,3199.99,3200.21,3199.88,3200.09,62,28.7
2026-03-27 05:00:00,3200.09,3200.3,3199.84,3199.85,101,28.0
2026-03-27 05:01:00,3199.85,3199.91,3199.82,3199.9,99,25.6
2026-03-27 05:02:00,3199.9,3199.9,3199.76,3199.78,69,20.7
2026-03-27 05:03:00,3199.78,3199.98,3199.42,3199.66,48,24.7
2026-03-27 05:04:00,3199.66,3199.9,3199.65,3199.81,123,25.9
2026-03-27 05:05:00,3199.81,3199.83,3199.68,3199.75,139,25.3
2026-03-27 05:06:00,3199.75,3199.78,3199.36,3199.41,32,29.6
2026-03-27 05:07:00,3199.41,3199.52,3198.88,3198.96,108,24.7
2026-03-27 05:08:00,3198.96,3198.99,3198.74,3198.9,94,29.4
2026-03-27 05:09:00,3198.9,3199.0,3198.9,3198.97,85,26.6
2026-03-27 05:10:00,3198.97,3198.99,3198.93,3198.95,48,26.9
2026-03-27 05:11:00,3198.95,3198.99,3198.81,3198.82,57,26.4
2026-03-27 05:12:00,3198.82,3198.97,3198.42,3198.57,87,25.0
2026-03-27 05:13:00,3198.57,3198.63,3198.31,3198.44,702,28.6
2026-03-27 05:14:00,3198.44,3198.46,3198.26,3198.3,109,29.3
2026-03-27 05:15:00,3198.3,3198.32,3198.28,3198.3,25,28.8
2026-03-27 05:16:00,3198.3,3198.37,3198.02,3198.13,126,25.0
2026-03-27 05:17:00,3198.13,3198.21,3197.99,3198.05,109,26.4
2026-03-27 05:18:00,3198.05,3198.18,3197.82,3197.86,97,27.0
2026-03-27 05:19:00,3197.86,3197.89,3197.61,3197.63,111,28.1
2026-03-27 05:20:00,3197.63,3197.69,3197.52,3197.6,44,25.5
2026-03-27 05:21:00,3197.6,3197.75,3197.59,3197.71,127,24.0
2026-03-27 05:22:00,3197.71,3197.79,3197.44,3197.49,127,21.0
2026-03-27 05:23:00,3197.49,3197.5,3197.2,3197.31,119,27.4
2026-03-27 05:24:00,3197.31,3197.58,3197.3,3197.44,110,29.6
2026-03-27 05:25:00,3197.44,3197.57,3197.36,3197.47,103,23.0
2026-03-27 05:26:00,3197.47,3197.52,3197.37,3197.5,127,27.5
2026-03-27 05:27:00,3197.5,3197.56,3197.21,3197.33,123,20.4
2026-03-27 05:28:00,3197.33,3197.69,3197.31,3197.46,25,28.9
2026-03-27 05:29:00,3197.46,3197.55,3196.86,3197.3,31,26.4
2026-03-27 05:30:00,3197.3,3197.45,3197.27,3197.41,131,27.9
2026-03-27 05:31:00,3197.41,3197.74,3197.37,3197.64,98,29.9
2026-03-27 05:32:00,3197.64,3197.71,3197.5,3197.6,124,26.8
2026-03-27 05:33:00,3197.6,3197.7,3197.23,3197.3,36,24.0
2026-03-27 05:34:00,3197.3,3197.55,3197.28,3197.4,109,28.8
2026-03-27 05:35:00,3197.4,3197.68,3197.36,3197.54,108,23.3
2026-03-27 05:36:00,3197.54,3197.57,3197.54,3197.55,59,26.5
2026-03-27 05:37:00,3197.55,3198.35,3197.23,3197.85,47,26.8
2026-03-27 05:38:00,3197.85,3198.0,3197.77,3197.88,123,26.7
2026-03-27 05:39:00,3197.88,3197.92,3197.86,3197.91,54,29.4
2026-03-27 05:40:00,3197.91,3197.93,3197.81,3197.84,44,24.1
2026-03-27 05:41:00,3197.84,3198.07,3197.83,3198.07,108,26.5
2026-03-27 05:42:00,3198.07,3198.34,3197.94,3198.28,72,24.5
2026-03-27 05:43:00,3198.28,3198.33,3198.27,3198.32,83,29.5
2026-03-27 05:44:00,3198.32,3198.62,3198.29,3198.59,25,28.0
2026-03-27 05:45:00,3198.59,3198.61,3198.57,3198.58,73,20.0
2026-03-27 05:46:00,3198.58,3198.78,3198.33,3198.43,83,24.6
2026-03-27 05:47:00,3198.43,3198.67,3198.29,3198.58,35,27.3
2026-03-27 05:48:00,3198.58,3198.6,3198.47,3198.5,55,23.4
2026-03-27 05:49:00,3198.5,3198.67,3198.44,3198.59,48,26.1
2026-03-27 05:50:00,3198.59,3198.8,3198.11,3198.43,67,27.0
2026-03-27 05:51:00,3198.43,3198.54,3198.11,3198.24,66,28.4
2026-03-27 05:52:00,3198.24,3198.25,3198.23,3198.23,106,28.8
2026-03-27 05:53:00,3198.23,3198.46,3198.14,3198.45,108,24.2
2026-03-27 05:54:00,3198.45,3198.69,3198.42,3198.56,102,23.5
2026-03-27 05:55:00,3198.56,3198.64,3198.41,3198.62,59,24.3
2026-03-27 05:56:00,3198.62,3198.88,3198.55,3198.77,50,24.6
2026-03-27 05:57:00,3198.77,3198.81,3198.57,3198.63,104,25.8
2026-03-27 05:58:00,3198.63,3198.84,3198.42,3198.47,135,20.5
2026-03-27 05:59:00,3198.47,3198.67,3198.41,3198.56,64,22.2
2026-03-27 06:00:00,3198.56,3198.59,3198.4,3198.43,69,24.5
2026-03-27 06:01:00,3198.43,3198.52,3198.31,3198.4,47,29.9
2026-03-27 06:02:00,3198.4,3198.51,3197.93,3198.09,97,22.5
2026-03-27 06:03:00,3198.09,3198.16,3198.07,3198.12,280,20.6
2026-03-27 06:04:00,3198.12,3198.21,3198.06,3198.2,33,28.5
2026-03-27 06:05:00,3198.2,3198.29,3198.12,3198.14,27,23.8
2026-03-27 06:06:00,3198.14,3198.32,3198.0,3198.23,131,29.1
2026-03-27 06:07:00,3198.23,3198.4,3198.22,3198.38,126,28.1
2026-03-27 06:08:00,3198.38,3198.42,3198.35,3198.37,141,25.7
2026-03-27 06:09:00,3198.37,3198.42,3198.25,3198.33,40,26.4
2026-03-27 06:10:00,3198.33,3198.61,3198.27,3198.44,99,28.3
2026-03-27 06:11:00,3198.44,3198.73,3198.35,3198.5,118,20.3
2026-03-27 06:12:00,3198.5,3198.69,3198.48,3198.67,122,26.0
2026-03-27 06:13:00,3198.67,3198.8,3198.63,3198.76,135,22.5
2026-03-27 06:14:00,3198.76,3198.85,3198.56,3198.64,27,29.8
2026-03-27 06:15:00,3198.64,3198.7,3198.43,3198.52,130,28.4
2026-03-27 06:16:00,3198.52,3198.83,3198.35,3198.68,136,20.7
2026-03-27 06:17:00,3198.68,3198.73,3198.67,3198.69,102,21.0
2026-03-27 06:18:00,3198.69,3198.76,3198.44,3198.47,91,29.7
2026-03-27 06:19:00,3198.47,3198.78,3198.47,3198.68,104,23.4
2026-03-27 06:20:00,3198.68,3198.71,3198.52,3198.55,25,24.8
2026-03-27 06:21:00,3198.55,3198.56,3198.1,3198.22,135,20.6
2026-03-27 06:22:00,3198.22,3198.23,3198.06,3198.08,63,24.5
2026-03-27 06:23:00,3198.08,3198.14,3197.97,3198.01,100,24.7
2026-03-27 06:24:00,3198.01,3198.06,3197.47,3197.95,210,23.5
2026-03-27 06:25:00,3197.95,3198.02,3197.94,3197.98,43,22.3
2026-03-27 06:26:00,3197.98,3198.03,3197.86,3197.97,46,27.5
2026-03-27 06:27:00,3197.97,3198.07,3197.7,3197.85,58,21.7
2026-03-27 06:28:00,3197.85,3197.87,3197.78,3197.79,65,22.8
2026-03-27 06:29:00,3197.79,3197.83,3197.79,3197.81,148,23.4
2026-03-27 06:30:00,3197.81,3198.26,3197.59,3197.89,56,29.7
2026-03-27 06:31:00,3197.89,3198.12,3197.79,3198.12,103,29.4
2026-03-27 06:32:00,3198.12,3198.16,3198.08,3198.12,43,21.2
2026-03-27 06:33:00,3198.12,3198.29,3198.09,3198.24,127,22.5
2026-03-27 06:34:00,3198.24,3198.46,3198.19,3198.38,138,27.9
2026-03-27 06:35:00,3198.38,3198.4,3198.26,3198.33,123,20.2
2026-03-27 06:36:00,3198.33,3198.6,3198.29,3198.5,85,25.2
2026-03-27 06:37:00,3198.5,3198.56,3198.43,3198.53,91,25.4
2026-03-27 06:38:00,3198.53,3198.77,3198.44,3198.66,45,21.8
2026-03-27 06:39:00,3198.66,3199.03,3198.63,3198.93,27,23.6
2026-03-27 06:40:00,3198.93,3198.94,3198.67,3198.7,115,23.7
2026-03-27 06:41:00,3198.7,3198.91,3198.65,3198.67,35,29.7
2026-03-27 06:42:00,3198.67,3198.69,3198.57,3198.6,123,28.5
2026-03-27 06:43:00,3198.6,3198.66,3198.47,3198.51,68,29.0
2026-03-27 06:44:00,3198.51,3198.6,3198.32,3198.33,81,28.5
2026-03-27 06:45:00,3198.33,3198.37,3198.21,3198.31,113,25.9
2026-03-27 06:46:00,3198.31,3198.41,3198.14,3198.16,47,23.3
2026-03-27 06:47:00,3198.16,3198.42,3198.0,3198.19,74,26.5
2026-03-27 06:48:00,3198.19,3198.21,3198.15,3198.18,74,23.3
2026-03-27 06:49:00,3198.18,3198.2,3198.03,3198.08,44,22.9
2026-03-27 06:50:00,3198.08,3198.11,3197.77,3197.83,57,21.5
2026-03-27 06:51:00,3197.83,3197.84,3197.76,3197.79,40,28.0
2026-03-27 06:52:00,3197.79,3198.05,3197.5,3198.03,97,20.6
2026-03-27 06:53:00,3198.03,3198.22,3198.01,3198.17,146,26.5
2026-03-27 06:54:00,3198.17,3198.29,3198.15,3198.28,99,28.5
2026-03-27 06:55:00,3198.28,3198.62,3198.24,3198.55,72,27.3
2026-03-27 06:56:00,3198.55,3198.65,3198.55,3198.63,73,27.9
2026-03-27 06:57:00,3198.63,3198.78,3198.6,3198.7,105,26.5
2026-03-27 06:58:00,3198.7,3198.7,3198.67,3198.69,103,25.8
2026-03-27 06:59:00,3198.69,3198.7,3198.69,3198.69,90,27.9
2026-03-27 07:00:00,3198.69,3198.7,3198.69,3198.69,37,25.2
2026-03-27 07:01:00,3198.69,3198.83,3198.57,3198.75,56,27.4
2026-03-27 07:02:00,3198.75,3199.46,3198.6,3198.99,125,24.1
2026-03-27 07:03:00,3198.99,3199.11,3198.97,3199.07,50,22.1
2026-03-27 07:04:00,3199.07,3199.1,3198.97,3199.06,125,28.6
2026-03-27 07:05:00,3199.06,3199.09,3198.87,3198.92,89,27.8
2026-03-27 07:06:00,3198.92,3198.97,3198.75,3198.83,97,23.0
2026-03-27 07:07:00,3198.83,3198.97,3198.69,3198.85,47,23.3
2026-03-27 07:08:00,3198.85,3199.11,3198.76,3198.88,84,21.2
2026-03-27 07:09:00,3198.88,3199.19,3198.83,3198.88,45,20.9
2026-03-27 07:10:00,3198.88,3198.88,3198.86,3198.86,38,23.6
2026-03-27 07:11:00,3198.86,3198.89,3198.77,3198.77,47,24.9
2026-03-27 07:12:00,3198.77,3198.79,3198.66,3198.68,65,28.7
2026-03-27 07:13:00,3198.68,3198.72,3198.66,3198.71,73,21.7
2026-03-27 07:14:00,3198.71,3198.91,3198.71,3198.82,69,28.7
2026-03-27 07:15:00,3198.82,3199.04,3198.82,3198.98,102,29.3
2026-03-27 07:16:00,3198.98,3199.02,3198.91,3198.97,432,21.8
2026-03-27 07:17:00,3198.97,3199.19,3198.64,3199.09,108,26.6
2026-03-27 07:18:00,3199.09,3199.37,3199.05,3199.3,74,28.9
2026-03-27 07:19:00,3199.3,3199.63,3199.29,3199.44,84,20.8
2026-03-27 07:20:00,3199.44,3199.59,3199.38,3199.59,147,28.9
2026-03-27 07:21:00,3199.59,3199.87,3199.4,3199.8,138,24.3
2026-03-27 07:22:00,3199.8,3200.18,3199.65,3199.84,66,22.4
2026-03-27 07:23:00,3199.84,3200.08,3199.75,3199.9,40,20.4
2026-03-27 07:24:00,3199.9,3200.43,3199.88,3200.11,53,20.4
2026-03-27 07:25:00,3200.11,3200.13,3199.91,3200.01,144,20.3
2026-03-27 07:26:00,3200.01,3200.08,3199.99,3200.07,50,29.4
2026-03-27 07:27:00,3200.07,3200.1,3199.96,3199.98,31,26.3
2026-03-27 07:28:00,3199.98,3200.16,3199.82,3199.92,102,23.8
2026-03-27 07:29:00,3199.92,3200.0,3199.79,3199.8,95,23.2
2026-03-27 07:30:00,3199.8,3199.81,3199.75,3199.76,55,23.9
2026-03-27 07:31:00,3199.76,3199.84,3199.54,3199.63,53,22.7
2026-03-27 07:32:00,3199.63,3199.96,3199.46,3199.78,116,27.7
2026-03-27 07:33:00,3199.78,3199.89,3199.72,3199.73,89,23.9
2026-03-27 07:34:00,3199.73,3199.74,3199.66,3199.7,38,26.5
2026-03-27 07:35:00,3199.7,3199.74,3199.68,3199.68,101,25.5
2026-03-27 07:36:00,3199.68,3199.74,3199.55,3199.62,143,24.9
2026-03-27 07:37:00,3199.62,3199.89,3199.52,3199.79,60,28.1
2026-03-27 07:38:00,3199.79,3199.93,3199.55,3199.68,61,28.9
2026-03-27 07:39:00,3199.68,3199.74,3199.42,3199.54,120,27.3
2026-03-27 07:40:00,3199.54,3199.59,3199.21,3199.58,57,25.6
2026-03-27 07:41:00,3199.58,3199.62,3199.42,3199.44,54,29.5
2026-03-27 07:42:00,3199.44,3199.54,3199.38,3199.52,43,26.7
2026-03-27 07:43:00,3199.52,3199.79,3199.32,3199.75,144,27.1
2026-03-27 07:44:00,3199.75,3199.91,3199.75,3199.87,96,23.0
2026-03-27 07:45:00,3199.87,3200.48,3199.66,3200.22,117,20.5
2026-03-27 07:46:00,3200.22,3200.43,3199.98,3200.32,113,23.1
2026-03-27 07:47:00,3200.32,3200.52,3200.21,3200.51,103,22.5
2026-03-27 07:48:00,3200.51,3200.66,3200.4,3200.64,110,25.2
2026-03-27 07:49:00,3200.64,3200.95,3200.52,3200.81,39,20.4
2026-03-27 07:50:00,3200.81,3200.99,3200.75,3200.96,109,27.8
2026-03-27 07:51:00,3200.96,3201.13,3200.92,3201.02,48,21.9
2026-03-27 07:52:00,3201.02,3201.05,3200.88,3200.89,74,29.1
2026-03-27 07:53:00,3200.89,3201.32,3200.77,3201.23,95,29.8
2026-03-27 07:54:00,3201.23,3201.48,3201.15,3201.32,105,21.1
2026-03-27 07:55:00,3201.32,3201.81,3201.01,3201.48,45,20.3
2026-03-27 07:56:00,3201.48,3201.52,3201.43,3201.46,132,24.2
2026-03-27 07:57:00,3201.46,3201.48,3201.33,3201.4,86,22.8
2026-03-27 07:58:00,3201.4,3201.52,3201.38,3201.52,70,24.6
2026-03-27 07:59:00,3201.52,3201.66,3201.27,3201.44,56,26.8
2026-03-27 08:00:00,3201.44,3201.61,3200.94,3201.16,198,20.8
2026-03-27 08:01:00,3201.16,3201.16,3201.01,3201.04,135,18.6
2026-03-27 08:02:00,3201.04,3201.19,3201.03,3201.13,113,15.7
2026-03-27 08:03:00,3201.13,3202.08,3200.88,3201.64,263,21.5
2026-03-27 08:04:00,3201.64,3202.71,3201.63,3202.28,139,18.8
2026-03-27 08:05:00,3202.28,3202.58,3201.74,3202.21,267,21.0
2026-03-27 08:06:00,3202.21,3203.21,3201.87,3202.61,257,16.4
2026-03-27 08:07:00,3202.61,3202.61,3202.44,3202.6,213,18.9
2026-03-27 08:08:00,3202.6,3202.93,3201.79,3202.27,714,20.5
2026-03-27 08:09:00,3202.27,3202.59,3202.05,3202.08,140,20.9
2026-03-27 08:10:00,3202.08,3202.61,3201.48,3202.36,201,17.1
2026-03-27 08:11:00,3202.36,3202.48,3201.96,3202.28,161,22.0
2026-03-27 08:12:00,3202.28,3202.51,3202.08,3202.29,145,18.9
2026-03-27 08:13:00,3202.29,3202.66,3202.2,3202.49,194,18.0
2026-03-27 08:14:00,3202.49,3202.73,3202.4,3202.61,175,20.2
2026-03-27 08:15:00,3202.61,3203.64,3202.27,3203.14,60,16.3
2026-03-27 08:16:00,3203.14,3203.22,3202.96,3202.97,109,17.8
2026-03-27 08:17:00,3202.97,3203.72,3202.71,3203.52,88,15.1
2026-03-27 08:18:00,3203.52,3203.72,3202.75,3203.06,58,20.5
2026-03-27 08:19:00,3203.06,3203.54,3202.92,3203.31,51,20.7
2026-03-27 08:20:00,3203.31,3203.62,3203.21,3203.58,168,16.9
2026-03-27 08:21:00,3203.58,3203.58,3203.25,3203.4,99,15.3
2026-03-27 08:22:00,3203.4,3203.74,3203.34,3203.68,155,16.3
2026-03-27 08:23:00,3203.68,3204.4,3201.52,3203.47,93,15.8
2026-03-27 08:24:00,3203.47,3203.57,3202.99,3203.19,80,16.4
2026-03-27 08:25:00,3203.19,3204.02,3202.92,3203.33,128,21.7
2026-03-27 08:26:00,3203.33,3203.82,3203.2,3203.54,95,21.6
2026-03-27 08:27:00,3203.54,3204.02,3203.34,3204.01,215,16.6
2026-03-27 08:28:00,3204.01,3204.14,3203.99,3204.1,179,19.2
2026-03-27 08:29:00,3204.1,3204.59,3204.1,3204.36,185,21.2
2026-03-27 08:30:00,3204.36,3204.52,3204.35,3204.48,293,21.2
2026-03-27 08:31:00,3204.48,3205.05,3204.13,3204.31,184,17.0
2026-03-27 08:32:00,3204.31,3204.45,3203.97,3204.14,167,18.0
2026-03-27 08:33:00,3204.14,3204.29,3203.89,3204.24,226,20.7
2026-03-27 08:34:00,3204.24,3204.29,3204.1,3204.15,51,15.6
2026-03-27 08:35:00,3204.15,3204.35,3204.09,3204.26,251,15.0
2026-03-27 08:36:00,3204.26,3204.48,3204.19,3204.41,235,16.9
2026-03-27 08:37:00,3204.41,3205.18,3204.33,3204.55,274,18.9
2026-03-27 08:38:00,3204.55,3204.61,3204.11,3204.23,192,20.1
2026-03-27 08:39:00,3204.23,3204.28,3203.61,3203.79,143,15.5
2026-03-27 08:40:00,3203.79,3204.11,3203.74,3204.03,216,18.7
2026-03-27 08:41:00,3204.03,3204.17,3203.99,3204.12,166,18.5
2026-03-27 08:42:00,3204.12,3204.14,3203.65,3203.78,225,16.1
2026-03-27 08:43:00,3203.78,3203.88,3203.77,3203.86,72,18.6
2026-03-27 08:44:00,3203.86,3204.18,3203.83,3204.08,215,18.8
2026-03-27 08:45:00,3204.08,3204.83,3203.78,3204.46,248,21.3
2026-03-27 08:46:00,3204.46,3204.96,3204.44,3204.7,158,16.1
2026-03-27 08:47:00,3204.7,3204.81,3204.66,3204.71,182,16.7
2026-03-27 08:48:00,3204.71,3205.12,3204.55,3204.95,156,16.7
2026-03-27 08:49:00,3204.95,3205.08,3204.88,3204.97,251,19.8
2026-03-27 08:50:00,3204.97,3205.8,3204.95,3205.58,197,16.1
2026-03-27 08:51:00,3205.58,3206.06,3204.4,3205.62,267,18.4
2026-03-27 08:52:00,3205.62,3205.85,3205.56,3205.76,59,21.2
2026-03-27 08:53:00,3205.76,3205.81,3205.57,3205.66,178,16.4
2026-03-27 08:54:00,3205.66,3206.19,3205.6,3205.71,287,16.3
2026-03-27 08:55:00,3205.71,3205.93,3204.99,3205.26,230,20.6
2026-03-27 08:56:00,3205.26,3205.27,3204.75,3204.82,192,20.3
2026-03-27 08:57:00,3204.82,3205.0,3204.34,3204.43,228,19.1
2026-03-27 08:58:00,3204.43,3204.7,3203.77,3203.86,113,18.8
2026-03-27 08:59:00,3203.86,3204.11,3202.78,3203.16,179,20.8
2026-03-27 09:00:00,3203.16,3203.31,3202.5,3202.71,226,16.5
2026-03-27 09:01:00,3202.71,3202.79,3202.52,3202.65,224,21.8
2026-03-27 09:02:00,3202.65,3202.78,3202.26,3202.44,98,18.6
2026-03-27 09:03:00,3202.44,3202.5,3201.94,3202.03,665,21.2
2026-03-27 09:04:00,3202.03,3202.19,3201.41,3201.59,94,20.8
2026-03-27 09:05:00,3201.59,3201.94,3201.57,3201.76,151,20.5
2026-03-27 09:06:00,3201.76,3202.15,3201.65,3201.97,50,20.1
2026-03-27 09:07:00,3201.97,3202.81,3201.74,3201.79,104,20.5
2026-03-27 09:08:00,3201.79,3202.44,3201.57,3201.91,146,15.6
2026-03-27 09:09:00,3201.91,3202.19,3201.85,3202.15,207,21.0
2026-03-27 09:10:00,3202.15,3203.21,3202.03,3202.64,252,18.2
2026-03-27 09:11:00,3202.64,3202.66,3202.44,3202.46,170,15.6
2026-03-27 09:12:00,3202.46,3202.71,3202.44,3202.62,143,19.1
2026-03-27 09:13:00,3202.62,3203.19,3202.58,3203.11,68,18.3
2026-03-27 09:14:00,3203.11,3203.43,3202.56,3202.78,273,19.8
2026-03-27 09:15:00,3202.78,3202.93,3202.04,3202.29,294,21.9
2026-03-27 09:16:00,3202.29,3202.31,3202.12,3202.15,79,15.8
2026-03-27 09:17:00,3202.15,3202.17,3201.9,3202.03,70,21.8
2026-03-27 09:18:00,3202.03,3202.06,3201.91,3201.98,229,17.8
2026-03-27 09:19:00,3201.98,3202.02,3201.56,3201.71,274,18.6
2026-03-27 09:20:00,3201.71,3202.01,3201.67,3201.87,1757,21.1
2026-03-27 09:21:00,3201.87,3201.94,3201.71,3201.72,99,16.3
2026-03-27 09:22:00,3201.72,3202.04,3201.61,3201.85,152,18.7
2026-03-27 09:23:00,3201.85,3202.49,3201.59,3202.09,225,15.4
2026-03-27 09:24:00,3202.09,3202.14,3201.82,3201.83,157,18.3
2026-03-27 09:25:00,3201.83,3202.15,3201.8,3202.07,255,21.6
2026-03-27 09:26:00,3202.07,3202.08,3201.7,3201.75,217,15.8
2026-03-27 09:27:00,3201.75,3202.08,3201.07,3201.56,125,19.3
2026-03-27 09:28:00,3201.56,3201.66,3201.32,3201.41,134,21.6
2026-03-27 09:29:00,3201.41,3201.66,3201.01,3201.19,137,19.2
2026-03-27 09:30:00,3201.19,3201.33,3201.16,3201.31,103,20.5
2026-03-27 09:31:00,3201.31,3201.87,3200.56,3200.9,68,17.4
2026-03-27 09:32:00,3200.9,3200.91,3200.87,3200.89,294,17.6
2026-03-27 09:33:00,3200.89,3200.97,3200.63,3200.76,101,18.4
2026-03-27 09:34:00,3200.76,3201.12,3200.75,3201.07,157,20.0
2026-03-27 09:35:00,3201.07,3201.72,3200.87,3201.41,57,17.3
2026-03-27 09:36:00,3201.41,3201.44,3201.31,3201.37,121,17.1
2026-03-27 09:37:00,3201.37,3201.83,3201.15,3201.41,200,16.4
2026-03-27 09:38:00,3201.41,3201.7,3201.28,3201.59,183,19.0
2026-03-27 09:39:00,3201.59,3202.01,3200.27,3201.5,182,18.5
2026-03-27 09:40:00,3201.5,3201.94,3200.97,3201.55,111,18.6
2026-03-27 09:41:00,3201.55,3202.58,3201.26,3202.18,225,15.3
2026-03-27 09:42:00,3202.18,3202.19,3201.93,3201.96,137,17.0
2026-03-27 09:43:00,3201.96,3201.99,3201.92,3201.98,167,18.4
2026-03-27 09:44:00,3201.98,3202.31,3200.91,3201.3,112,16.1
2026-03-27 09:45:00,3201.3,3201.38,3201.25,3201.38,93,21.5
2026-03-27 09:46:00,3201.38,3201.79,3201.21,3201.6,223,21.6
2026-03-27 09:47:00,3201.6,3201.8,3201.49,3201.62,50,18.9
2026-03-27 09:48:00,3201.62,3202.03,3201.38,3201.79,203,18.3
2026-03-27 09:49:00,3201.79,3201.94,3201.69,3201.8,288,21.9
2026-03-27 09:50:00,3201.8,3201.91,3201.58,3201.67,245,21.9
2026-03-27 09:51:00,3201.67,3201.71,3201.36,3201.41,237,20.4
2026-03-27 09:52:00,3201.41,3201.86,3200.69,3201.27,150,20.4
2026-03-27 09:53:00,3201.27,3201.34,3201.2,3201.22,254,18.7
2026-03-27 09:54:00,3201.22,3201.44,3201.17,3201.34,143,17.1
2026-03-27 09:55:00,3201.34,3201.35,3200.88,3200.98,150,16.9
2026-03-27 09:56:00,3200.98,3201.83,3200.75,3201.14,83,21.7
2026-03-27 09:57:00,3201.14,3201.32,3200.4,3200.59,267,18.3
2026-03-27 09:58:00,3200.59,3200.66,3200.23,3200.33,284,16.2
2026-03-27 09:59:00,3200.33,3200.33,3200.24,3200.26,148,19.7
2026-03-27 10:00:00,3200.26,3200.44,3199.99,3200.01,70,17.0
2026-03-27 10:01:00,3200.01,3200.4,3199.97,3200.27,256,21.1
2026-03-27 10:02:00,3200.27,3200.43,3200.21,3200.36,118,21.6
2026-03-27 10:03:00,3200.36,3200.43,3200.05,3200.23,216,16.0
2026-03-27 10:04:00,3200.23,3200.85,3200.14,3200.4,111,18.4
2026-03-27 10:05:00,3200.4,3200.62,3199.81,3199.92,623,20.8
2026-03-27 10:06:00,3199.92,3200.07,3199.26,3199.99,233,16.9
2026-03-27 10:07:00,3199.99,3200.23,3199.36,3199.65,143,16.2
2026-03-27 10:08:00,3199.65,3199.83,3199.5,3199.81,274,17.9
2026-03-27 10:09:00,3199.81,3200.09,3199.71,3199.86,85,21.2
2026-03-27 10:10:00,3199.86,3200.04,3198.77,3199.41,82,19.4
2026-03-27 10:11:00,3199.41,3199.7,3199.38,3199.59,300,20.6
2026-03-27 10:12:00,3199.59,3199.67,3199.21,3199.33,242,19.7
2026-03-27 10:13:00,3199.33,3200.57,3199.21,3199.4,126,16.2
2026-03-27 10:14:00,3199.4,3199.8,3199.32,3199.64,211,20.8
2026-03-27 10:15:00,3199.64,3199.69,3199.54,3199.58,158,20.7
2026-03-27 10:16:00,3199.58,3199.81,3198.33,3198.64,179,19.5
2026-03-27 10:17:00,3198.64,3199.18,3198.55,3198.74,245,20.0
2026-03-27 10:18:00,3198.74,3198.89,3198.63,3198.63,228,15.3
2026-03-27 10:19:00,3198.63,3198.66,3198.22,3198.34,221,21.2
2026-03-27 10:20:00,3198.34,3198.38,3198.18,3198.18,210,20.4
2026-03-27 10:21:00,3198.18,3198.7,3198.08,3198.4,201,15.8
2026-03-27 10:22:00,3198.4,3198.61,3198.37,3198.6,146,19.5
2026-03-27 10:23:00,3198.6,3198.96,3198.35,3198.87,244,21.8
2026-03-27 10:24:00,3198.87,3198.92,3198.71,3198.76,237,15.1
2026-03-27 10:25:00,3198.76,3199.54,3198.52,3199.24,193,15.8
2026-03-27 10:26:00,3199.24,3199.94,3199.17,3199.6,119,15.1
2026-03-27 10:27:00,3199.6,3199.62,3199.2,3199.31,275,20.3
2026-03-27 10:28:00,3199.31,3199.52,3198.88,3199.25,235,15.2
2026-03-27 10:29:00,3199.25,3199.82,3198.96,3199.58,148,20.7
2026-03-27 10:30:00,3199.58,3199.99,3198.83,3199.23,204,20.1
2026-03-27 10:31:00,3199.23,3199.54,3199.2,3199.48,298,17.0
2026-03-27 10:32:00,3199.48,3199.63,3199.3,3199.58,290,18.6
2026-03-27 10:33:00,3199.58,3199.72,3199.02,3199.29,262,19.8
2026-03-27 10:34:00,3199.29,3199.65,3199.04,3199.32,258,19.2
2026-03-27 10:35:00,3199.32,3199.81,3199.19,3199.4,243,19.5
2026-03-27 10:36:00,3199.4,3200.04,3199.37,3199.8,131,19.8
2026-03-27 10:37:00,3199.8,3200.13,3199.64,3199.92,164,17.6
2026-03-27 10:38:00,3199.92,3200.09,3199.78,3199.79,198,18.7
2026-03-27 10:39:00,3199.79,3199.83,3199.52,3199.62,219,15.2
2026-03-27 10:40:00,3199.62,3200.22,3198.3,3199.19,103,15.3
2026-03-27 10:41:00,3199.19,3200.29,3199.05,3199.64,176,19.4
2026-03-27 10:42:00,3199.64,3200.17,3199.6,3199.97,224,16.2
2026-03-27 10:43:00,3199.97,3200.43,3199.8,3200.39,209,19.4
2026-03-27 10:44:00,3200.39,3200.62,3200.3,3200.57,206,15.0
2026-03-27 10:45:00,3200.57,3200.97,3200.36,3200.69,287,19.5
2026-03-27 10:46:00,3200.69,3201.54,3200.61,3201.29,66,18.0
2026-03-27 10:47:00,3201.29,3201.39,3201.2,3201.3,157,18.4
2026-03-27 10:48:00,3201.3,3201.32,3201.24,3201.28,242,21.9
2026-03-27 10:49:00,3201.28,3201.32,3200.91,3201.0,184,19.6
2026-03-27 10:50:00,3201.0,3201.4,3200.95,3201.29,67,15.6
2026-03-27 10:51:00,3201.29,3201.91,3201.24,3201.7,59,17.7
2026-03-27 10:52:00,3201.7,3201.72,3201.5,3201.66,104,15.2
2026-03-27 10:53:00,3201.66,3202.35,3201.43,3202.11,171,21.9
2026-03-27 10:54:00,3202.11,3202.36,3202.03,3202.22,166,17.7
2026-03-27 10:55:00,3202.22,3202.23,3202.13,3202.17,60,21.2
2026-03-27 10:56:00,3202.17,3202.25,3201.77,3201.94,186,16.1
2026-03-27 10:57:00,3201.94,3202.07,3201.48,3201.77,246,20.1
2026-03-27 10:58:00,3201.77,3202.18,3201.69,3202.03,143,18.3
2026-03-27 10:59:00,3202.03,3202.12,3201.79,3201.85,168,15.1
2026-03-27 11:00:00,3201.85,3201.94,3201.35,3201.49,71,17.2
2026-03-27 11:01:00,3201.49,3201.65,3201.07,3201.29,264,15.1
2026-03-27 11:02:00,3201.29,3202.01,3201.19,3201.68,105,20.2
2026-03-27 11:03:00,3201.68,3201.77,3201.57,3201.6,274,18.8
2026-03-27 11:04:00,3201.6,3202.16,3201.6,3201.73,89,16.8
2026-03-27 11:05:00,3201.73,3201.76,3201.55,3201.61,257,20.4
2026-03-27 11:06:00,3201.61,3201.89,3201.56,3201.84,137,19.3
2026-03-27 11:07:00,3201.84,3202.26,3200.95,3201.39,63,18.3
2026-03-27 11:08:00,3201.39,3201.46,3201.11,3201.31,107,20.7
2026-03-27 11:09:00,3201.31,3201.58,3201.16,3201.35,241,21.1
2026-03-27 11:10:00,3201.35,3201.97,3200.29,3201.95,181,18.9
2026-03-27 11:11:00,3201.95,3201.95,3201.89,3201.9,55,21.2
2026-03-27 11:12:00,3201.9,3202.11,3201.85,3201.99,173,19.9
2026-03-27 11:13:00,3201.99,3202.56,3201.87,3202.34,50,15.7
2026-03-27 11:14:00,3202.34,3203.83,3201.76,3202.96,299,21.3
2026-03-27 11:15:00,3202.96,3202.97,3202.86,3202.88,101,17.6
2026-03-27 11:16:00,3202.88,3203.28,3202.84,3203.23,215,18.2
2026-03-27 11:17:00,3203.23,3203.57,3203.12,3203.42,276,17.9
2026-03-27 11:18:00,3203.42,3203.71,3203.3,3203.64,300,21.1
2026-03-27 11:19:00,3203.64,3203.83,3203.28,3203.43,263,16.2
2026-03-27 11:20:00,3203.43,3203.49,3203.33,3203.37,149,19.9
2026-03-27 11:21:00,3203.37,3203.4,3202.7,3202.88,113,17.7
2026-03-27 11:22:00,3202.88,3203.6,3202.75,3203.16,215,20.2
2026-03-27 11:23:00,3203.16,3203.67,3203.02,3203.26,246,19.8
2026-03-27 11:24:00,3203.26,3203.31,3202.95,3202.98,128,19.3
2026-03-27 11:25:00,3202.98,3203.49,3202.97,3203.34,73,18.4
2026-03-27 11:26:00,3203.34,3203.56,3202.91,3203.02,255,21.8
2026-03-27 11:27:00,3203.02,3203.03,3202.68,3202.78,224,20.4
2026-03-27 11:28:00,3202.78,3203.46,3202.57,3203.26,72,19.8
2026-03-27 11:29:00,3203.26,3203.27,3202.82,3203.03,282,19.9
2026-03-27 11:30:00,3203.03,3203.45,3202.8,3202.99,288,21.8
2026-03-27 11:31:00,3202.99,3203.01,3202.97,3202.99,65,20.7
2026-03-27 11:32:00,3202.99,3203.64,3202.4,3202.63,174,21.5
2026-03-27 11:33:00,3202.63,3202.76,3202.59,3202.68,86,21.3
2026-03-27 11:34:00,3202.68,3202.81,3202.61,3202.72,204,18.8
2026-03-27 11:35:00,3202.72,3202.89,3202.4,3202.55,56,16.0
2026-03-27 11:36:00,3202.55,3202.99,3202.48,3202.88,200,21.6
2026-03-27 11:37:00,3202.88,3203.69,3202.79,3203.44,162,17.2
2026-03-27 11:38:00,3203.44,3204.07,3203.26,3204.04,293,16.4
2026-03-27 11:39:00,3204.04,3204.63,3203.97,3204.5,115,21.4
2026-03-27 11:40:00,3204.5,3205.34,3204.4,3205.03,233,19.4
2026-03-27 11:41:00,3205.03,3205.11,3204.96,3205.01,254,20.4
2026-03-27 11:42:00,3205.01,3205.02,3204.87,3204.9,145,20.3
2026-03-27 11:43:00,3204.9,3205.14,3204.75,3205.05,57,16.0
2026-03-27 11:44:00,3205.05,3205.4,3204.77,3205.16,231,20.8
2026-03-27 11:45:00,3205.16,3205.27,3205.1,3205.21,126,15.3
2026-03-27 11:46:00,3205.21,3205.36,3205.1,3205.26,100,18.8
2026-03-27 11:47:00,3205.26,3205.64,3205.17,3205.5,285,17.0
2026-03-27 11:48:00,3205.5,3205.84,3205.27,3205.8,219,15.9
2026-03-27 11:49:00,3205.8,3205.82,3205.26,3205.37,262,17.6
2026-03-27 11:50:00,3205.37,3205.67,3205.34,3205.47,217,17.9
2026-03-27 11:51:00,3205.47,3205.51,3205.25,3205.39,224,19.7
2026-03-27 11:52:00,3205.39,3205.99,3205.3,3205.61,114,19.4
2026-03-27 11:53:00,3205.61,3205.85,3205.28,3205.35,171,21.9
2026-03-27 11:54:00,3205.35,3206.22,3204.99,3205.86,136,21.2
2026-03-27 11:55:00,3205.86,3205.86,3205.85,3205.85,122,20.8
2026-03-27 11:56:00,3205.85,3206.12,3205.84,3205.95,255,19.0
2026-03-27 11:57:00,3205.95,3206.03,3205.83,3205.98,61,20.3
2026-03-27 11:58:00,3205.98,3206.41,3205.92,3206.26,89,16.8
2026-03-27 11:59:00,3206.26,3206.52,3206.12,3206.44,213,16.7
2026-03-27 12:00:00,3206.44,3206.47,3206.39,3206.42,157,18.2
2026-03-27 12:01:00,3206.42,3206.97,3205.91,3206.39,189,17.9
2026-03-27 12:02:00,3206.39,3206.67,3206.33,3206.67,50,21.1
2026-03-27 12:03:00,3206.67,3206.84,3206.06,3206.22,184,16.4
2026-03-27 12:04:00,3206.22,3206.27,3206.04,3206.26,294,19.4
2026-03-27 12:05:00,3206.26,3206.29,3205.17,3205.77,196,15.4
2026-03-27 12:06:00,3205.77,3206.05,3205.71,3205.84,78,21.6
2026-03-27 12:07:00,3205.84,3206.74,3205.31,3206.23,193,15.5
2026-03-27 12:08:00,3206.23,3206.32,3206.13,3206.29,262,15.0
2026-03-27 12:09:00,3206.29,3206.88,3205.05,3205.6,154,19.2
2026-03-27 12:10:00,3205.6,3205.78,3205.59,3205.7,199,18.8
2026-03-27 12:11:00,3205.7,3205.86,3205.34,3205.43,132,19.5
2026-03-27 12:12:00,3205.43,3205.85,3204.76,3204.97,267,15.6
2026-03-27 12:13:00,3204.97,3205.05,3204.22,3204.59,106,17.4
2026-03-27 12:14:00,3204.59,3204.65,3204.07,3204.2,56,19.6
2026-03-27 12:15:00,3204.2,3204.32,3203.69,3203.7,212,21.7
2026-03-27 12:16:00,3203.7,3203.71,3203.28,3203.58,223,17.9
2026-03-27 12:17:00,3203.58,3204.02,3203.48,3203.92,210,21.5
2026-03-27 12:18:00,3203.92,3204.49,3203.49,3204.01,74,19.6
2026-03-27 12:19:00,3204.01,3204.4,3203.96,3204.32,293,21.0
2026-03-27 12:20:00,3204.32,3204.42,3203.88,3204.01,173,15.8
2026-03-27 12:21:00,3204.01,3204.31,3203.58,3203.7,97,16.8
2026-03-27 12:22:00,3203.7,3203.92,3203.49,3203.91,218,20.5
2026-03-27 12:23:00,3203.91,3203.94,3203.8,3203.8,166,15.1
2026-03-27 12:24:00,3203.8,3204.04,3203.73,3203.94,132,15.6
2026-03-27 12:25:00,3203.94,3204.13,3203.61,3203.74,259,19.8
2026-03-27 12:26:00,3203.74,3203.95,3203.73,3203.9,259,20.3
2026-03-27 12:27:00,3203.9,3203.98,3203.53,3203.62,82,15.1
2026-03-27 12:28:00,3203.62,3203.95,3203.52,3203.83,250,17.7
2026-03-27 12:29:00,3203.83,3204.31,3203.81,3204.15,227,15.3
2026-03-27 12:30:00,3204.15,3204.41,3203.91,3203.93,290,21.3
2026-03-27 12:31:00,3203.93,3204.17,3203.63,3203.93,186,21.7
2026-03-27 12:32:00,3203.93,3204.77,3202.67,3203.31,135,17.0
2026-03-27 12:33:00,3203.31,3204.16,3203.28,3203.73,250,19.7
2026-03-27 12:34:00,3203.73,3203.79,3203.46,3203.56,222,15.3
2026-03-27 12:35:00,3203.56,3203.69,3203.2,3203.21,89,15.1
2026-03-27 12:36:00,3203.21,3203.51,3203.11,3203.23,248,15.1
2026-03-27 12:37:00,3203.23,3203.58,3202.21,3202.79,267,21.9
2026-03-27 12:38:00,3202.79,3202.87,3202.13,3202.27,132,17.4
2026-03-27 12:39:00,3202.27,3202.48,3202.21,3202.36,148,21.1
2026-03-27 12:40:00,3202.36,3202.52,3201.99,3202.12,78,21.8
2026-03-27 12:41:00,3202.12,3202.14,3202.06,3202.09,117,15.4
2026-03-27 12:42:00,3202.09,3202.17,3201.81,3201.93,299,16.7
2026-03-27 12:43:00,3201.93,3202.4,3201.86,3202.28,129,17.0
2026-03-27 12:44:00,3202.28,3202.28,3202.16,3202.22,135,17.3
2026-03-27 12:45:00,3202.22,3202.36,3201.74,3201.95,100,21.0
2026-03-27 12:46:00,3201.95,3202.33,3201.92,3202.2,197,18.1
2026-03-27 12:47:00,3202.2,3202.34,3201.69,3201.83,123,15.7
2026-03-27 12:48:00,3201.83,3201.86,3200.78,3201.04,270,19.7
2026-03-27 12:49:00,3201.04,3201.36,3200.99,3201.18,259,19.9
2026-03-27 12:50:00,3201.18,3201.2,3201.08,3201.1,89,15.4
2026-03-27 12:51:00,3201.1,3201.56,3200.97,3201.47,170,22.0
2026-03-27 12:52:00,3201.47,3201.86,3201.36,3201.67,199,19.2
2026-03-27 12:53:00,3201.67,3201.7,3201.57,3201.57,286,18.5
2026-03-27 12:54:00,3201.57,3201.77,3201.25,3201.28,124,18.4
2026-03-27 12:55:00,3201.28,3201.35,3201.19,3201.29,281,20.5
2026-03-27 12:56:00,3201.29,3201.3,3201.18,3201.21,84,20.9
2026-03-27 12:57:00,3201.21,3201.4,3200.64,3200.73,85,15.1
2026-03-27 12:58:00,3200.73,3201.23,3199.43,3200.01,297,22.0
2026-03-27 12:59:00,3200.01,3200.09,3199.67,3199.83,213,18.0
2026-03-27 13:00:00,3199.83,3199.97,3199.81,3199.85,274,18.6
2026-03-27 13:01:00,3199.85,3200.51,3199.78,3200.33,165,16.7
2026-03-27 13:02:00,3200.33,3200.48,3199.77,3199.94,96,21.9
2026-03-27 13:03:00,3199.94,3200.88,3199.92,3200.53,114,16.3
2026-03-27 13:04:00,3200.53,3200.91,3200.04,3200.67,183,22.0
2026-03-27 13:05:00,3200.67,3200.71,3199.84,3200.15,133,18.6
2026-03-27 13:06:00,3200.15,3200.37,3199.34,3199.35,1760,18.3
2026-03-27 13:07:00,3199.35,3199.71,3198.31,3198.47,154,21.0
2026-03-27 13:08:00,3198.47,3199.66,3197.55,3199.18,168,17.9
2026-03-27 13:09:00,3199.18,3201.08,3199.09,3200.81,384,17.8
2026-03-27 13:10:00,3200.81,3201.09,3200.72,3201.03,108,21.6
2026-03-27 13:11:00,3201.03,3201.61,3200.65,3201.04,111,19.5
2026-03-27 13:12:00,3201.04,3201.13,3200.18,3200.5,327,19.5
2026-03-27 13:13:00,3200.5,3200.78,3199.11,3199.56,390,17.5
2026-03-27 13:14:00,3199.56,3199.76,3198.5,3199.4,430,16.7
2026-03-27 13:15:00,3199.4,3200.06,3198.86,3199.84,418,17.5
2026-03-27 13:16:00,3199.84,3199.92,3199.67,3199.81,126,15.8
2026-03-27 13:17:00,3199.81,3199.87,3199.77,3199.84,88,20.9
2026-03-27 13:18:00,3199.84,3200.28,3199.67,3200.14,211,17.9
2026-03-27 13:19:00,3200.14,3200.19,3198.19,3198.89,288,18.6
2026-03-27 13:20:00,3198.89,3199.04,3198.09,3198.39,91,16.5
2026-03-27 13:21:00,3198.39,3198.68,3197.83,3198.16,397,20.0
2026-03-27 13:22:00,3198.16,3198.78,3196.13,3196.93,295,18.7
2026-03-27 13:23:00,3196.93,3197.38,3196.87,3197.18,114,15.1
2026-03-27 13:24:00,3197.18,3197.4,3196.6,3196.79,367,17.2
2026-03-27 13:25:00,3196.79,3197.43,3196.7,3197.33,226,21.8
2026-03-27 13:26:00,3197.33,3197.48,3197.31,3197.46,90,18.5
2026-03-27 13:27:00,3197.46,3197.73,3196.42,3196.72,408,15.1
2026-03-27 13:28:00,3196.72,3196.97,3195.74,3195.88,166,18.0
2026-03-27 13:29:00,3195.88,3196.28,3194.95,3195.5,349,15.5
2026-03-27 13:30:00,3195.5,3195.87,3195.48,3195.75,286,15.3
2026-03-27 13:31:00,3195.75,3195.91,3195.21,3195.21,370,21.0
2026-03-27 13:32:00,3195.21,3195.3,3195.01,3195.05,166,17.0
2026-03-27 13:33:00,3195.05,3195.31,3195.05,3195.22,111,16.6
2026-03-27 13:34:00,3195.22,3195.51,3194.93,3195.42,202,18.1
2026-03-27 13:35:00,3195.42,3195.45,3194.93,3195.27,202,19.1
2026-03-27 13:36:00,3195.27,3195.47,3194.8,3195.03,300,16.1
2026-03-27 13:37:00,3195.03,3195.57,3194.86,3195.38,219,20.2
2026-03-27 13:38:00,3195.38,3196.26,3193.56,3194.19,433,21.3
2026-03-27 13:39:00,3194.19,3194.19,3193.64,3193.87,321,17.6
2026-03-27 13:40:00,3193.87,3193.89,3192.86,3193.07,147,19.2
2026-03-27 13:41:00,3193.07,3193.82,3192.86,3193.63,235,20.0
2026-03-27 13:42:00,3193.63,3193.86,3193.59,3193.84,304,20.2
2026-03-27 13:43:00,3193.84,3194.25,3193.51,3193.64,352,19.0
2026-03-27 13:44:00,3193.64,3193.81,3193.6,3193.77,138,19.8
2026-03-27 13:45:00,3193.77,3194.34,3193.57,3194.22,376,16.1
2026-03-27 13:46:00,3194.22,3194.48,3194.1,3194.43,222,18.5
2026-03-27 13:47:00,3194.43,3194.9,3194.04,3194.26,388,19.8
2026-03-27 13:48:00,3194.26,3194.31,3193.44,3193.58,136,21.1
2026-03-27 13:49:00,3193.58,3193.79,3191.69,3192.02,84,21.9
2026-03-27 13:50:00,3192.02,3192.25,3191.21,3191.44,87,20.8
2026-03-27 13:51:00,3191.44,3191.72,3191.09,3191.21,321,21.4
2026-03-27 13:52:00,3191.21,3191.37,3190.86,3191.05,430,16.9
2026-03-27 13:53:00,3191.05,3191.52,3190.74,3191.3,214,16.5
2026-03-27 13:54:00,3191.3,3192.25,3191.29,3192.17,319,15.6
2026-03-27 13:55:00,3192.17,3192.39,3191.58,3191.61,343,17.4
2026-03-27 13:56:00,3191.61,3191.95,3191.58,3191.82,76,17.4
2026-03-27 13:57:00,3191.82,3191.88,3191.29,3191.71,387,18.9
2026-03-27 13:58:00,3191.71,3191.92,3191.19,3191.34,360,20.8
2026-03-27 13:59:00,3191.34,3191.75,3191.21,3191.66,408,16.9
2026-03-27 14:00:00,3191.66,3191.83,3191.32,3191.75,406,18.9
2026-03-27 14:01:00,3191.75,3191.94,3190.98,3191.19,216,15.0
2026-03-27 14:02:00,3191.19,3191.2,3190.85,3190.95,417,19.4
2026-03-27 14:03:00,3190.95,3191.08,3189.76,3190.05,102,17.6
2026-03-27 14:04:00,3190.05,3190.45,3188.53,3189.16,391,19.6
2026-03-27 14:05:00,3189.16,3189.62,3189.05,3189.5,169,15.3
2026-03-27 14:06:00,3189.5,3190.25,3188.96,3189.69,133,20.8
2026-03-27 14:07:00,3189.69,3190.76,3189.59,3190.03,231,17.2
2026-03-27 14:08:00,3190.03,3190.76,3189.65,3190.21,394,17.1
2026-03-27 14:09:00,3190.21,3191.49,3190.13,3191.12,379,15.5
2026-03-27 14:10:00,3191.12,3191.2,3190.32,3190.69,312,19.3
2026-03-27 14:11:00,3190.69,3191.87,3190.67,3191.45,145,20.2
2026-03-27 14:12:00,3191.45,3191.51,3191.34,3191.41,252,17.5
2026-03-27 14:13:00,3191.41,3191.62,3190.44,3190.65,268,18.1
2026-03-27 14:14:00,3190.65,3190.74,3190.45,3190.72,357,21.6
2026-03-27 14:15:00,3190.72,3191.27,3190.56,3191.24,447,15.5
2026-03-27 14:16:00,3191.24,3191.27,3190.8,3190.83,270,20.4
2026-03-27 14:17:00,3190.83,3191.31,3190.7,3191.29,100,20.0
2026-03-27 14:18:00,3191.29,3191.35,3191.28,3191.33,397,19.6
2026-03-27 14:19:00,3191.33,3191.34,3191.11,3191.19,924,21.4
2026-03-27 14:20:00,3191.19,3191.4,3191.14,3191.35,180,17.0
2026-03-27 14:21:00,3191.35,3191.37,3191.2,3191.25,157,16.4
2026-03-27 14:22:00,3191.25,3191.32,3190.51,3190.69,244,20.1
2026-03-27 14:23:00,3190.69,3190.7,3190.63,3190.66,207,17.5
2026-03-27 14:24:00,3190.66,3191.13,3190.55,3191.09,94,17.3
2026-03-27 14:25:00,3191.09,3191.54,3191.03,3191.16,444,15.5
2026-03-27 14:26:00,3191.16,3192.08,3191.09,3191.58,154,15.8
2026-03-27 14:27:00,3191.58,3191.59,3191.3,3191.33,403,19.3
2026-03-27 14:28:00,3191.33,3191.5,3190.2,3190.59,157,17.3
2026-03-27 14:29:00,3190.59,3190.83,3189.74,3189.78,520,19.9
2026-03-27 14:30:00,3189.78,3190.78,3189.55,3190.44,189,17.3
2026-03-27 14:31:00,3190.44,3190.83,3190.26,3190.58,238,18.8
2026-03-27 14:32:00,3190.58,3190.63,3190.51,3190.63,429,15.9
2026-03-27 14:33:00,3190.63,3190.73,3190.28,3190.32,409,20.1
2026-03-27 14:34:00,3190.32,3190.48,3190.0,3190.46,336,15.7
2026-03-27 14:35:00,3190.46,3190.88,3188.79,3189.64,117,16.2
2026-03-27 14:36:00,3189.64,3189.88,3188.92,3189.21,420,19.1
2026-03-27 14:37:00,3189.21,3189.75,3188.28,3188.49,132,15.5
2026-03-27 14:38:00,3188.49,3188.9,3188.21,3188.77,322,16.9
2026-03-27 14:39:00,3188.77,3190.12,3188.1,3189.46,225,16.7
2026-03-27 14:40:00,3189.46,3189.48,3188.33,3188.6,291,21.3
2026-03-27 14:41:00,3188.6,3188.72,3188.07,3188.35,81,15.9
2026-03-27 14:42:00,3188.35,3188.59,3187.48,3187.84,78,18.4
2026-03-27 14:43:00,3187.84,3188.12,3187.79,3187.87,309,18.6
2026-03-27 14:44:00,3187.87,3188.73,3187.17,3188.5,210,19.4
2026-03-27 14:45:00,3188.5,3189.22,3188.19,3188.87,222,16.2
2026-03-27 14:46:00,3188.87,3189.07,3188.8,3188.85,385,20.0
2026-03-27 14:47:00,3188.85,3189.0,3188.36,3188.81,228,20.1
2026-03-27 14:48:00,3188.81,3189.68,3188.39,3189.24,400,19.8
2026-03-27 14:49:00,3189.24,3189.26,3189.03,3189.03,292,18.9
2026-03-27 14:50:00,3189.03,3189.81,3188.65,3189.54,372,19.6
2026-03-27 14:51:00,3189.54,3189.67,3188.94,3189.4,322,16.6
2026-03-27 14:52:00,3189.4,3190.3,3186.85,3189.07,205,15.3
2026-03-27 14:53:00,3189.07,3189.39,3188.98,3189.39,93,18.7
2026-03-27 14:54:00,3189.39,3189.68,3189.13,3189.5,301,15.4
2026-03-27 14:55:00,3189.5,3190.37,3189.4,3189.99,240,20.8
2026-03-27 14:56:00,3189.99,3190.56,3189.95,3190.53,156,17.2
2026-03-27 14:57:00,3190.53,3191.07,3190.39,3190.84,363,17.7
2026-03-27 14:58:00,3190.84,3191.74,3190.62,3191.3,358,19.3
2026-03-27 14:59:00,3191.3,3191.66,3190.93,3191.45,175,17.2
2026-03-27 15:00:00,3191.45,3191.76,3191.22,3191.58,109,16.7
2026-03-27 15:01:00,3191.58,3191.66,3191.43,3191.43,340,20.4
2026-03-27 15:02:00,3191.43,3191.59,3191.13,3191.31,114,20.5
2026-03-27 15:03:00,3191.31,3192.7,3191.23,3192.16,142,18.1
2026-03-27 15:04:00,3192.16,3192.53,3190.86,3191.37,97,15.4
2026-03-27 15:05:00,3191.37,3191.52,3191.04,3191.2,226,18.5
2026-03-27 15:06:00,3191.2,3192.69,3190.94,3191.46,328,17.6
2026-03-27 15:07:00,3191.46,3192.53,3191.41,3192.25,75,21.9
2026-03-27 15:08:00,3192.25,3192.27,3191.74,3192.15,108,16.2
2026-03-27 15:09:00,3192.15,3192.23,3192.05,3192.21,267,15.8
2026-03-27 15:10:00,3192.21,3193.23,3191.97,3192.92,295,16.7
2026-03-27 15:11:00,3192.92,3193.23,3192.31,3192.49,414,18.4
2026-03-27 15:12:00,3192.49,3193.58,3192.26,3193.44,181,15.6
2026-03-27 15:13:00,3193.44,3194.04,3192.99,3193.57,349,19.1
2026-03-27 15:14:00,3193.57,3195.47,3192.2,3194.03,124,21.7
2026-03-27 15:15:00,3194.03,3194.83,3193.8,3194.59,88,15.1
2026-03-27 15:16:00,3194.59,3195.02,3194.45,3194.61,351,17.7
2026-03-27 15:17:00,3194.61,3194.67,3194.31,3194.36,282,16.0
2026-03-27 15:18:00,3194.36,3194.47,3194.3,3194.38,298,17.8
2026-03-27 15:19:00,3194.38,3196.02,3194.35,3195.65,90,16.9
2026-03-27 15:20:00,3195.65,3195.84,3195.02,3195.24,355,18.8
2026-03-27 15:21:00,3195.24,3195.43,3194.98,3195.11,370,16.6
2026-03-27 15:22:00,3195.11,3195.38,3194.96,3195.29,253,15.3
2026-03-27 15:23:00,3195.29,3195.34,3194.84,3195.29,325,18.1
2026-03-27 15:24:00,3195.29,3195.8,3194.8,3195.58,433,20.0
2026-03-27 15:25:00,3195.58,3195.61,3195.47,3195.57,105,16.1
2026-03-27 15:26:00,3195.57,3196.05,3195.36,3195.75,76,20.5
2026-03-27 15:27:00,3195.75,3195.77,3195.43,3195.55,417,21.5
2026-03-27 15:28:00,3195.55,3196.34,3195.49,3195.89,216,17.2
2026-03-27 15:29:00,3195.89,3195.98,3195.42,3195.53,201,17.5
2026-03-27 15:30:00,3195.53,3196.64,3195.52,3196.13,163,19.5
2026-03-27 15:31:00,3196.13,3196.4,3196.11,3196.27,171,18.9
2026-03-27 15:32:00,3196.27,3196.7,3195.48,3195.65,277,21.6
2026-03-27 15:33:00,3195.65,3196.34,3195.5,3196.1,160,15.3
2026-03-27 15:34:00,3196.1,3197.2,3196.09,3196.77,81,18.9
2026-03-27 15:35:00,3196.77,3197.85,3194.31,3196.17,345,19.2
2026-03-27 15:36:00,3196.17,3196.26,3195.86,3196.05,382,18.5
2026-03-27 15:37:00,3196.05,3196.39,3195.76,3196.06,142,21.7
2026-03-27 15:38:00,3196.06,3197.12,3195.88,3196.76,151,16.0
2026-03-27 15:39:00,3196.76,3196.8,3196.63,3196.69,346,18.9
2026-03-27 15:40:00,3196.69,3197.71,3196.64,3197.46,390,21.2
2026-03-27 15:41:00,3197.46,3197.89,3197.13,3197.54,244,17.5
2026-03-27 15:42:00,3197.54,3197.82,3197.46,3197.78,196,18.1
2026-03-27 15:43:00,3197.78,3198.18,3197.22,3197.45,97,21.4
2026-03-27 15:44:00,3197.45,3197.52,3196.76,3197.11,255,17.7
2026-03-27 15:45:00,3197.11,3197.23,3196.89,3197.17,160,22.0
2026-03-27 15:46:00,3197.17,3197.31,3196.82,3196.99,339,17.2
2026-03-27 15:47:00,3196.99,3197.25,3196.79,3197.04,103,19.9
2026-03-27 15:48:00,3197.04,3197.11,3196.23,3196.6,100,16.1
2026-03-27 15:49:00,3196.6,3196.72,3196.59,3196.7,108,21.4
2026-03-27 15:50:00,3196.7,3197.27,3196.5,3196.79,334,17.1
2026-03-27 15:51:00,3196.79,3197.01,3196.12,3196.66,427,16.4
2026-03-27 15:52:00,3196.66,3197.29,3195.16,3196.0,201,15.9
2026-03-27 15:53:00,3196.0,3196.15,3195.73,3195.89,183,15.9
2026-03-27 15:54:00,3195.89,3195.91,3195.05,3195.22,136,21.2
2026-03-27 15:55:00,3195.22,3196.02,3194.63,3195.38,144,17.5
2026-03-27 15:56:00,3195.38,3195.45,3194.99,3195.05,333,21.4
2026-03-27 15:57:00,3195.05,3195.77,3194.48,3195.31,364,15.1
2026-03-27 15:58:00,3195.31,3195.37,3194.71,3194.94,315,19.0
2026-03-27 15:59:00,3194.94,3195.0,3194.58,3194.64,201,16.3
2026-03-27 16:00:00,3194.64,3195.62,3194.17,3194.89,450,16.8
2026-03-27 16:01:00,3194.89,3194.99,3194.43,3194.54,253,21.0
2026-03-27 16:02:00,3194.54,3194.74,3193.68,3193.83,201,19.8
2026-03-27 16:03:00,3193.83,3194.22,3192.29,3193.27,210,16.0
2026-03-27 16:04:00,3193.27,3193.4,3192.97,3193.07,298,18.6
2026-03-27 16:05:00,3193.07,3194.59,3192.72,3194.23,178,19.6
2026-03-27 16:06:00,3194.23,3194.84,3193.28,3194.15,280,16.2
2026-03-27 16:07:00,3194.15,3194.55,3193.97,3194.37,415,17.1
2026-03-27 16:08:00,3194.37,3194.57,3193.63,3193.75,418,20.0
2026-03-27 16:09:00,3193.75,3193.77,3193.41,3193.49,253,21.6
2026-03-27 16:10:00,3193.49,3193.82,3192.9,3193.18,231,17.5
2026-03-27 16:11:00,3193.18,3193.25,3193.02,3193.05,432,21.2
2026-03-27 16:12:00,3193.05,3193.08,3192.89,3192.98,157,15.6
2026-03-27 16:13:00,3192.98,3193.32,3191.75,3192.23,372,19.0
2026-03-27 16:14:00,3192.23,3192.41,3191.76,3191.94,295,18.0
2026-03-27 16:15:00,3191.94,3193.0,3191.11,3192.53,103,18.0
2026-03-27 16:16:00,3192.53,3192.62,3190.85,3191.31,324,16.3
2026-03-27 16:17:00,3191.31,3191.56,3191.14,3191.55,114,21.5
2026-03-27 16:18:00,3191.55,3191.73,3191.09,3191.16,249,18.1
2026-03-27 16:19:00,3191.16,3191.23,3190.67,3190.71,267,19.8
2026-03-27 16:20:00,3190.71,3190.89,3190.5,3190.74,171,22.0
2026-03-27 16:21:00,3190.74,3190.92,3190.19,3190.42,111,15.9
2026-03-27 16:22:00,3190.42,3191.21,3189.22,3189.84,391,17.4
2026-03-27 16:23:00,3189.84,3191.41,3189.83,3191.08,390,15.6
2026-03-27 16:24:00,3191.08,3191.53,3190.27,3190.35,111,18.2
2026-03-27 16:25:00,3190.35,3190.66,3188.59,3189.31,148,17.7
2026-03-27 16:26:00,3189.31,3190.17,3188.21,3188.5,340,17.1
2026-03-27 16:27:00,3188.5,3191.14,3188.37,3189.55,112,20.2
2026-03-27 16:28:00,3189.55,3189.88,3189.14,3189.36,300,21.6
2026-03-27 16:29:00,3189.36,3189.73,3188.6,3188.86,90,17.5
2026-03-27 16:30:00,3188.86,3189.14,3188.21,3188.4,150,19.9
2026-03-27 16:31:00,3188.4,3188.55,3188.36,3188.42,216,15.5
2026-03-27 16:32:00,3188.42,3188.77,3188.24,3188.59,448,21.4
2026-03-27 16:33:00,3188.59,3189.22,3188.41,3189.03,331,18.5
2026-03-27 16:34:00,3189.03,3189.13,3187.92,3188.24,363,17.2
2026-03-27 16:35:00,3188.24,3188.3,3187.75,3187.81,84,17.9
2026-03-27 16:36:00,3187.81,3188.75,3186.75,3188.07,406,20.0
2026-03-27 16:37:00,3188.07,3188.2,3187.92,3188.12,441,15.5
2026-03-27 16:38:00,3188.12,3188.29,3187.64,3188.04,97,20.3
2026-03-27 16:39:00,3188.04,3188.08,3187.91,3187.95,127,20.2
2026-03-27 16:40:00,3187.95,3188.59,3187.67,3188.32,303,16.5
2026-03-27 16:41:00,3188.32,3189.05,3188.17,3188.82,439,21.4
2026-03-27 16:42:00,3188.82,3189.01,3187.8,3188.07,363,21.8
2026-03-27 16:43:00,3188.07,3188.08,3187.22,3187.34,193,19.4
2026-03-27 16:44:00,3187.34,3189.26,3186.69,3188.56,2192,21.0
2026-03-27 16:45:00,3188.56,3188.69,3188.54,3188.62,426,20.4
2026-03-27 16:46:00,3188.62,3188.72,3188.4,3188.42,423,15.0
2026-03-27 16:47:00,3188.42,3188.89,3188.27,3188.71,313,16.9
2026-03-27 16:48:00,3188.71,3189.45,3187.08,3188.48,414,15.6
2026-03-27 16:49:00,3188.48,3188.51,3187.7,3187.94,99,19.6
2026-03-27 16:50:00,3187.94,3188.71,3187.87,3188.51,294,17.9
2026-03-27 16:51:00,3188.51,3188.53,3187.93,3188.36,84,19.4
2026-03-27 16:52:00,3188.36,3188.38,3187.69,3187.9,390,21.9
2026-03-27 16:53:00,3187.9,3188.4,3187.82,3188.18,307,21.9
2026-03-27 16:54:00,3188.18,3189.47,3188.05,3188.84,75,19.4
2026-03-27 16:55:00,3188.84,3189.22,3188.34,3188.79,382,17.9
2026-03-27 16:56:00,3188.79,3189.41,3188.52,3189.12,141,21.8
2026-03-27 16:57:00,3189.12,3190.68,3187.35,3189.19,322,19.7
2026-03-27 16:58:00,3189.19,3189.41,3188.31,3188.33,232,20.7
2026-03-27 16:59:00,3188.33,3188.4,3187.87,3188.13,336,21.2
2026-03-27 17:00:00,3188.13,3188.75,3187.86,3188.26,148,27.9
2026-03-27 17:01:00,3188.26,3188.51,3187.92,3188.46,174,27.4
2026-03-27 17:02:00,3188.46,3188.65,3188.45,3188.49,135,23.6
2026-03-27 17:03:00,3188.49,3188.51,3188.38,3188.51,127,25.2
2026-03-27 17:04:00,3188.51,3189.0,3188.4,3188.73,209,29.9
2026-03-27 17:05:00,3188.73,3188.75,3188.56,3188.62,52,27.6
2026-03-27 17:06:00,3188.62,3188.69,3188.36,3188.45,235,26.1
2026-03-27 17:07:00,3188.45,3188.69,3187.72,3188.16,170,25.9
2026-03-27 17:08:00,3188.16,3188.3,3188.04,3188.24,171,25.8
2026-03-27 17:09:00,3188.24,3188.68,3188.13,3188.55,204,25.3
2026-03-27 17:10:00,3188.55,3188.66,3188.22,3188.24,180,24.0
2026-03-27 17:11:00,3188.24,3188.35,3188.21,3188.34,61,27.2
2026-03-27 17:12:00,3188.34,3188.51,3188.33,3188.5,108,23.9
2026-03-27 17:13:00,3188.5,3188.54,3187.93,3188.3,267,24.9
2026-03-27 17:14:00,3188.3,3188.36,3188.1,3188.15,200,27.5
2026-03-27 17:15:00,3188.15,3188.51,3187.63,3187.89,118,24.5
2026-03-27 17:16:00,3187.89,3187.92,3187.85,3187.89,224,25.5
2026-03-27 17:17:00,3187.89,3188.04,3187.75,3188.03,185,26.5
2026-03-27 17:18:00,3188.03,3188.09,3187.85,3187.86,66,23.0
2026-03-27 17:19:00,3187.86,3188.36,3187.26,3188.19,53,24.5
2026-03-27 17:20:00,3188.19,3188.63,3188.15,3188.33,134,28.0
2026-03-27 17:21:00,3188.33,3188.41,3188.25,3188.29,206,25.3
2026-03-27 17:22:00,3188.29,3188.57,3188.28,3188.44,141,22.5
2026-03-27 17:23:00,3188.44,3188.59,3188.34,3188.54,194,28.6
2026-03-27 17:24:00,3188.54,3189.09,3188.4,3188.63,115,24.0
2026-03-27 17:25:00,3188.63,3189.31,3188.59,3189.07,161,23.9
2026-03-27 17:26:00,3189.07,3189.1,3188.76,3188.88,243,25.9
2026-03-27 17:27:00,3188.88,3188.95,3188.52,3188.57,186,28.2
2026-03-27 17:28:00,3188.57,3188.89,3188.51,3188.74,80,29.4
2026-03-27 17:29:00,3188.74,3188.74,3188.7,3188.73,87,25.6
2026-03-27 17:30:00,3188.73,3189.26,3188.19,3188.8,254,29.6
2026-03-27 17:31:00,3188.8,3189.17,3188.44,3188.88,246,25.7
2026-03-27 17:32:00,3188.88,3189.29,3188.82,3189.09,188,24.7
2026-03-27 17:33:00,3189.09,3189.25,3189.03,3189.23,73,24.0
2026-03-27 17:34:00,3189.23,3189.35,3189.11,3189.3,197,23.1
2026-03-27 17:35:00,3189.3,3189.48,3188.84,3189.01,84,29.1
2026-03-27 17:36:00,3189.01,3189.01,3188.83,3188.91,238,28.2
2026-03-27 17:37:00,3188.91,3189.14,3188.4,3188.76,265,28.0
2026-03-27 17:38:00,3188.76,3188.81,3188.72,3188.74,59,25.0
2026-03-27 17:39:00,3188.74,3188.75,3188.52,3188.56,236,22.1
2026-03-27 17:40:00,3188.56,3188.75,3188.56,3188.58,240,22.7
2026-03-27 17:41:00,3188.58,3189.3,3188.3,3188.99,267,27.3
2026-03-27 17:42:00,3188.99,3189.12,3188.93,3189.06,194,29.5
2026-03-27 17:43:00,3189.06,3190.03,3188.57,3189.14,125,26.7
2026-03-27 17:44:00,3189.14,3189.16,3188.96,3189.02,203,26.7
2026-03-27 17:45:00,3189.02,3189.13,3188.62,3188.85,207,24.3
2026-03-27 17:46:00,3188.85,3188.85,3188.81,3188.81,243,23.7
2026-03-27 17:47:00,3188.81,3189.1,3188.66,3188.86,73,24.5
2026-03-27 17:48:00,3188.86,3189.5,3188.86,3189.23,109,22.5
2026-03-27 17:49:00,3189.23,3189.34,3188.87,3188.93,194,29.6
2026-03-27 17:50:00,3188.93,3188.98,3188.9,3188.95,270,23.1
2026-03-27 17:51:00,3188.95,3189.07,3188.7,3188.86,153,25.5
2026-03-27 17:52:00,3188.86,3189.14,3188.8,3189.13,165,24.5
2026-03-27 17:53:00,3189.13,3189.55,3188.81,3188.89,158,26.6
2026-03-27 17:54:00,3188.89,3188.92,3188.86,3188.92,260,25.6
2026-03-27 17:55:00,3188.92,3189.06,3188.9,3189.03,244,25.2
2026-03-27 17:56:00,3189.03,3189.11,3188.72,3188.87,178,28.7
2026-03-27 17:57:00,3188.87,3189.42,3188.64,3189.16,124,25.6
2026-03-27 17:58:00,3189.16,3189.58,3188.94,3189.56,233,26.2
2026-03-27 17:59:00,3189.56,3189.71,3189.54,3189.63,213,26.2
2026-03-27 18:00:00,3189.63,3189.74,3189.37,3189.44,234,24.1
2026-03-27 18:01:00,3189.44,3189.68,3189.09,3189.44,135,25.1
2026-03-27 18:02:00,3189.44,3189.71,3189.42,3189.71,157,27.9
2026-03-27 18:03:00,3189.71,3190.03,3189.66,3189.95,140,27.2
2026-03-27 18:04:00,3189.95,3189.98,3189.65,3189.85,192,26.1
2026-03-27 18:05:00,3189.85,3190.56,3189.71,3190.27,117,22.8
2026-03-27 18:06:00,3190.27,3190.37,3189.83,3190.18,190,24.6
2026-03-27 18:07:00,3190.18,3190.97,3190.17,3190.68,150,27.3
2026-03-27 18:08:00,3190.68,3190.71,3190.33,3190.41,122,27.8
2026-03-27 18:09:00,3190.41,3190.48,3190.41,3190.47,258,22.2
2026-03-27 18:10:00,3190.47,3190.67,3190.42,3190.6,171,23.2
2026-03-27 18:11:00,3190.6,3190.84,3190.56,3190.84,225,25.6
2026-03-27 18:12:00,3190.84,3190.9,3190.47,3190.61,144,27.0
2026-03-27 18:13:00,3190.61,3191.38,3190.43,3191.09,216,29.4
2026-03-27 18:14:00,3191.09,3191.36,3191.04,3191.35,108,25.5
2026-03-27 18:15:00,3191.35,3192.06,3191.08,3191.74,131,25.3
2026-03-27 18:16:00,3191.74,3192.35,3191.65,3192.28,55,27.7
2026-03-27 18:17:00,3192.28,3192.3,3192.13,3192.14,176,25.6
2026-03-27 18:18:00,3192.14,3192.62,3192.02,3192.41,226,23.3
2026-03-27 18:19:00,3192.41,3192.74,3192.41,3192.66,250,25.0
2026-03-27 18:20:00,3192.66,3194.11,3192.19,3193.01,107,29.3
2026-03-27 18:21:00,3193.01,3193.45,3192.96,3193.3,68,23.0
2026-03-27 18:22:00,3193.3,3194.02,3193.23,3193.87,137,22.2
2026-03-27 18:23:00,3193.87,3194.35,3193.72,3194.0,87,24.4
2026-03-27 18:24:00,3194.0,3194.08,3193.77,3193.85,226,24.9
2026-03-27 18:25:00,3193.85,3193.93,3193.32,3193.39,63,26.6
2026-03-27 18:26:00,3193.39,3193.6,3193.38,3193.54,110,27.4
2026-03-27 18:27:00,3193.54,3194.23,3193.51,3194.12,77,28.3
2026-03-27 18:28:00,3194.12,3194.59,3194.08,3194.46,136,24.0
2026-03-27 18:29:00,3194.46,3194.54,3194.3,3194.32,223,24.3
2026-03-27 18:30:00,3194.32,3194.54,3193.82,3194.09,220,29.1
2026-03-27 18:31:00,3194.09,3194.18,3193.77,3193.78,125,22.5
2026-03-27 18:32:00,3193.78,3193.99,3193.76,3193.88,92,29.5
2026-03-27 18:33:00,3193.88,3194.15,3193.8,3194.04,135,24.7
2026-03-27 18:34:00,3194.04,3194.14,3193.9,3194.01,108,27.0
2026-03-27 18:35:00,3194.01,3194.54,3193.87,3194.35,216,29.4
2026-03-27 18:36:00,3194.35,3194.69,3194.29,3194.59,74,27.0
2026-03-27 18:37:00,3194.59,3194.89,3194.48,3194.86,235,29.1
2026-03-27 18:38:00,3194.86,3194.94,3194.49,3194.6,197,22.3
2026-03-27 18:39:00,3194.6,3194.68,3194.53,3194.64,54,27.2
2026-03-27 18:40:00,3194.64,3194.77,3193.98,3194.1,246,24.1
2026-03-27 18:41:00,3194.1,3194.23,3194.03,3194.14,99,22.1
2026-03-27 18:42:00,3194.14,3194.65,3193.85,3194.35,230,28.5
2026-03-27 18:43:00,3194.35,3194.62,3193.98,3194.33,63,24.4
2026-03-27 18:44:00,3194.33,3194.39,3193.86,3193.96,137,22.3
2026-03-27 18:45:00,3193.96,3194.32,3193.9,3194.21,71,22.6
2026-03-27 18:46:00,3194.21,3194.64,3194.06,3194.35,111,26.8
2026-03-27 18:47:00,3194.35,3194.74,3194.34,3194.61,125,28.1
2026-03-27 18:48:00,3194.61,3195.07,3194.14,3194.39,157,24.1
2026-03-27 18:49:00,3194.39,3194.43,3194.24,3194.31,258,27.4
2026-03-27 18:50:00,3194.31,3194.92,3194.3,3194.62,179,26.2
2026-03-27 18:51:00,3194.62,3194.64,3193.83,3193.95,232,23.9
2026-03-27 18:52:00,3193.95,3194.11,3193.91,3194.05,241,25.8
2026-03-27 18:53:00,3194.05,3194.74,3193.91,3194.57,49,26.2
2026-03-27 18:54:00,3194.57,3194.59,3194.51,3194.52,512,25.0
2026-03-27 18:55:00,3194.52,3194.6,3194.41,3194.6,45,27.5
2026-03-27 18:56:00,3194.6,3194.74,3194.37,3194.62,94,26.5
2026-03-27 18:57:00,3194.62,3195.08,3194.39,3194.81,178,24.3
2026-03-27 18:58:00,3194.81,3194.88,3194.26,3194.45,104,23.2
2026-03-27 18:59:00,3194.45,3194.75,3194.36,3194.69,212,28.6
2026-03-27 19:00:00,3194.69,3194.71,3194.55,3194.62,200,29.5
2026-03-27 19:01:00,3194.62,3194.86,3193.83,3194.08,124,28.4
2026-03-27 19:02:00,3194.08,3194.38,3194.03,3194.32,161,22.8
2026-03-27 19:03:00,3194.32,3194.46,3194.1,3194.17,188,22.2
2026-03-27 19:04:00,3194.17,3194.27,3194.1,3194.24,87,25.2
2026-03-27 19:05:00,3194.24,3194.42,3194.18,3194.37,203,26.8
2026-03-27 19:06:00,3194.37,3194.66,3194.34,3194.62,78,27.6
2026-03-27 19:07:00,3194.62,3195.44,3194.57,3195.14,245,28.2
2026-03-27 19:08:00,3195.14,3195.2,3194.86,3194.9,206,29.5
2026-03-27 19:09:00,3194.9,3195.09,3194.88,3194.99,265,28.3
2026-03-27 19:10:00,3194.99,3195.02,3194.87,3194.94,45,26.7
2026-03-27 19:11:00,3194.94,3195.22,3194.88,3195.05,177,29.6
2026-03-27 19:12:00,3195.05,3195.41,3194.98,3195.31,254,28.0
2026-03-27 19:13:00,3195.31,3195.34,3195.01,3195.14,179,27.3
2026-03-27 19:14:00,3195.14,3195.39,3195.07,3195.38,94,26.3
2026-03-27 19:15:00,3195.38,3195.52,3194.85,3195.34,59,27.6
2026-03-27 19:16:00,3195.34,3195.49,3194.97,3195.32,217,25.7
2026-03-27 19:17:00,3195.32,3195.58,3194.89,3195.04,146,29.5
2026-03-27 19:18:00,3195.04,3195.88,3194.53,3195.21,228,27.9
2026-03-27 19:19:00,3195.21,3195.49,3195.21,3195.41,106,22.8
2026-03-27 19:20:00,3195.41,3195.68,3195.37,3195.63,72,27.4
2026-03-27 19:21:00,3195.63,3195.7,3195.58,3195.6,78,25.8
2026-03-27 19:22:00,3195.6,3195.66,3195.3,3195.37,154,23.5
2026-03-27 19:23:00,3195.37,3196.54,3195.08,3196.04,51,26.1
2026-03-27 19:24:00,3196.04,3196.17,3196.02,3196.13,128,24.1
2026-03-27 19:25:00,3196.13,3196.53,3196.09,3196.41,83,27.8
2026-03-27 19:26:00,3196.41,3196.54,3196.19,3196.24,143,22.2
2026-03-27 19:27:00,3196.24,3197.14,3196.22,3196.65,145,29.9
2026-03-27 19:28:00,3196.65,3197.67,3196.04,3197.33,90,26.8
2026-03-27 19:29:00,3197.33,3197.51,3196.89,3197.18,243,24.1
2026-03-27 19:30:00,3197.18,3197.35,3196.89,3196.97,229,23.9
2026-03-27 19:31:00,3196.97,3197.04,3196.72,3196.73,257,26.6
2026-03-27 19:32:00,3196.73,3196.85,3196.22,3196.37,84,26.6
2026-03-27 19:33:00,3196.37,3196.4,3195.74,3195.91,176,29.4
2026-03-27 19:34:00,3195.91,3195.94,3195.8,3195.93,129,29.8
2026-03-27 19:35:00,3195.93,3196.08,3195.46,3195.53,212,26.8
2026-03-27 19:36:00,3195.53,3195.74,3195.47,3195.6,204,22.8
2026-03-27 19:37:00,3195.6,3196.04,3195.6,3195.92,107,25.1
2026-03-27 19:38:00,3195.92,3196.87,3195.74,3196.37,63,25.6
2026-03-27 19:39:00,3196.37,3196.51,3196.25,3196.42,241,27.6
2026-03-27 19:40:00,3196.42,3196.92,3196.22,3196.54,1936,23.9
2026-03-27 19:41:00,3196.54,3196.66,3196.35,3196.6,147,25.1
2026-03-27 19:42:00,3196.6,3196.61,3196.51,3196.55,270,28.8
2026-03-27 19:43:00,3196.55,3197.16,3196.41,3196.89,117,25.0
2026-03-27 19:44:00,3196.89,3196.9,3195.99,3196.74,71,29.5
2026-03-27 19:45:00,3196.74,3196.92,3196.72,3196.88,269,23.2
2026-03-27 19:46:00,3196.88,3196.91,3196.8,3196.84,239,28.4
2026-03-27 19:47:00,3196.84,3197.49,3196.77,3197.36,239,29.4
2026-03-27 19:48:00,3197.36,3197.37,3197.11,3197.2,104,24.7
2026-03-27 19:49:00,3197.2,3197.72,3197.06,3197.43,138,29.5
2026-03-27 19:50:00,3197.43,3197.55,3197.01,3197.04,71,22.4
2026-03-27 19:51:00,3197.04,3197.13,3196.88,3197.02,250,23.2
2026-03-27 19:52:00,3197.02,3197.49,3196.83,3197.33,245,24.5
2026-03-27 19:53:00,3197.33,3197.37,3197.11,3197.19,259,29.1
2026-03-27 19:54:00,3197.19,3197.4,3196.96,3197.06,156,28.4
2026-03-27 19:55:00,3197.06,3197.12,3196.98,3196.99,151,23.6
2026-03-27 19:56:00,3196.99,3197.28,3195.66,3196.5,124,29.7
2026-03-27 19:57:00,3196.5,3197.34,3196.25,3196.71,175,26.8
2026-03-27 19:58:00,3196.71,3196.77,3196.65,3196.73,58,24.7
2026-03-27 19:59:00,3196.73,3196.88,3196.47,3196.59,189,27.8
2026-03-27 20:00:00,3196.59,3197.03,3196.57,3196.74,251,25.6
2026-03-27 20:01:00,3196.74,3197.25,3196.69,3197.23,210,22.9
2026-03-27 20:02:00,3197.23,3197.29,3196.93,3196.97,264,29.0
2026-03-27 20:03:00,3196.97,3196.97,3196.77,3196.82,81,26.0
2026-03-27 20:04:00,3196.82,3196.83,3196.33,3196.63,256,27.5
2026-03-27 20:05:00,3196.63,3196.96,3196.36,3196.39,148,25.0
2026-03-27 20:06:00,3196.39,3196.41,3195.67,3195.91,179,27.3
2026-03-27 20:07:00,3195.91,3196.23,3195.79,3196.08,188,27.6
2026-03-27 20:08:00,3196.08,3196.45,3196.03,3196.3,127,22.2
2026-03-27 20:09:00,3196.3,3196.74,3196.28,3196.71,80,24.2
2026-03-27 20:10:00,3196.71,3196.82,3196.15,3196.27,45,23.1
2026-03-27 20:11:00,3196.27,3196.34,3195.98,3195.99,145,27.5
2026-03-27 20:12:00,3195.99,3196.26,3195.8,3196.08,118,27.4
2026-03-27 20:13:00,3196.08,3196.13,3195.9,3195.93,265,25.9
2026-03-27 20:14:00,3195.93,3195.99,3195.8,3195.85,234,24.8
2026-03-27 20:15:00,3195.85,3195.95,3195.12,3195.62,190,23.6
2026-03-27 20:16:00,3195.62,3196.17,3195.61,3196.01,208,29.1
2026-03-27 20:17:00,3196.01,3196.03,3195.63,3195.64,54,23.6
2026-03-27 20:18:00,3195.64,3195.79,3195.18,3195.24,178,28.4
2026-03-27 20:19:00,3195.24,3195.6,3194.89,3195.49,258,24.9
2026-03-27 20:20:00,3195.49,3195.54,3195.2,3195.3,202,29.7
2026-03-27 20:21:00,3195.3,3195.31,3194.5,3194.88,236,29.5
2026-03-27 20:22:00,3194.88,3194.93,3193.81,3194.39,81,25.6
2026-03-27 20:23:00,3194.39,3194.41,3194.22,3194.23,82,25.1
2026-03-27 20:24:00,3194.23,3194.69,3194.04,3194.49,197,22.5
2026-03-27 20:25:00,3194.49,3194.84,3194.27,3194.35,244,22.2
2026-03-27 20:26:00,3194.35,3194.46,3194.35,3194.35,199,26.3
2026-03-27 20:27:00,3194.35,3194.85,3194.0,3194.61,99,28.7
2026-03-27 20:28:00,3194.61,3194.63,3194.58,3194.59,111,25.4
2026-03-27 20:29:00,3194.59,3194.71,3194.55,3194.67,174,25.6
2026-03-27 20:30:00,3194.67,3194.88,3194.58,3194.8,77,23.3
2026-03-27 20:31:00,3194.8,3195.0,3194.3,3194.41,46,22.6
2026-03-27 20:32:00,3194.41,3194.86,3194.37,3194.57,251,26.8
2026-03-27 20:33:00,3194.57,3194.66,3194.52,3194.59,261,23.9
2026-03-27 20:34:00,3194.59,3194.62,3194.15,3194.26,146,22.7
2026-03-27 20:35:00,3194.26,3195.08,3194.13,3194.53,198,29.9
2026-03-27 20:36:00,3194.53,3194.64,3194.4,3194.44,266,23.4
2026-03-27 20:37:00,3194.44,3195.01,3194.43,3194.68,45,26.4
2026-03-27 20:38:00,3194.68,3194.98,3194.05,3194.23,116,22.9
2026-03-27 20:39:00,3194.23,3194.49,3193.62,3193.72,147,24.5
2026-03-27 20:40:00,3193.72,3194.12,3193.72,3193.86,88,24.9
2026-03-27 20:41:00,3193.86,3194.04,3193.19,3193.37,185,23.4
2026-03-27 20:42:00,3193.37,3193.55,3193.29,3193.35,62,24.8
2026-03-27 20:43:00,3193.35,3194.1,3193.33,3193.91,56,29.9
2026-03-27 20:44:00,3193.91,3194.75,3192.72,3193.8,149,25.9
2026-03-27 20:45:00,3193.8,3193.92,3193.61,3193.78,268,24.7
2026-03-27 20:46:00,3193.78,3193.94,3193.13,3193.39,259,25.5
2026-03-27 20:47:00,3193.39,3193.75,3193.35,3193.47,68,23.7
2026-03-27 20:48:00,3193.47,3193.76,3193.42,3193.65,140,25.4
2026-03-27 20:49:00,3193.65,3193.7,3193.13,3193.31,124,28.8
2026-03-27 20:50:00,3193.31,3194.35,3193.26,3193.95,264,27.1
2026-03-27 20:51:00,3193.95,3194.04,3193.6,3193.71,213,29.5
2026-03-27 20:52:00,3193.71,3193.95,3193.65,3193.9,239,29.0
2026-03-27 20:53:00,3193.9,3194.18,3193.75,3194.0,125,25.6
2026-03-27 20:54:00,3194.0,3194.06,3193.94,3194.01,140,29.5
2026-03-27 20:55:00,3194.01,3194.09,3193.6,3193.75,118,29.2
2026-03-27 20:56:00,3193.75,3193.88,3193.19,3193.4,139,25.3
2026-03-27 20:57:00,3193.4,3193.83,3193.32,3193.77,117,28.9
2026-03-27 20:58:00,3193.77,3193.98,3193.74,3193.91,105,29.0
2026-03-27 20:59:00,3193.91,3193.92,3193.41,3193.67,55,26.9
2026-03-27 21:00:00,3193.67,3193.9,3193.13,3193.24,207,24.4
2026-03-27 21:01:00,3193.24,3193.55,3193.17,3193.54,140,28.6
2026-03-27 21:02:00,3193.54,3194.02,3193.33,3194.01,86,25.7
2026-03-27 21:03:00,3194.01,3194.25,3193.78,3194.0,84,22.9
2026-03-27 21:04:00,3194.0,3194.12,3193.76,3193.9,251,27.4
2026-03-27 21:05:00,3193.9,3194.4,3193.25,3194.3,162,23.9
2026-03-27 21:06:00,3194.3,3194.34,3193.96,3194.17,120,26.7
2026-03-27 21:07:00,3194.17,3194.23,3194.01,3194.18,117,28.0
2026-03-27 21:08:00,3194.18,3194.5,3193.91,3194.33,237,27.1
2026-03-27 21:09:00,3194.33,3194.48,3193.98,3194.14,261,26.9
2026-03-27 21:10:00,3194.14,3194.2,3193.8,3193.87,200,28.1
2026-03-27 21:11:00,3193.87,3193.94,3193.5,3193.51,64,23.0
2026-03-27 21:12:00,3193.51,3193.52,3193.23,3193.32,142,24.4
2026-03-27 21:13:00,3193.32,3193.34,3193.18,3193.21,258,25.4
2026-03-27 21:14:00,3193.21,3193.92,3193.06,3193.6,240,24.5
2026-03-27 21:15:00,3193.6,3194.05,3193.56,3193.6,239,27.2
2026-03-27 21:16:00,3193.6,3193.68,3193.31,3193.36,182,26.9
2026-03-27 21:17:00,3193.36,3193.62,3193.36,3193.59,162,23.3
2026-03-27 21:18:00,3193.59,3193.99,3193.51,3193.7,175,28.5
2026-03-27 21:19:00,3193.7,3193.75,3193.55,3193.56,130,25.7
2026-03-27 21:20:00,3193.56,3193.98,3193.35,3193.82,219,24.7
2026-03-27 21:21:00,3193.82,3194.02,3193.11,3193.57,132,22.0
2026-03-27 21:22:00,3193.57,3194.03,3193.42,3193.73,93,22.2
2026-03-27 21:23:00,3193.73,3193.78,3193.39,3193.5,172,28.5
2026-03-27 21:24:00,3193.5,3193.62,3193.19,3193.3,81,28.8
2026-03-27 21:25:00,3193.3,3194.0,3192.99,3193.72,248,27.9
2026-03-27 21:26:00,3193.72,3193.84,3193.2,3193.42,182,26.8
2026-03-27 21:27:00,3193.42,3193.76,3192.65,3192.99,288,29.1
2026-03-27 21:28:00,3192.99,3193.04,3192.86,3192.91,104,27.7
2026-03-27 21:29:00,3192.91,3193.24,3192.8,3192.98,224,26.7
2026-03-27 21:30:00,3192.98,3193.27,3192.25,3192.52,90,27.6
2026-03-27 21:31:00,3192.52,3192.88,3191.99,3192.18,204,24.9
2026-03-27 21:32:00,3192.18,3192.33,3192.08,3192.11,163,27.9
2026-03-27 21:33:00,3192.11,3192.4,3191.48,3191.53,210,28.3
2026-03-27 21:34:00,3191.53,3191.67,3191.0,3191.09,99,28.4
2026-03-27 21:35:00,3191.09,3191.09,3190.35,3190.72,219,22.7
2026-03-27 21:36:00,3190.72,3190.78,3190.07,3190.24,219,23.2
2026-03-27 21:37:00,3190.24,3190.52,3190.12,3190.22,262,27.2
2026-03-27 21:38:00,3190.22,3190.52,3190.18,3190.51,112,27.9
2026-03-27 21:39:00,3190.51,3190.57,3189.56,3189.94,223,27.7
2026-03-27 21:40:00,3189.94,3189.95,3189.6,3189.74,229,26.5
2026-03-27 21:41:00,3189.74,3190.42,3189.48,3189.83,47,23.1
2026-03-27 21:42:00,3189.83,3189.96,3189.81,3189.91,207,28.9
2026-03-27 21:43:00,3189.91,3190.44,3189.85,3190.1,189,28.4
2026-03-27 21:44:00,3190.1,3190.13,3189.71,3189.87,58,23.9
2026-03-27 21:45:00,3189.87,3189.89,3189.74,3189.86,191,27.9
2026-03-27 21:46:00,3189.86,3189.87,3189.85,3189.85,81,23.8
2026-03-27 21:47:00,3189.85,3190.12,3189.71,3190.09,203,27.0
2026-03-27 21:48:00,3190.09,3190.1,3189.81,3189.92,46,25.3
2026-03-27 21:49:00,3189.92,3190.08,3189.92,3190.07,74,25.3
2026-03-27 21:50:00,3190.07,3190.16,3190.05,3190.1,233,25.7
2026-03-27 21:51:00,3190.1,3190.13,3189.59,3189.82,249,23.2
2026-03-27 21:52:00,3189.82,3189.99,3189.79,3189.89,256,22.4
2026-03-27 21:53:00,3189.89,3190.01,3189.47,3189.77,233,29.9
2026-03-27 21:54:00,3189.77,3189.94,3189.31,3189.44,198,28.7
2026-03-27 21:55:00,3189.44,3189.57,3189.23,3189.37,152,26.7
2026-03-27 21:56:00,3189.37,3189.44,3189.31,3189.37,200,27.3
2026-03-27 21:57:00,3189.37,3189.47,3189.0,3189.14,261,28.7
2026-03-27 21:58:00,3189.14,3189.36,3189.05,3189.3,156,25.1
2026-03-27 21:59:00,3189.3,3189.46,3189.27,3189.41,207,22.5
2026-03-27 22:00:00,3189.41,3189.45,3189.19,3189.19,77,28.0
2026-03-27 22:01:00,3189.19,3189.23,3189.1,3189.13,76,29.2
2026-03-27 22:02:00,3189.13,3189.3,3189.04,3189.16,70,22.6
2026-03-27 22:03:00,3189.16,3189.21,3189.07,3189.13,33,26.2
2026-03-27 22:04:00,3189.13,3189.14,3189.07,3189.08,36,30.0
2026-03-27 22:05:00,3189.08,3189.08,3188.49,3188.63,73,29.8
2026-03-27 22:06:00,3188.63,3188.71,3188.6,3188.7,66,24.2
2026-03-27 22:07:00,3188.7,3188.74,3188.68,3188.74,42,22.3
2026-03-27 22:08:00,3188.74,3188.75,3188.54,3188.62,81,22.4
2026-03-27 22:09:00,3188.62,3188.88,3188.31,3188.39,117,27.0
2026-03-27 22:10:00,3188.39,3188.61,3188.35,3188.49,56,22.8
2026-03-27 22:11:00,3188.49,3188.51,3188.39,3188.47,42,26.4
2026-03-27 22:12:00,3188.47,3188.54,3188.26,3188.29,26,22.7
2026-03-27 22:13:00,3188.29,3188.36,3188.06,3188.14,119,24.8
2026-03-27 22:14:00,3188.14,3188.4,3188.09,3188.16,32,22.7
2026-03-27 22:15:00,3188.16,3188.22,3188.1,3188.19,20,29.1
2026-03-27 22:16:00,3188.19,3188.31,3188.03,3188.09,102,23.5
2026-03-27 22:17:00,3188.09,3188.14,3187.92,3187.94,80,23.5
2026-03-27 22:18:00,3187.94,3188.07,3187.84,3187.89,49,27.0
2026-03-27 22:19:00,3187.89,3188.39,3187.71,3188.1,23,28.2
2026-03-27 22:20:00,3188.1,3188.31,3188.04,3188.26,42,26.9
2026-03-27 22:21:00,3188.26,3188.36,3188.24,3188.34,70,27.2
2026-03-27 22:22:00,3188.34,3188.47,3188.11,3188.32,32,23.4
2026-03-27 22:23:00,3188.32,3188.57,3188.17,3188.45,75,22.7
2026-03-27 22:24:00,3188.45,3188.47,3188.37,3188.39,71,25.5
2026-03-27 22:25:00,3188.39,3188.41,3188.32,3188.35,86,27.3
2026-03-27 22:26:00,3188.35,3188.57,3188.31,3188.45,103,23.4
2026-03-27 22:27:00,3188.45,3188.48,3188.44,3188.46,71,23.7
2026-03-27 22:28:00,3188.46,3188.47,3188.2,3188.25,25,22.9
2026-03-27 22:29:00,3188.25,3188.38,3188.24,3188.37,26,24.4
2026-03-27 22:30:00,3188.37,3188.4,3188.37,3188.37,138,28.9
2026-03-27 22:31:00,3188.37,3188.55,3188.24,3188.48,44,28.9
2026-03-27 22:32:00,3188.48,3188.59,3188.22,3188.29,85,29.5
2026-03-27 22:33:00,3188.29,3188.34,3188.19,3188.31,71,22.7
2026-03-27 22:34:00,3188.31,3188.51,3188.3,3188.47,36,25.1
2026-03-27 22:35:00,3188.47,3188.7,3188.14,3188.24,31,23.5
2026-03-27 22:36:00,3188.24,3188.43,3188.01,3188.2,25,26.8
2026-03-27 22:37:00,3188.2,3188.22,3188.15,3188.18,66,23.2
2026-03-27 22:38:00,3188.18,3188.41,3188.14,3188.33,53,26.5
2026-03-27 22:39:00,3188.33,3188.4,3188.17,3188.24,88,29.1
2026-03-27 22:40:00,3188.24,3188.28,3188.22,3188.27,117,25.0
2026-03-27 22:41:00,3188.27,3188.3,3188.06,3188.14,107,23.7
2026-03-27 22:42:00,3188.14,3188.39,3187.96,3188.24,108,23.3
2026-03-27 22:43:00,3188.24,3188.28,3188.15,3188.18,27,28.8
2026-03-27 22:44:00,3188.18,3188.23,3187.99,3188.08,97,27.2
2026-03-27 22:45:00,3188.08,3188.08,3187.98,3188.01,63,27.8
2026-03-27 22:46:00,3188.01,3188.05,3187.86,3187.89,28,29.9
2026-03-27 22:47:00,3187.89,3188.06,3187.8,3188.0,39,29.5
2026-03-27 22:48:00,3188.0,3188.02,3187.67,3187.84,32,28.0
2026-03-27 22:49:00,3187.84,3187.87,3187.79,3187.82,38,28.8
2026-03-27 22:50:00,3187.82,3187.85,3187.77,3187.8,20,22.8
2026-03-27 22:51:00,3187.8,3187.83,3187.43,3187.59,82,22.2
2026-03-27 22:52:00,3187.59,3187.65,3187.32,3187.35,73,22.5
2026-03-27 22:53:00,3187.35,3187.37,3187.23,3187.3,42,25.0
2026-03-27 22:54:00,3187.3,3187.37,3187.07,3187.19,97,24.6
2026-03-27 22:55:00,3187.19,3187.21,3187.07,3187.08,79,24.1
2026-03-27 22:56:00,3187.08,3187.09,3187.05,3187.08,61,22.5
2026-03-27 22:57:00,3187.08,3187.14,3186.92,3186.96,102,26.7
2026-03-27 22:58:00,3186.96,3187.05,3186.65,3186.78,98,29.4
2026-03-27 22:59:00,3186.78,3186.8,3186.74,3186.74,107,22.5
2026-03-27 23:00:00,3186.74,3186.79,3186.58,3186.6,117,25.5
2026-03-27 23:01:00,3186.6,3186.75,3186.15,3186.34,62,29.2
2026-03-27 23:02:00,3186.34,3186.36,3186.21,3186.22,112,27.2
2026-03-27 23:03:00,3186.22,3186.34,3185.95,3186.08,100,29.0
2026-03-27 23:04:00,3186.08,3186.18,3185.87,3185.99,66,26.9
2026-03-27 23:05:00,3185.99,3186.07,3185.98,3186.04,27,23.6
2026-03-27 23:06:00,3186.04,3186.2,3186.03,3186.12,118,27.0
2026-03-27 23:07:00,3186.12,3186.3,3186.11,3186.15,25,27.7
2026-03-27 23:08:00,3186.15,3186.21,3186.1,3186.11,94,25.9
2026-03-27 23:09:00,3186.11,3186.17,3186.08,3186.1,29,27.8
2026-03-27 23:10:00,3186.1,3186.43,3185.9,3186.23,30,28.7
2026-03-27 23:11:00,3186.23,3186.24,3186.02,3186.08,101,25.3
2026-03-27 23:12:00,3186.08,3186.17,3186.07,3186.12,55,25.8
2026-03-27 23:13:00,3186.12,3186.13,3186.1,3186.1,119,25.9
2026-03-27 23:14:00,3186.1,3186.1,3185.96,3186.01,25,26.9
2026-03-27 23:15:00,3186.01,3186.06,3185.81,3185.89,58,23.7
2026-03-27 23:16:00,3185.89,3185.96,3185.87,3185.93,66,22.6
2026-03-27 23:17:00,3185.93,3185.94,3185.72,3185.92,96,26.0
2026-03-27 23:18:00,3185.92,3186.16,3185.75,3185.96,24,27.8
2026-03-27 23:19:00,3185.96,3186.09,3185.93,3186.05,97,28.8
2026-03-27 23:20:00,3186.05,3186.16,3186.02,3186.14,20,26.4
2026-03-27 23:21:00,3186.14,3186.22,3186.11,3186.18,26,29.3
2026-03-27 23:22:00,3186.18,3186.19,3186.12,3186.14,63,29.8
2026-03-27 23:23:00,3186.14,3186.24,3186.14,3186.23,58,23.4
2026-03-27 23:24:00,3186.23,3186.44,3186.22,3186.37,65,23.1
2026-03-27 23:25:00,3186.37,3186.37,3186.12,3186.33,103,22.5
2026-03-27 23:26:00,3186.33,3186.35,3186.32,3186.35,48,28.8
2026-03-27 23:27:00,3186.35,3186.49,3186.03,3186.18,100,23.3
2026-03-27 23:28:00,3186.18,3186.23,3186.16,3186.21,83,24.6
2026-03-27 23:29:00,3186.21,3186.29,3185.96,3186.04,45,24.6
2026-03-27 23:30:00,3186.04,3186.09,3186.02,3186.09,52,23.1
2026-03-27 23:31:00,3186.09,3186.77,3185.76,3186.38,105,25.5
2026-03-27 23:32:00,3186.38,3186.38,3186.29,3186.3,73,25.2
2026-03-27 23:33:00,3186.3,3186.44,3186.07,3186.13,72,25.4
2026-03-27 23:34:00,3186.13,3186.15,3186.11,3186.11,114,23.4
2026-03-27 23:35:00,3186.11,3186.12,3185.87,3185.95,59,24.4
2026-03-27 23:36:00,3185.95,3185.95,3185.92,3185.94,100,28.9
2026-03-27 23:37:00,3185.94,3186.03,3185.55,3185.8,26,28.8
2026-03-27 23:38:00,3185.8,3185.8,3185.75,3185.77,80,27.1
2026-03-27 23:39:00,3185.77,3186.35,3185.63,3186.22,46,24.1
2026-03-27 23:40:00,3186.22,3186.52,3185.96,3186.41,84,29.3
2026-03-27 23:41:00,3186.41,3186.87,3186.31,3186.78,41,24.8
2026-03-27 23:42:00,3186.78,3187.33,3186.68,3187.16,102,23.4
2026-03-27 23:43:00,3187.16,3187.47,3186.9,3187.35,84,25.0
2026-03-27 23:44:00,3187.35,3187.83,3187.21,3187.56,54,26.0
2026-03-27 23:45:00,3187.56,3188.11,3187.45,3187.97,35,27.2
2026-03-27 23:46:00,3187.97,3188.49,3187.85,3188.24,56,28.8
2026-03-27 23:47:00,3188.24,3188.75,3187.72,3188.63,33,23.6
2026-03-27 23:48:00,3188.63,3189.16,3188.55,3189.08,36,24.4
2026-03-27 23:49:00,3189.08,3189.45,3188.98,3189.29,103,28.2
2026-03-27 23:50:00,3189.29,3189.56,3189.15,3189.44,120,25.9
2026-03-27 23:51:00,3189.44,3189.85,3189.39,3189.82,84,27.6
2026-03-27 23:52:00,3189.82,3190.17,3189.7,3190.09,30,25.2
2026-03-27 23:53:00,3190.09,3190.32,3190.04,3190.31,74,29.0
2026-03-27 23:54:00,3190.31,3190.64,3190.25,3190.6,31,25.0
2026-03-27 23:55:00,3190.6,3191.0,3190.59,3190.89,99,25.7
2026-03-27 23:56:00,3190.89,3190.99,3190.87,3190.96,96,23.6
2026-03-27 23:57:00,3190.96,3191.13,3190.94,3191.07,23,28.3
2026-03-27 23:58:00,3191.07,3191.56,3191.02,3191.35,21,26.8
2026-03-27 23:59:00,3191.35,3191.67,3191.29,3191.58,54,25.7
